,"You can edit only 4000 items at once. For editing more than 4000 items, please contact our support team at 7400417400. [Batched Items cannot be edited]",,,,,,,,,,,,,,,
,,,,,,,,,,,,,,,,
Item ID,"Item Name*
(mandatory field)",Description,Category,Item code,HSN Code,GST Tax Rate(%),Sales Price,Sales Tax inclusive,Purchase Price,Purchase Tax inclusive,MRP,Current stock,Low stock alert quantity,Visible on Online Store?,Discount,PART NO.
af105bc2-7c02-4660-8cd4-1a524cf729db,3ACES BRONZE BAG,,BAGS ALL,739433256321,,0.00,825,Inclusive,480,Inclusive,0,1,,No,0,
5f276bf2-25c9-460c-b16b-0991c71915cf,3ACES LEATHER PATTI BAG,,BAGS ALL,598041914877,,0.00,375,Inclusive,210,Inclusive,0,1,,No,0,
67e40e74-9786-4137-94bf-5ae50ed8b931,3ACES LEATHER SPECIAL,,BAGS ALL,507297188321,,0.00,450,Inclusive,280,Inclusive,0,0,,No,0,
fe39e3d8-8a36-48fb-8440-55a06d9ef6ba,3ACES MATTI PATTI BAG,,BAGS ALL,748964391691,,0.00,355,Inclusive,195,Inclusive,0,1,,No,0,
cd6c92a9-a50e-4387-9f9e-25089f8f99c0,3ACES MOMENTS BAG,,BAGS ALL,409212220666,,0.00,525,Inclusive,325,Inclusive,0,1,,No,0,
bcf374ae-a069-47f9-8134-e1f43b4d5113,3ACES   MONSTER BAG,,BAGS ALL,324235226842,,0.00,455,Inclusive,290,Inclusive,0,1,,No,0,
72395503-5b29-4475-8932-97c336b1cfed,3ACES ZIGMA BAG,,BAGS ALL,651589733126,,0.00,430,Inclusive,280,Inclusive,0,1,,No,0,
e69c63f4-551f-4ca3-91be-e8d256c71404,4S BRAKE PADEL,,BRAKE PEDAL ALL,873481487012,,0.00,260,Inclusive,0,Inclusive,0,1,,No,0,
477519b4-f434-4db7-b7c2-5bf0bf026da1,AAA SUPER XL M STAND,,MAIN STAND ALL,AAA0250,,0.00,280,Inclusive,0,Inclusive,0,1,,No,0,
bbfe9bf2-5495-4e7e-a50a-9744b7382a81,AAA XL 100 M STAND ,,MAIN STAND ALL,AAA0156,,0.00,290,Inclusive,0,Inclusive,0,1,,No,0,
2eefa22f-4517-4271-8dad-bc1f875779e9,AAA XL HANDLE BAR,,HANDLE BAR,AAA5487,,0.00,380,Inclusive,0,Inclusive,0,1,,No,0,
1f3e63e9-598b-4150-b2df-9ce7e474c5b2,ACCESS BS6 FOOTRACE,,FOOTRACE ALL,717016803463,,0.00,670,Inclusive,0,Inclusive,0,1,,No,0,
6611dbf2-4ae0-4afe-af62-016f220a4151,ACCESS FOOTRACE,,FOOTRACE ALL,72630153644,,0.00,535,Inclusive,0,Inclusive,0,1,,No,0,
bb8a17a6-e64f-4a06-9c32-110315f520fc,ACCESS TIMING PATTI,,TVS ALL ENGINE SPARE,351537630154,,0.00,62,Inclusive,0,Inclusive,0,3,,No,0,
a8b5628c-77a7-433e-9f98-08ff4b2fdcb3,ACCURA CT100 DLX BLK/RED,,SIDE PANEL CT 100,ACC695B,,0.00,612,Inclusive,0,Inclusive,0,1,,No,0,
7cf64022-c75a-4406-9ac2-b6e5fb4bb3f5,ACCURA SHINE N/M METER CASE,,METER CASE ALL,ACC217,,0.00,315,Inclusive,0,Inclusive,0,1,,No,0,
96043914-9316-4195-9e6a-5e7ffeca7544,ACCURA STAR CITY  METER ASSLY,,METER ASSLY ALL,ACC130A,,0.00,911,Inclusive,0,Inclusive,0,1,,No,0,
e12407ac-84dc-42bf-849d-c705c3411078,ACCURATE 4S FOOTRACE ,,FOOTRACE ALL,248538897278,,0.00,375,Inclusive,0,Inclusive,0,3,,No,0,
41c2d575-cdb0-45e6-b4ce-25ac0257d47b,ACCURATEDIS 100 GEAR LEVER,,GEAR LEVER BAJAJ,03290,,0.00,158,Inclusive,0,Inclusive,0,1,,No,0,
4c480007-6b4d-47f2-aad6-7069561a1732,ACCURATE DIS 100 MAIN STAND ,,MAIN STAND ALL,316702244295,,0.00,500,Inclusive,0,Inclusive,0,0,,No,0,
80b4fb9c-298b-46ba-ab19-5fca3aa9e2d1,ACCURATE DIS100/XCD KICK,,KICK ALL,03174,,0.00,356,Inclusive,0,Inclusive,0,4,,No,0,
233c115c-62be-489c-9397-5166a7a89297,ACCURATE SHINE KICK,,KICK ALL,05227,,0.00,488,Inclusive,0,Inclusive,0,0,,No,0,
1bcb7112-78b7-4c98-9f63-9a82c9ddeabf,ACCURATE STAR CITY FOOTRACE BAR,,FOOTRACE ALL,91354373876,,0.00,375,Inclusive,0,Inclusive,0,0,,No,0,
dc8fdcf2-8fe8-4d43-95e0-6719de01e165,ACCURATE STAR MAIN STAND ,,MAIN STAND ALL,342287867458,,0.00,510,Inclusive,0,Inclusive,0,2,,No,0,
ec7d8a36-dc6b-49df-b722-2c024e121955,ACCURATE STAR SPORT GEAR  LEVER,,GEAR LEVER TVS/HH,08670,,0.00,163,Inclusive,0,Inclusive,0,1,,No,0,
49bdefc0-98f2-4908-89cf-44646b52d96c,ACCURATE XCD 125 FOTRACE,,FOOTRACE ALL,15631348473,,0.00,442,Inclusive,0,Inclusive,0,2,,No,0,
fd1afa1f-5e09-4cef-bc87-423985174407,ACTIVA 5G FOOTRACE,,FOOTRACE ALL,690371199715,,0.00,670,Inclusive,0,Inclusive,0,1,,No,0,
6478f7ea-db07-477c-ae71-79909c0aac10,ACTIVA 6G  FOOTRACE ,,FOOTRACE ALL,925821084428,,0.00,465,Inclusive,0,Inclusive,0,1,,No,0,
937839b9-003c-415b-9d44-0a9c121c61dd,ACTIVA BLOCK PISTON,,BLOCK PISTON,01210KWP9D00,,0.00,3560,Inclusive,0,Inclusive,0,1,,No,0,
1cc35881-2bd5-4bab-8265-cd684a584934,ACTIVA BS6 FOOTRACE,,FOOTRACE ALL,848892272655,,0.00,630,Inclusive,0,Inclusive,0,2,,No,0,
7b16074c-4276-40ee-b865-f58d9aa155a9,ACTIVA FOOTRACE,,FOOTRACE ALL,352469047832,,0.00,595,Inclusive,0,Inclusive,0,1,,No,0,
6f6d19e0-1900-4f0b-81b0-8fbf5da9bc49,ACTIVA FOOTRACE ,,FOOTRACE ALL,961590466058,,0.00,670,Inclusive,0,Inclusive,0,0,,No,0,
2fa5a74f-4d1b-45a3-8e03-54d7585e3fac,ACTIVA GEAR BOX PAK,,MAGNET PACKING ALL,440648513402,,0.00,33,Inclusive,0,Inclusive,0,1,,No,0,
a3eac884-4469-4c33-bfd9-3107a734c3fd,ACTIVA GEAR BOX PAK,,MAGNET PACKING ALL,804418329481,,0.00,30,Inclusive,0,Inclusive,0,9,,No,0,
f8f9917d-9325-439e-8345-2bcd89a1cf7f,activa stand assy. ,,SIDE STAND TVS/HH/MOPED,MAC711A,,0.00,260,Inclusive,0,Inclusive,0,3,,No,0,
03e457bb-da91-47f2-bb51-577bb67e1721,ADVIK ALL SCOOTER P. TAP,,PETROL TAP,A555,,0.00,209,Inclusive,0,Inclusive,0,3,,No,0,
eccf28a9-3a2a-4a16-8f57-605407961e8c,ADVIK CT100 BS4 FUEL TANK CAP,,FUEL TANK CAP,A9310,,0.00,319,Inclusive,0,Inclusive,0,2,,No,0,
75a8de64-138a-43aa-863c-3f294a3b96b8,ADVIK PLN BS4 FUEL TANK CAP,,FUEL TANK CAP,A9320,,0.00,319,Inclusive,0,Inclusive,0,1,,No,0,
0a9d2836-a5ba-4e18-b792-36c6ead429dc,ADVIK PLN OIL PUMP,,OIL PUMP BAJAJ STAR,A3710,,0.00,145,Inclusive,0,Inclusive,0,2,,No,0,
e7ff8592-cee5-40e9-aca7-515d3b9c2fe5,ADVIK PLSR OIL PUMP,,OIL PUMP BAJAJ STAR,A2060,,0.00,141,Inclusive,0,Inclusive,0,2,,No,0,
6a89434d-ff41-40bd-a9be-e3c61b9df12f,ADVIK SHINE OIL PUMP ASSY,,OIL PUMP HH,A17700,,0.00,190,Inclusive,0,Inclusive,0,2,,No,0,
c1d83119-f09c-4e34-9cf6-f72bebded8a5,ADVIK STAR CITY P. TAP,,PETROL TAP,B421,,0.00,225,Inclusive,0,Inclusive,0,2,,No,0,
b1c4e066-8eee-4227-87e8-7720b6d7ce76,AIR PLN GEAR LEVER,,GEAR LEVER BAJAJ,186119065330,,0.00,140,Inclusive,0,Inclusive,0,0,,No,0,
3da90a21-ce5a-4900-a32a-7ba0159d070a,ALGI SS METAL BLK,,SIDE PANEL SS METAL,767123899981,,0.00,775,Inclusive,0,Inclusive,0,1,,No,0,
fa1cadf6-870a-4432-b6ba-7264188b43b4,ALLIED CD 100  PSN B.SHOE,,BREAK SHOE HH/TVS,ABSHHR51,,0.00,193,Inclusive,0,Inclusive,0,2,,No,0,
9e471cd8-d004-4afb-89d9-069a990dd9c6,ALLIED NIPPON 4S CLUTCH PLATE,,CLUTCH PLATE BAJAJ,ACPBAJCD113,,0.00,141,Inclusive,0,Inclusive,0,4,,No,0,
901926b1-e000-47d4-a45d-4d47e4d483e8,ALLIED PSN/CBZ B.SHOE,,BREAK SHOE HH/TVS,ABSHHR61,,0.00,154,Inclusive,0,Inclusive,0,1,,No,0,
e4fd83cc-6a84-45f0-9211-ed86dc035540,AMARON BTX2.5L BATTERY,,BATTERY,BTX2.5L,,0.00,1181,Inclusive,758,Inclusive,0,1,1.0,No,0,
59d741cf-5b9e-4701-890f-dbfb686f4c60,AMARON BTX7R BATTERY,,BATTERY,EAI0124Y145871,,0.00,1703,Inclusive,0,Inclusive,0,2,1.0,No,0,
804531c1-ccf0-4585-92c3-f465d02bfcf6,AMARON BTXL5 BATTERY,,BATTERY,APBTXL5,,0.00,1712,Inclusive,0,Inclusive,0,2,1.0,No,0,
8477bd12-ab4f-4e0a-90e7-da4db88b4159,AMARON BTZ4L BATTERY,,BATTERY,BTZ4L,,28.00,1365,Inclusive,683,Exclusive,0,2,1.0,No,0,
573c829c-4012-407e-8742-8e3662de4789,AMARON BTZ5L BATTERY,,BATTERY,BTZ5L,,0.00,1594,Inclusive,0,Inclusive,0,2,1.0,No,0,
706901a5-a83d-4c7d-92bd-e8ecafb6c018,AMRAT DIS FUEL TANK CAP,,FUEL TANK CAP,99612980332,,0.00,165,Inclusive,0,Inclusive,0,1,,No,0,
b386fa31-03b9-4b24-ad46-daf8040eb2eb,ANNA ACTIVA DIO SEAT CABLE,,SEAT CABLE,2207,,0.00,62,Inclusive,0,Inclusive,0,2,,No,0,
a487b3fa-dd51-4748-b741-2b90672016dd,ANNA SPL+ BS6CLUTH CABLE,,,1912D,,0.00,115,Inclusive,0,Inclusive,0,5,,No,0,
91300edc-6302-4652-9b1e-dbe8bcb76c30,ANNA SPL NEW BREAK CABLE,,BREAK CABLE HERO,1914,,0.00,125,Inclusive,0,Inclusive,0,4,,No,0,
840d74f0-5c48-4fcd-962c-e34f615da8bf,ANNA STR CITY ACC CABLE,,ACC CABLE TVS,ANNA2661,,0.00,160,Inclusive,0,Inclusive,0,5,,No,0,
ec41cb29-1685-4aac-afb0-a68564a00220,ANNA SUZUKI  FRO BREAK CABLE,,BREAK CABLE TVS,2604,,0.00,125,Inclusive,0,Inclusive,0,4,,No,0,
4305153d-9814-4abc-8a11-dfca0a59f15e,ANNA ZEUS BREAK CABLE ,,BREAK CABLE TVS,3204,,0.00,195,Inclusive,0,Inclusive,0,1,,No,0,
55a0d26a-9b7f-4e4d-8d92-d82d1695e5c8,APACHE GENUINE HORN SET,,HORN ALL,91406257038,,0.00,380,Inclusive,0,Inclusive,0,1,,No,0,
9f520b28-1631-43a2-b31d-fb4b87cbd589,APALA CB SHINE DX BLK/RED,,VISOR HH,APALA491,,0.00,973,Inclusive,0,Inclusive,0,0,,No,0,
4dfc141d-b87e-4080-a2dc-dce77486f418,AR 4S BXR ACC CABLE,,ACC CABLE BAJAJ,ARB4382,,0.00,115,Inclusive,0,Inclusive,0,0,1.0,No,0,
f67a47cb-ecbd-4ace-ae4d-4e45ac77e98b,AR 4S BXR P. TAP,,PETROL TAP,ZH6003,,0.00,206,Inclusive,0,Inclusive,0,2,,No,0,
43fa35d6-bc13-4b84-acdb-05f8da421757,AR 4S BXR P. TAP,,PETROL TAP,AR1059,,0.00,175,Inclusive,0,Inclusive,0,5,,No,0,
7e519433-59cb-41b7-8763-552f3614fb71,AR ACTIVA OLD ACC CABLE,,ACC CABLE ALL MOPED,ARH4203,,0.00,269,Inclusive,0,Inclusive,0,1,,No,0,
d651f450-7503-4064-a480-d1d6b74be5b9,AR ACTIVA REAR BREAK CABLE ,,BREAK CABLE MOPED,ARH4266,,0.00,213,Inclusive,0,Inclusive,0,2,,No,0,
1dfed39f-90f0-47a7-9f44-9e025d9fd723,ARB 6200 BEARING,,BEARING,ARB6200,,0.00,75,Inclusive,0,Inclusive,0,1,,No,0,
399cab2b-3f2f-4824-9015-b3867c504653,ARB 6201 BEARING,,BEARING,ARB6201,,0.00,70,Inclusive,0,Inclusive,0,2,,No,0,
dbc2507a-ccd3-432f-b48a-8a50856e6b77,ARB 6205 BEARING,,BEARING,ARB6205,,0.00,160,Inclusive,0,Inclusive,0,3,,No,0,
35abac17-9feb-49d1-b731-296e271fd573,AR CRUX P. TAP,,PETROL TAP,ZH5021,,0.00,223,Inclusive,0,Inclusive,0,3,,No,0,
50774219-822f-4c82-ad64-48f3fb3bdd99,AR CT100 ES CLUTCH CABLE,,CLUTCH CABLE BAJAJ ALL,ARB4452,,0.00,144,Inclusive,0,Inclusive,0,4,1.0,No,0,
43390e48-ada7-45e7-8767-06e1680ab0ff,AR CT100/PLSR P. TAP,,PETROL TAP,AR2030,,0.00,226,Inclusive,0,Inclusive,0,4,,No,0,
dc8b0c93-ff3a-4847-97f4-2b73fdcf9421,AR CT100 P. TAP,,PETROL TAP,AR1057A,,0.00,173,Inclusive,0,Inclusive,0,3,,No,0,
82dcb60f-5170-4754-b946-054c8d5877fc,AR DISC 125 FUEL TANK CAP,,FUEL TANK CAP,7180B,,0.00,324,Inclusive,0,Inclusive,0,4,,No,0,
3609cbf4-7840-4afb-b4e8-c9ef7f162a70,AR DISC P. TAP,,PETROL TAP,AR1054,,0.00,187,Inclusive,0,Inclusive,0,5,,No,0,
0972ac8c-6a68-4fb2-a3cb-e65d8b083418,ARF 4S BXR FUEL TANK CAP,,FUEL TANK CAP,ARF7191,,0.00,232,Inclusive,0,Inclusive,0,5,,No,0,
c90694bf-ecab-43ab-8fe5-97a164a73a9b,ARF 4S FUEL TANK CAP,,FUEL TANK CAP,ARF7150,,0.00,164,Inclusive,0,Inclusive,0,4,,No,0,
0bbc6356-e00d-4d79-9f3d-e34613cce4c7,ARF 4S SWITCH,,IGNITION SWITCH BAJAJ,7150,,0.00,172,Inclusive,0,Inclusive,0,2,,No,0,
419703cc-eac3-4085-98ba-1433560b630d,ARF APACHE FUEL TANK CAP,,FUEL TANK CAP,ARF7406,,0.00,418,Inclusive,0,Inclusive,0,1,,No,0,
69818382-4ab9-46a3-94b6-a8433ed7304f,ARF CBZ IG SW,,IGNITION SWITCH HH,ARF7271,,0.00,402,Inclusive,0,Inclusive,0,1,,No,0,
cb4d7a4e-d2c1-4a26-93dc-d62a4f25ca64,ARF CD100 FUEL TANK CAP,,FUEL TANK CAP,ARF7235,,0.00,161,Inclusive,0,Inclusive,0,1,,No,0,
865eec37-c211-4938-bede-60ba712cbcab,ARF CD DAWN IGNITION SWITCH,,IGNITION SWITCH BAJAJ,ARF7265,,0.00,155,Inclusive,0,Inclusive,0,2,,No,0,
31f862b6-029d-4c19-bbcd-fb5e41edb91a,ARF CD DLX FUEL TANK CAP ,,FUEL TANK CAP,AR7236,,0.00,391,Inclusive,0,Inclusive,0,0,,No,0,
25ca37dd-edf7-4629-879b-42dddd63babe,ARF CD DWN FUEL TANK CAP,,FUEL TANK CAP,ARF7236,,0.00,380,Inclusive,0,Inclusive,0,2,,No,0,
759cb094-f5ba-4b60-8482-aec2464bf153,ARF CRUX FUEL TANK CAP,,FUEL TANK CAP,ARF7286,,0.00,259,Inclusive,0,Inclusive,0,3,,No,0,
0829a617-050b-442d-b111-81f1f60c1595,ARF CT100N/M FUEL TANK CAP,,FUEL TANK CAP,7181A,,0.00,384,Inclusive,0,Inclusive,0,6,,No,0,
e7cdfaab-9ee5-45cd-ae26-7e354c572253,ARF DIS  2 WIRE IGN SWITCH,,IGNITION SWITCH BAJAJ,ARF7220,,0.00,375,Inclusive,0,Inclusive,0,2,,No,0,
7716b8b5-1253-4703-9a99-b6fcbf619d1b,ARF DIS FUEL TANK CAP,,FUEL TANK CAP,ARF7180,,0.00,270,Inclusive,0,Inclusive,0,1,,No,0,
a8e0dd79-f7e5-4284-9d60-7a9dbb7b5c03,ARF MAX 100 FUEL TANK CAP,,FUEL TANK CAP,ARF7385,,0.00,205,Inclusive,0,Inclusive,0,6,,No,0,
ac9849f9-6cf5-4fe7-8582-9ded66631916,ARF PLN /CLBR FUEL TANK CAP,,FUEL TANK CAP,ARF7158,,0.00,342,Inclusive,0,Inclusive,0,1,,No,0,
5c201bcc-bad8-4e74-837e-3c2adb841700,ARF PLS BS4 FUEL TANK CAP,,FUEL TANK CAP,7170A,,0.00,750,Inclusive,0,Inclusive,0,1,,No,0,
e1d7b7f1-4f83-42be-a5cc-1ebe1bf64f66,ARF PLSR 220 FUEL TANK CAP,,FUEL TANK CAP,ARF7200,,0.00,558,Inclusive,0,Inclusive,0,2,,No,0,
28b22e83-a16f-4945-95c1-86764a753a6c,ARF PLSR FUEL TANK CAP,,FUEL TANK CAP,ARF7170,,0.00,480,Inclusive,0,Inclusive,0,1,,No,0,
b510b6bc-ec2d-49f1-804d-5060dcb2de82,ARF PLSR FUEL TANK CAP,,FUEL TANK CAP,7170PT,,0.00,510,Inclusive,0,Inclusive,0,0,,No,0,
4e2fc841-873e-4bdf-b3c7-ccf84a5387d6,ARF RX 100 FUEL TANK CAP,,FUEL TANK CAP,ARF7285,,0.00,300,Inclusive,0,Inclusive,0,3,,No,0,
8337fb92-150c-4b9c-8a86-d21ac06884a3,ARF SPL FUEL TANK CAP,,FUEL TANK CAP,ARF7241,,0.00,118,Inclusive,0,Inclusive,0,1,,No,0,
4c5e4421-2c2d-4a1c-9f1f-a55b929c6228,ARF SPL SILVER FUEL TANK PLATE,,FUEL TANK CAP,ARF7624A,,0.00,234,Inclusive,0,Inclusive,0,1,,No,0,
65d5ef09-b82f-4eac-af12-ed4ca88b9ac9,ARF STAR CITY PLUS FUEL TANK CAP,,FUEL TANK CAP,ARF7384A,,0.00,368,Inclusive,0,Inclusive,0,2,,No,0,
4b16766a-b797-48fb-ba98-4be7e07bc53b,ARF STAR FUEL TANK CAP ,,FUEL TANK CAP,ARF7404,,0.00,466,Inclusive,0,Inclusive,0,1,,No,0,
e95a5ca3-8ad4-4555-bc8f-cfc1baa25bf9,ARF SUPER XL ,,IGNITION SWITCH TVS,ARF7527,,0.00,216,Inclusive,0,Inclusive,0,4,,No,0,
95b1b76e-217b-4a90-b72d-50395b57acc7,ARF SUPER XL FUEL TANK CAP,,FUEL TANK CAP,ARF7514,,0.00,127,Inclusive,0,Inclusive,0,2,,No,0,
5826846d-ad7c-48e3-89a5-69cbc19ea981,ARF YAMAHA 2 WR ,,IGNITION SWITCH TVS,ARF7294,,0.00,331,Inclusive,0,Inclusive,0,2,,No,0,
37216ce3-5118-4b49-a67e-b808e5dafaf6,AR HH ACC CABLE,,ACC CABLE HH,ARHH4001,,0.00,98,Inclusive,0,Inclusive,0,1,,No,0,
5b572b41-ab68-4511-a8ca-689533ed8b04,AR HONDA SS P. TAP,,PETROL TAP,AR1126,,0.00,109,Inclusive,0,Inclusive,0,7,,No,0,
7930909c-83fb-4313-a84b-0e2e433015a7,ARNAV CD DWN SPL TYPE BLK,,VISOR HH,314787207377,,0.00,225,Inclusive,0,Inclusive,0,1,,No,0,
37c977c8-76e9-4272-9c31-6c4d9ed38288,ARNAV CT100 BLK/BLUE,,VISOR BAJAJ,432484785323,,0.00,580,Inclusive,0,Inclusive,0,0,,No,0,
aba576bd-47c4-4a53-a7fc-79d672ad0449,ARNAV PLN ES LED BLK/RED,,VISOR BAJAJ,235560430884,,0.00,590,Inclusive,0,Inclusive,0,1,,No,0,
51f96c3b-1839-44f9-81d6-126549a0ab19,ARNAV PLN OLD BLK/MARRON TP,,TAIL PANEL BAJAJ,327446242473,,0.00,530,Inclusive,0,Inclusive,0,0,,No,0,
e4f6b893-b3a2-4b90-a5e0-1b9968df2b76,ARNAV PLN OLD BLK/RED,,VISOR BAJAJ,141057285270,,0.00,335,Inclusive,0,Inclusive,0,2,,No,0,
936d5b34-8291-40aa-86e9-3a3aa8166a5a,ARNAV PSN PRO BLK/BLUE ,,VISOR HH,349183333717,,0.00,640,Inclusive,0,Inclusive,0,2,,No,0,
8b5240e1-3768-4241-a9ea-1ee2bdce8653,ARNAV SPL BLK/RED,,VISOR HH,160486104146,,0.00,340,Inclusive,0,Inclusive,0,3,,No,0,
7d3ed859-bf49-4835-ad46-3bd5d5ab2eef,AR PLN /CT100 ACC CABLE ,,ACC CABLE BAJAJ,ARC4370,,0.00,173,Inclusive,0,Inclusive,0,2,,No,0,
cb20afe6-e26f-4273-bb2a-381d0d490e44,A R PLN METER CABLE,,METER CABLE BAJAJ,4679,,0.00,133,Inclusive,0,Inclusive,0,0,1.0,No,0,
42e4dbd1-0446-4198-9b84-d3ccbe8469a6,AR PLN P. TAP ,,PETROL TAP,AR2030A,,0.00,226,Inclusive,0,Inclusive,0,1,,No,0,
1a27ff4f-4623-44b0-ad9e-d61d735846d1,AR RX 100 P. TAP,,PETROL TAP,AR1030,,0.00,155,Inclusive,0,Inclusive,0,3,,No,0,
a0664020-c54c-49af-b7b9-1b154c440526,AR SCOOTY PEP P. TAP ,,PETROL TAP,AR1102,,0.00,213,Inclusive,0,Inclusive,0,0,,No,0,
9db221e0-6b1a-4d20-96bb-4c734f20a7bb,AR SHINE CD DWN METER CABLE,,METER CABLE HERO ALL,ARH4287,,0.00,113,Inclusive,0,Inclusive,0,0,1.0,No,0,
2043b0c3-c201-4e7c-ba58-d47a1887dddc,AR SPL KEY P. TAP,,PETROL TAP,AR2013,,0.00,201,Inclusive,0,Inclusive,0,5,,No,0,
846e9436-2532-485b-b2c3-aa06ff3d5b39,AR SPL PET.TAP,,PETROL TAP,AR1125,,0.00,150,Inclusive,0,Inclusive,0,2,,No,0,
bd7891ac-a9b1-41d3-ae20-77d5849ba982,AR SS KEY P TAP,,PETROL TAP,ZH6002,,0.00,155,Inclusive,0,Inclusive,0,1,,No,0,
a361d8c6-a038-42b6-9836-adbf9f3e87b6,AR SS PETROL TAP,,PETROL TAP,AR2019,,0.00,178,Inclusive,0,Inclusive,0,3,,No,0,
e965bfb3-36d9-4ef0-b7d2-715c3d7b9940,AR STAR CLUTCH CABLE,,CLUTCH CABLE TVS,ART 5205,,0.00,144,Inclusive,0,Inclusive,0,1,1.0,No,0,
0261f2b0-58af-4ecf-9c9f-01de6882f832,AR STAR CLUTCH CABLE,,CLUTCH CABLE TVS,ART5205,,0.00,144,Inclusive,0,Inclusive,0,0,1.0,No,0,
952f6485-3c45-4dbb-9d10-0b0159285e9f,AR STAR P. TAP,,PETROL TAP,AR1090,,0.00,180,Inclusive,0,Inclusive,0,3,,No,0,
96c44cd6-043e-4019-bcdd-5bfae69341fa,AR STAR P. TAP,,PETROL TAP,AR2011,,0.00,237,Inclusive,0,Inclusive,0,1,,No,0,
4a0a8838-3133-465c-b63d-eadc5fe7bc52,AR SUZUKI P. TAP,,PETROL TAP,ZH5030,,0.00,138,Inclusive,0,Inclusive,0,1,,No,0,
9f5459c3-7aa3-4127-a9b1-a92851cb7842,AR WEGO CHOKE CABLE,,CHOKE CABLE,ART5230,,0.00,200,Inclusive,0,Inclusive,0,0,,No,0,
48963cf6-531c-43bf-b936-730b526ec640,AR WEGO FRONT BREAK CABLE,,BREAK CABLE MOPED,ART5089,,0.00,150,Inclusive,0,Inclusive,0,3,,No,0,
8592b425-68c9-4b2f-8f18-e1f3bc39eb61,AR XL BIG NUT P. TAP,,PETROL TAP,AR1106,,0.00,107,Inclusive,0,Inclusive,0,3,,No,0,
92798949-fca0-4051-8ba3-66b5d4fd0da7,AR XL FRO BREAK CABLE,,BREAK CABLE MOPED,ART5098,,0.00,113,Inclusive,0,Inclusive,0,3,,No,0,
ded0d8b6-74e0-4752-866a-2f680ad01db4,AR XL P. TAP,,PETROL TAP,AR2042,,0.00,236,Inclusive,0,Inclusive,0,2,,No,0,
3beb521a-5b46-4176-b016-3d92c1fa4fb5,AR XL SMALL NUT P .TAP,,PETROL TAP,AR1099,,0.00,106,Inclusive,0,Inclusive,0,3,,No,0,
bf87eb34-f343-4607-8a33-c0cddc8cc22a,AR YAMAHA YBX ACC CABEL,,ACC CABLE TVS,ARY5255,,0.00,144,Inclusive,0,Inclusive,0,3,,No,0,
d60c053a-11b8-45cd-b174-0ad277ac4758,ARZER 18 SOUND HORN,,HORN ALL,488356725627,,0.00,520,Inclusive,0,Inclusive,0,1,,No,0,
e07a5a62-93bc-4386-9b4d-85f994ebc4bb,ARZER MIRROR STEEL ROUND UNI.,,MIRROR STEEL,60358727131,,0.00,265,Inclusive,0,Inclusive,0,0,,No,0,
15ef4a9b-bcd1-43e6-a44a-2dffbb903889,AS ACSS 125 KICK LEVER,,KICK ALL,1567J,,0.00,437,Inclusive,0,Inclusive,0,4,,No,0,
f7cfa378-e8f5-4437-b19b-f399117a8b71,AS ACTIVA PLESURE KICK,,KICK ALL,9054,,0.00,299,Inclusive,0,Inclusive,0,1,,No,0,
5d1c62f5-af21-44ee-a44e-27b5007b0b93,ASK 4S B0XER METER CABLE,,METER CABLE BAJAJ,ASKBSC32,,0.00,115,Inclusive,0,Inclusive,0,4,,No,0,
32b14d27-1181-4712-8155-261f69cbb558,ASK 4S BXR ACC CABLE,,ACC CABLE BAJAJ,ASKBTC32,,0.00,139,Inclusive,0,Inclusive,0,7,1.0,No,0,
e15297a6-cf77-4dba-89b5-266e73e6e535,ASK 4S METER CABLE,,METER CABLE BAJAJ,ASK/B/SC/32,,0.00,115,Inclusive,0,Inclusive,0,3,1.0,No,0,
c4edbd26-2c89-483c-9f48-b9ab9a6c9051,ASK 4S SMALL B.SHOE,,BREAK SHOE BAJAJ,ASKBS0102,,0.00,195,Inclusive,0,Inclusive,0,18,,No,0,
c8a58667-5c56-4287-a96a-ba2e00bf830c,ASK ACCESS 125 B.SHOE,,BREAK SHOE HH/TVS,ASKNABS00013,,0.00,244,Inclusive,0,Inclusive,0,3,,No,0,
457c82da-d300-4c2b-86c6-94ead81303bd,ASK ACCESS REAR BRAKE CABLE,,,ASKSRB181,,0.00,230,Inclusive,0,Inclusive,0,3,,No,0,
f32ef3c5-8452-4e32-9e63-652e0f908494,ASK  ACTIVA 110/DIO N/M  CHOKE CABLE,,CHOKE CABLE,ASKHCH127,,0.00,114,Inclusive,0,Inclusive,0,5,,No,0,
e52192b9-f1ad-469f-a23c-2d77ef2f1d35,ASKACTIVA 110 FRONT BRAKE CABLE,,,ASKHFBC127,,0.00,193,Inclusive,0,Inclusive,0,4,,No,0,
abda6607-1802-45fc-b495-038ad6569096,ASK ACTIVA 110 METER CABLE,,METER CABLE MOPED ALL,ASKHSC127,,0.00,137,Inclusive,0,Inclusive,0,5,,No,0,
0d6b6cdf-2b53-4b65-80e8-6eabd7ee44a8,ASK ACTIVA COM RH BREAK CABLE,,BREAK CABLE MOPED,ASKHMFBC17RHN,,0.00,206,Inclusive,0,Inclusive,0,4,,No,0,
b4fd3b3f-3ff2-459d-99a0-ca19268f2f90,ASK ACTIVA DEO FRO BREAK CABLE,,BREAK CABLE MOPED,ASKHFBC128,,0.00,183,Inclusive,0,Inclusive,0,6,,No,0,
2ee36fec-b53a-403a-9827-7fd1668474cc,ASK ACTIVA /DIO CHOKE CABLE,,CHOKE CABLE,ASKHCH128,,0.00,134,Inclusive,0,Inclusive,0,5,,No,0,
12754ef8-8abf-4244-923b-c80f7c39633b,ASK ACTIVA/MAESTRO BS6 ACC CABLE,,ACC CABLE ALL MOPED,ASKHMTC334,,0.00,200,Inclusive,0,Inclusive,0,2,,No,0,
f0ae915a-e2d4-4078-970b-2598b8228e30,ASK ACTIVA O/M RR BREAK  CABLE,,BREAK CABLE MOPED,ASKHRB128,,0.00,238,Inclusive,0,Inclusive,0,13,,No,0,
b9afaae1-3fec-4b56-b0fe-d316e8bfd696,ASK AVATOR110CC CHOKE CABLE,,CHOKE CABLE,ASKHCH125,,0.00,131,Inclusive,0,Inclusive,0,5,,No,0,
0511b760-2f74-497a-a1db-80e02fde5068,ASK AVATOR  110 REAR BRAKE CABLE,,BREAK CABLE MOPED,ASKHAB125,,0.00,228,Inclusive,0,Inclusive,0,2,,No,0,
2ae3a0d0-4647-445b-b4d6-bc8832f72829,ASK AVATOR  FRONT BREAK CABLE,,BREAK CABLE MOPED,ASKHFBC125,,0.00,195,Inclusive,0,Inclusive,0,2,,No,0,
c9e79c50-eec4-4c82-bf93-7d7f0605babb,ASK BULLET 350/500 CLUTCH CABLE,,CLUTCH CABLE BULLET,ASKRCC206,,0.00,141,Inclusive,0,Inclusive,0,5,,No,0,
f9f3f9a7-4a57-4ece-8122-a406fd54e48e,ASK BULLET ACC CABLE,,ACC CABLE TVS,ASKRTC206,,0.00,269,Inclusive,0,Inclusive,0,5,,No,0,
623639f4-61f9-437c-947e-079171f2189d,ASK CBZ ACC CABLE,,ACC CABLE HH,ASKHMTC06,,0.00,130,Inclusive,0,Inclusive,0,10,,No,0,
a3c2da54-72bf-475a-9043-09871056fa4e,ASK CBZ EXTRM CLUTCH CABLE,,CLUTCH CABLE H.H,ASKHMCC06LC,,0.00,129,Inclusive,0,Inclusive,0,5,,No,0,
1a080a22-b557-4327-b3b8-ae35e2984277,ASK CLUTCH CABLE STAR DL,,CLUTCH CABLE TVS,ASKTCC90,,0.00,196,Inclusive,0,Inclusive,0,5,,No,0,
113ce503-63a9-4c52-bff6-153d4dea0c78,ASK CT100 BS6 ACC CABLE,,ACC CABLE BAJAJ,ASKBTC75,,0.00,145,Inclusive,0,Inclusive,0,5,1.0,No,0,
d4884505-f35e-4361-97e8-82a279f25692,ASK CT100/PLN AAABLE,,ACC CABLE BAJAJ,ASKBTC44,,0.00,159,Inclusive,0,Inclusive,0,14,,No,0,
2487694e-f1bc-4b78-ab8a-7dcfea06400f,ASK CT-100 PLN METER CABLE,,METER CABLE BAJAJ,ASKBSC44,,0.00,119,Inclusive,0,Inclusive,0,14,,No,0,
30ea14cc-faa7-4ddd-9545-1bc514866dee,ASK DIS 100 FR BREAK CABLE,,,ASKBFBC47,,0.00,166,Inclusive,0,Inclusive,0,9,,No,0,
c57c6c68-ee00-486e-87af-ec366f5a9b2b,ASK DIS 100M ACC CABLE,,ACC CABLE BAJAJ,ASKBTC48,,0.00,143,Inclusive,0,Inclusive,0,6,1.0,No,0,
c4a77843-9d6b-4988-bacd-5b5908caba1c,ASK DIS 100 METER CABLE ,,METER CABLE BAJAJ,ASKBSC47,,0.00,131,Inclusive,0,Inclusive,0,18,,No,0,
9fd31ddc-3854-4d77-a155-d3ef55769d40,ASK DIS 112 ACC CABLE,,ACC CABLE BAJAJ,ASKBTC46,,0.00,165,Inclusive,0,Inclusive,0,4,,No,0,
14760c59-edfc-4e08-9d73-1ea9676f19cf,ASK DISC100 ST ACC CABLE,,ACC CABLE BAJAJ,ASKBTC49,,0.00,163,Inclusive,0,Inclusive,0,2,1.0,No,0,
30dbaf95-c6a4-418c-b545-047d69243ef2,ASK DISC ACC CABLE,,ACC CABLE BAJAJ,ASKBTC47,,0.00,100,Inclusive,0,Inclusive,0,14,1.0,No,0,
efefdad0-c43a-4417-9065-ec4584c989ae,ASK DIS. CLUTCH CABLE,,CLUTCH CABLE BAJAJ ALL,ASKBCC47,,0.00,200,Inclusive,0,Inclusive,0,0,1.0,No,0,
7a173b93-1f9c-4797-b012-05435a18cee4,ASK DIS METER CABLE,,METER CABLE BAJAJ,ASK/B/SC/47,,0.00,131,Inclusive,0,Inclusive,0,0,1.0,No,0,
1f2a38a1-413a-45dd-b0ac-b4a9aa4f4676,ASK DREAM YUGA/NEO METER CABLE,,METER CABLE HERO ALL,ASKHSC130,,0.00,119,Inclusive,0,Inclusive,0,7,,No,0,
65ba799b-6cc9-4dab-9019-ae9e2843ec75,ASK FRONT BRAKE CABLE WEGO,,,ASKTFBC98,,0.00,154,Inclusive,0,Inclusive,0,6,,No,0,
404a4727-c68a-423b-a3a1-531ec2a19eee,ASK FRONT BREAK CABLE LH MASTRO,,BREAK CABLE MOPED,ASKHMFBC17LHN,,0.00,200,Inclusive,0,Inclusive,0,5,,No,0,
0df63556-5b48-4b66-a9c9-f526cb1e158e,ASK FZ CLUTCH CABLE,,YAMAHA CLUTCH CABLE,ASKYCC160,,0.00,138,Inclusive,0,Inclusive,0,2,,No,0,
bb4c92b4-b013-4740-9901-cff1479f3f6d,ASK HF DLX BS6 ACC CABLE,,ACC CABLE HH,ASKHMTC25,,0.00,112,Inclusive,0,Inclusive,0,4,,No,0,
831b5fb0-d360-4295-98c1-a49ed254a3b4,ASK HF DLX/SPL+ BS6  CLUTCH CABLE,,,ASKHMCC25LC,,0.00,105,Inclusive,0,Inclusive,0,4,,No,0,
8500e8a7-487a-483a-8466-68065625848b,ASK JUPITOR 125 BS6 ACC CABLE,,ACC CABLE TVS,ASKTTC108,,0.00,267,Inclusive,0,Inclusive,0,5,,No,0,
d6f4d46a-1f74-4a0b-8f7b-abb56073d66a,ASK JUPITOR REAR BREAK CABLE,,BREAK CABLE MOPED,ASKTRB98,,0.00,374,Inclusive,0,Inclusive,0,2,,No,0,
042c23b7-377c-4052-958a-e743d153183a,ASK M8 SMALL B.SHOE,,BREAK SHOE BAJAJ,ASKBS0301,,0.00,158,Inclusive,0,Inclusive,0,5,,No,0,
67389fac-71e2-4d58-983e-7900edea9c5f,ASK MASTRO ACC CABLE,,ACC CABLE ALL MOPED,ASKHMTC17,,0.00,206,Inclusive,0,Inclusive,0,5,,No,0,
df3e7e13-379f-480a-bec2-cedd424f43fa,ASK MASTRO METER CABLE,,METER CABLE MOPED ALL,ASKHMSC17,,0.00,113,Inclusive,0,Inclusive,0,5,,No,0,
a2d9293c-2b42-41c3-ad35-9938c58d87dc,ASK MAX100 B.SHOE,,BREAK SHOE HH/TVS,ASKBS0104,,0.00,195,Inclusive,0,Inclusive,0,2,,No,0,
9368d682-c1f5-4079-bb6b-36206cdb315a,ASK PEP FR BREAK CABLE,,BREAK CABLE MOPED,ASKTFBC96,,0.00,145,Inclusive,0,Inclusive,0,4,,No,0,
f775e9ca-18f6-4e51-ae05-10fea11518b3,ASK PLEASURE BS6 ACC CABLE,,ACC CABLE ALL MOPED,ASKHMTC332,,0.00,210,Inclusive,0,Inclusive,0,2,,No,0,
2975738d-dc50-44b7-b4fe-e78bc893110c,ASK PLEASURE FR.BREAK CABLE,,BREAK CABLE MOPED,ASKHMFBC13,,0.00,173,Inclusive,0,Inclusive,0,5,,No,0,
e0a1fed5-ed17-44b5-8b3d-032da9641d46,ASK PLEASURE METER CABLE,,METER CABLE MOPED ALL,ASKHMSC13,,0.00,130,Inclusive,0,Inclusive,0,7,,No,0,
74483c5a-dad4-4e40-8185-82b0bbe9431d,ASK PLN 100ACC CABLE,,ACC CABLE BAJAJ,ASKBTC63,,0.00,134,Inclusive,0,Inclusive,0,8,,No,0,
6bbd924f-2b3a-488b-9ecd-a52e807e6be9,ASKPLN 110ACC CABLE,,ACC CABLE BAJAJ,ASKBTC70,,0.00,151,Inclusive,0,Inclusive,0,8,,No,0,
fd5e1441-477f-430e-96be-5a03319b53c4,ASK PLN110 FRO BREAK CABLE,,BAJAJ BREAK CABLE,ASKBFBC71,,0.00,228,Inclusive,0,Inclusive,0,5,1.0,No,0,
573f88c1-fcc0-4e4e-a4da-22b42ddba31f,ASK PLN CT100 ES FRO BREAK CABLE,,BAJAJ BREAK CABLE,ASKBFBC64,,0.00,168,Inclusive,0,Inclusive,0,10,1.0,No,0,
2915c566-e983-4877-9f09-75204a79cd41,ASK PLN CT CLUTCH CABLE,,CLUTCH CABLE BAJAJ ALL,ASKBCC44,,0.00,155,Inclusive,0,Inclusive,0,2,1.0,No,0,
8aaa8291-9392-4d06-8f2e-419ce5acbd93,ASK PLN ES CLUTCH CABLE,,CLUTCH CABLE BAJAJ ALL,ASKBCC64,,0.00,159,Inclusive,0,Inclusive,0,7,,No,0,
5d5dd01d-c78a-4de8-87ad-4e2fe168bf43,ASK PLN NEW CLUTCH CABLE,,CLUTCH CABLE BAJAJ ALL,ASKBCC63,,0.00,173,Inclusive,0,Inclusive,0,2,1.0,No,0,
ce676cc6-7fbc-4c3f-b2db-caa9ff90a1b9,ASK PLS 125/150 BS6 ACC CABLE,,ACC CABLE BAJAJ,ASKBTC77,,0.00,132,Inclusive,0,Inclusive,0,4,,No,0,
bc823552-2a28-48e5-993d-45ca6a81d29e,ASK PLS 150 CLUTCH CABLE,,CLUTCH CABLE BAJAJ ALL,ASKBCC36,,0.00,143,Inclusive,0,Inclusive,0,5,,No,0,
749ef556-f547-43b0-9ee4-b7ca5fdb8d9f,ASK PLS180/220 ACC CABLE,,ACC CABLE BAJAJ,ASKBTC40,,0.00,139,Inclusive,0,Inclusive,0,5,,No,0,
1916d843-5467-45b3-bb3a-366c9e93bfbd,ASK PLS BS6 ACC CABLE,,ACC CABLE BAJAJ,ASKBTC76,,0.00,134,Inclusive,0,Inclusive,0,5,,No,0,
8a0b2ee6-d06a-4175-9f8a-3c3585ce2124,ASK PLSR B.SHOE,,BREAK SHOE BAJAJ,ASKBS0128,,0.00,214,Inclusive,0,Inclusive,0,6,,No,0,
bd6f8b0a-2512-4e7a-ad44-4b741036706f,ASK PSN PRO DIGI ACC CABLE,,ACC CABLE HH,ASKHMTC11,,0.00,109,Inclusive,0,Inclusive,0,3,,No,0,
867acf24-02d5-427c-a467-34c073d10777,ASK PSN PRO DIGI METER CABLE,,METER CABLE HERO ALL,ASKHMSC11,,0.00,109,Inclusive,0,Inclusive,0,5,,No,0,
8472b886-9347-4865-88e2-62bd9aa446b5,ASK REAR BREAK CABLE SUP XL 100,,BREAK CABLE MOPED,ASKTRB103,,0.00,212,Inclusive,0,Inclusive,0,4,,No,0,
4a352772-60b6-4dd2-9866-4cc78c706427,ASK SAMURAI B.SHOE,,BREAK SHOE HH/TVS,ASKBS0129,,0.00,229,Inclusive,0,Inclusive,0,6,,No,0,
b95cc031-c13d-4546-ba1c-c3de1e45cc8b,ASK SHINE BS6 CLUTCH CABLE,,CLUTCH CABLE H.H,ASKHCC141LC,,0.00,96,Inclusive,0,Inclusive,0,15,,No,0,
5be5d1e5-46ac-4a7d-9b93-c639762d9c68,ASK SHINE CHOKE CABLE,,CHOKE CABLE,ASKHCH122,,0.00,87,Inclusive,0,Inclusive,0,15,,No,0,
ac247712-e469-420e-b49c-fb4d2138fec1,ASK SHINE METER CABLE,,METER CABLE HERO ALL,ASKHSC122,,0.00,103,Inclusive,0,Inclusive,0,11,,No,0,
d3633917-99c1-4771-943c-2cea9ad841ca,ASK SPL FRONT B.SHOE,,BREAK SHOE HH/TVS,ASKBS0126,,0.00,214,Inclusive,0,Inclusive,0,9,,No,0,
43056c40-560d-433f-b0a0-fd1453b02c54,ASK SPL HF DLX BS6 FRO BREAK CABLE,,BREAK CABLE HERO,ASKHMFBC25LC,,0.00,168,Inclusive,0,Inclusive,0,3,,No,0,
ab816319-8f02-4c19-881a-73935c865e4c,ASK SPL PSN METER CABLE,,METER CABLE HERO ALL,ASKHMSC04,,0.00,111,Inclusive,0,Inclusive,0,5,1.0,No,0,
358db690-254d-46fd-9936-51010182ccc0,ASK SPL PSN PLS ACC CABLE,,ACC CABLE HH,ASKHMTC03,,0.00,97,Inclusive,0,Inclusive,0,12,,No,0,
04cc5cb1-a577-44ea-99ec-c21454aca439,ASK SPL SMALL B. SHOE,,BREAK SHOE HH/TVS,ASKBS0101,,0.00,195,Inclusive,0,Inclusive,0,3,,No,0,
309fb0a8-641c-423a-b61f-64882521d22a,ASK SPL/SPL+ BRAKE CABLE,,BREAK CABLE HERO,ASKHMFBC03,,0.00,123,Inclusive,0,Inclusive,0,8,,No,0,
82eec07d-ff32-4560-aa2d-ba1b4c4c239a,ASK SPL SPL+ PSN CD DWN CLUTCH CABLE,,,ASKHMCC03LC,,0.00,104,Inclusive,0,Inclusive,0,6,,No,0,
54a558f6-bf43-4269-b3a1-9b675e6a8629,ASK STAR ACC CABLE,,ACC CABLE TVS,ASKTTC83,,0.00,174,Inclusive,0,Inclusive,0,7,,No,0,
4ad59927-3edf-4448-a5ed-cc6e641962a9,ASK STAR BRAKE SHOE ,,BRAKE SHOE,ASKBS0105,,0.00,195,Inclusive,0,Inclusive,0,3,,No,0,
7b8c6813-e0ed-4225-9fcc-ac7342567001,ASK STAR CITY 110 METER CABLE,,METER CABLE TVS ALL,ASKTSC102,,0.00,129,Inclusive,0,Inclusive,0,5,1.0,No,0,
f37cf097-111c-44d4-b2d1-8325193bda56,ASK STAR PLUS CLUTCH CABLE,,CLUTCH CABLE TVS,ASKTCC83,,0.00,173,Inclusive,0,Inclusive,0,3,,No,0,
1f599cf8-02d3-47d3-953c-c90b5c52a052,ASK STAR UG CHOKE CABLE,,CHOKE CABLE,ASKTCH91,,0.00,95,Inclusive,0,Inclusive,0,5,,No,0,
d862daf2-71c1-4e1a-af26-9160f865392a,ASK SUPER XL ACC CABLE,,ACC CABLE ALL MOPED,ASKTTC101,,0.00,155,Inclusive,0,Inclusive,0,8,,No,0,
4f09c0fc-01e6-4fad-a813-be36a9b1036b,ASK SUPER XL CHOKE CABLE,,CHOKE CABLE,ASK/TCH/101,,0.00,94,Inclusive,0,Inclusive,0,5,,No,0,
fad5ce4b-fda7-4b1d-8fef-a7a155a30ab3,ASK SUZUKI ACC CABLE,,ACC CABLE TVS,ASKTTC81,,0.00,170,Inclusive,0,Inclusive,0,5,,No,0,
e992517a-3cb3-4c2d-8a3c-21e277978c1a,ASK SUZUKI /MAX 100 CLUTCH CABLE,,CLUTCH CABLE SUZUKI,ASKTCC81,,0.00,118,Inclusive,0,Inclusive,0,8,,No,0,
2ae6c0c3-01c7-456d-a4e0-5151ea5e0d4c,ASK SUZUKI MAX CHOKE CABLE,,CHOKE CABLE,ASKTCH81,,0.00,50,Inclusive,0,Inclusive,0,1,,No,0,
99a1a478-b364-441f-83a0-435e22fa97fa,ASK VICTOR CHOKE CABLE,,CHOKE CABLE,ASKTCH84,,0.00,123,Inclusive,0,Inclusive,0,4,,No,0,
bc5beedd-73a5-4262-b9e3-8f2e7f025c73,ASK VICTOR CLUTCH CABLE,,CLUTCH CABLE TVS,ASK/T/CC/84,,0.00,161,Inclusive,0,Inclusive,0,3,1.0,No,0,
740e15b1-04fe-49d2-8272-786461fe0de9,ASK VICTOR GL ACC CABLE,,ACC CABLE TVS,ASKTTC84,,0.00,175,Inclusive,0,Inclusive,0,4,,No,0,
ecc111b7-5d0b-47cf-9162-79e2548a3c0a,ASK VICTOR GLCLUTCH CABLE,,CLUTCH CABLE TVS,ASKTCC84,,0.00,161,Inclusive,0,Inclusive,0,5,,No,0,
c11f7c94-c64d-41da-941b-202dad02139f,ASK WEGO/JUPPITER CHOKE CABLE,,CHOKE CABLE,ASKTCH98,,0.00,180,Inclusive,0,Inclusive,0,5,,No,0,
1c08474c-2ec6-4f0c-ae52-4aa66492d96b,ASK WEGO REAR BREAK CABLE LONG,,BREAK CABLE MOPED,ASKTRB99,,0.00,337,Inclusive,0,Inclusive,0,3,,No,0,
41acfba9-269f-4344-bda6-c5081870b912,ASK XL BS6 BREAK CABLE,,BREAK CABLE MOPED,ASKTRB105,,0.00,253,Inclusive,0,Inclusive,0,6,,No,0,
4f7110d9-59d5-45c5-b01e-78ff50e8a2cf,ASK  XLSUPER CHOKE CABLE,,CHOKE CABLE,ASKTCH101,,0.00,94,Inclusive,0,Inclusive,0,5,,No,0,
93e7c44f-460c-4e2a-9fa4-6b198b8e20a8,ASK XL SUPER FRO. BREAK CABLE,,BREAK CABLE MOPED,ASKTFBC101,,0.00,115,Inclusive,0,Inclusive,0,4,,No,0,
4c88d8ce-f4f2-4ff4-9072-8e0ad1547781,ASK XL SUPER METER CABLE,,METER CABLE MOPED ALL,ASKTSC101,,0.00,115,Inclusive,0,Inclusive,0,5,,No,0,
b24cb4dd-ee4e-4e53-a872-919554d42567,ASK XL SUPER RR BREAK CABLE,,BREAK CABLE MOPED,ASKTRB101,,0.00,127,Inclusive,0,Inclusive,0,5,,No,0,
a77b3e65-7730-4427-a1a2-b659e274b398,ASK XL SUPER /XL100  CHOKE CABLE,,,ASKTCH103,,0.00,62,Inclusive,0,Inclusive,0,5,,No,0,
65b91e13-cf60-4958-ba67-86792bb37b81,ASK YAMAHA CRUX B.SHOE,,BREAK SHOE YAMAHA/BULLET,ASKBS0130,,0.00,214,Inclusive,0,Inclusive,0,1,,No,0,
bfe2bb55-01f0-485b-971f-e71291f7820c,ASN  SPL METER GIASS ,,METER CASE ALL,ASN880,,0.00,78,Inclusive,0,Inclusive,0,4,,No,0,
a62d5bb3-5b88-404e-a6a2-65b3a4c8dd9a,AS SPL CD DELUX SIDE STAND,,,1438C,,0.00,152,Inclusive,0,Inclusive,0,2,,No,0,
d09f3a1d-acfd-4c27-bffe-e5fcd39a1ae0,ATS-HTA VICTOR VALVE SEAL,,VALVE/VALVE SEAL HH,HTA7524,,0.00,68,Inclusive,0,Inclusive,0,10,,No,0,
03238470-7570-4651-847b-014160683c78,ATS-HTA YAMAHA VALVE SEAL,,VALVE/VALVE SEAL HH,HTA6154,,0.00,77,Inclusive,0,Inclusive,0,2,,No,0,
a61a670a-cfc1-4ea3-83d1-a8b8191cc76f,ATTACH  4S CHAMPION BLK/GREEN,,VISOR BAJAJ,V4S,,0.00,335,Inclusive,0,Inclusive,0,1,,No,0,
0ad35443-bb21-4e53-bfa2-0d618628976b,ATTACH DIS 100 BLK/RED TP,,TAIL PANEL BAJAJ,ATP00BR,,0.00,730,Inclusive,0,Inclusive,0,1,,No,0,
e143b6be-23ae-4830-8e3a-2f558e66a8f4,ATTACH PLSR BLK,,VISOR BAJAJ,127411155422,,0.00,520,Inclusive,0,Inclusive,0,1,,No,0,
3d76ddce-6dba-4fff-85d9-6fbff574fda6,ATTACH SHINE BLK/RED ,,VISOR HH,289900801249,,0.00,460,Inclusive,0,Inclusive,0,3,,No,0,
ae024310-7d4f-4f73-9112-e9af67a5062f,ATTACH SHINE BLK/SILVER,,VISOR HH,113160605955,,0.00,460,Inclusive,0,Inclusive,0,1,,No,0,
96bfc71d-a7ff-45d6-b331-8a07c68aec30,ATTACH SHINE BLK/SILVER,,VISOR HH,809111780664,,0.00,550,Inclusive,0,Inclusive,0,1,,No,0,
a7808881-d43a-49e2-9644-f95acd209591,BAAZ DREAM YUGA CLUTCH PLATES ,,CLUTCH PLATES HERO,BFD75,,0.00,219,Inclusive,0,Inclusive,0,2,,No,0,
c6e7d017-1a97-41cc-a0b8-f3df2f789c6a,BAAZ PLSR CLUTCH PLATE,,CLUTCH PLATE BAJAJ,BFD67,,0.00,219,Inclusive,0,Inclusive,0,3,,No,0,
87a0f699-e05f-4e45-bad5-0290d41912fd,BAAZ PLSR UG3 CLUTCH PLATE,,CLUTCH PLATE BAJAJ,BFD41,,0.00,276,Inclusive,0,Inclusive,0,3,,No,0,
bc22599d-4ffd-4640-8b3d-5d5a6ea27c4f,BAAZ RX 100 CLUTC PLATE COMBO,,CLUTCH PLATE TVS,BFD23M,,0.00,363,Inclusive,0,Inclusive,0,3,,No,0,
35630680-8509-457c-ba23-2fe02ec7aa12,BAJAJ 4S BXR BLOCK PISTON ,,BLOCK PISTON,31101314,,0.00,2452,Inclusive,0,Inclusive,0,3,,No,0,
bfe466b5-916c-41e1-80b0-657e4ae79c1b,BAJAJ 4S BXR BREAK CABLE,,BAJAJ BREAK CABLE,DD191019,,0.00,127,Inclusive,0,Inclusive,0,1,1.0,No,0,
72ab26d6-064a-44cc-8ff5-e0c6d0093095, BAJAJ 4S CLUTCH CABLE,,CLUTCH CABLE BAJAJ ALL,31191028,,0.00,103,Inclusive,0,Inclusive,0,11,1.0,No,0,
e82a801c-210a-4489-8e87-3fd66dc553fe,BAJAJ 4S CT-100 CALIBAR VALVE,,,36311028,,0.00,333,Inclusive,0,Inclusive,0,8,,No,0,
fdcae279-b7fa-4edd-a324-d57314022e87,BAJAJ 4S MAG PAK ,,MAGNET PACKING ALL,DM101139,,0.00,45,Inclusive,0,Inclusive,0,0,,No,0,
3506d0de-6a4c-4b50-bf1f-8389b4beecea,BAJAJ 4S OIL PUMP,,OIL PUMP BAJAJ STAR,DF121003,,0.00,195,Inclusive,0,Inclusive,0,4,,No,0,
bcd38a80-c6f6-4291-933c-d0d31c056077,BAJAJ 4.S PLN TIMING CHAIN,,TIMING CHAIN BAJAJ,31101033,,0.00,144,Inclusive,0,Inclusive,0,11,,No,0,
9491eb6c-9085-4460-b669-d4e2465798b5,BAJAJ 6000 BEARING,,BEARING,39100120,,0.00,95,Inclusive,0,Inclusive,0,8,,No,0,
1b6f06e8-4fa6-46a4-bcb9-f99a4bf9a3b6,BAJAJ 6001 BEARING,,BEARING,AP101236,,0.00,89,Inclusive,0,Inclusive,0,12,,No,0,
0b562d63-6989-4bc3-83d8-446514cdf077,BAJAJ 6002 BEARING,,BEARING,39188020,,0.00,89,Inclusive,0,Inclusive,0,14,,No,0,
f4e5930a-eb0b-4146-bb14-e894bd2b8683,BAJAJ 6003 BEARING ,,BEARING,39100320,,0.00,103,Inclusive,0,Inclusive,0,15,,No,0,
83f202dc-f402-4fea-9d40-436ec7cd93a9,BAJAJ 6204 BEARING,,BEARING,BAJ6204,,0.00,141,Inclusive,0,Inclusive,0,7,,No,0,
fb7d8fbc-d94c-48f2-a5ea-f766591c39dc,BAJAJ 628 BEARING,,BEARING,39240320,,0.00,84,Inclusive,0,Inclusive,0,5,,No,0,
67ec833d-e961-4952-9dc4-48788701d788,BAJAJ BOXER ACC CABLE,,ACC CABLE BAJAJ,DU191005,,0.00,152,Inclusive,0,Inclusive,0,3,1.0,No,0,
71078e7c-e963-4463-8e85-92eb96757d01,BAJAJ BOXER CLUTCH PLATE,,CLUTCH PLATE BAJAJ,36DD4006,,0.00,193,Inclusive,0,Inclusive,0,6,,No,0,
b1472af7-ce96-4d17-8612-0cfcf2c94993,BAJAJ BOXER SHOCK PIPE ,,SHOCK PIPE FRONT BAJAJ,DM181036,,0.00,651,Inclusive,0,Inclusive,0,3,,No,0,
b00d4c76-0e39-4ba1-ada8-2b5cde8ed5a5,BAJAJ BXR CHOKE CABLE,,CHOKE CABLE,DM191002,,0.00,81,Inclusive,0,Inclusive,0,5,,No,0,
03406a5b-b647-48c9-9531-b030c5c032a6,BAJAJ CLBR 115 13/44 CHAIN SPO,,,36DD1502,,0.00,846,Inclusive,0,Inclusive,0,1,,No,0,
57948f92-5780-42c0-b491-508a35a025bf,BAJAJ CLBR 115 BLOCK PISTON ,,BLOCK PISTON,DD101478,,0.00,2603,Inclusive,0,Inclusive,0,1,,No,0,
759b9c5e-90be-4c17-ade1-cd65ede63969,BAJAJ CRAK OIL SEAL ,,TIMING CHAIN BAJAJ,DK101097,,0.00,20,Inclusive,0,Inclusive,0,4,,No,0,
51d7cb1c-c38e-441c-afb5-3d66054f5691,BAJAJ CRANK 6304 BEARING,,BEARING,BAJ6304,,0.00,169,Inclusive,0,Inclusive,0,8,,No,0,
2ad6c8a3-3499-4c7b-b485-e1eef722b387,BAJAJ CRANK 63/22 BEARING,,BEARING,JE531001,,0.00,250,Inclusive,0,Inclusive,0,4,,No,0,
901c48c3-14ae-4577-9691-15f791c7d3da,BAJAJ  CT100 BLK,,MUDGUARD BAJAJ,52DU0289,,0.00,741,Inclusive,0,Inclusive,0,1,,No,0,
e2c4463c-6fb3-42cc-a1af-d34773cfbb1d,BAJAJ CT100 BLK/RED TP,,TAIL PANEL BAJAJ,52DU0622,,0.00,878,Inclusive,0,Inclusive,0,1,,No,0,
8e21a97f-4d73-41c6-89d3-7c7778097287,"BAJAJ CT-100,BOX /DIS CAMSHAFT",,,DZ101075,,0.00,514,Inclusive,0,Inclusive,0,2,,No,0,
c3fff140-aac2-4a64-b2d9-65a6d9032d18,BAJAJ CT100 BS6 RR UNIT ,,RR UNIT BAJAJ,JZ402002,,0.00,692,Inclusive,0,Inclusive,0,1,,No,0,
79d444bb-838c-4472-af3d-59b5d6abf6d6,BAJAJ CT-100 CARBURATOR,,CARBURATOR ALL,DU121060,,0.00,1661,Inclusive,0,Inclusive,0,2,,No,0,
315e5bf0-660f-4d16-8773-f7ace2898966,BAJAJ CT100 CARBURATOR,,CARBURATOR ALL,DU121009,,0.00,1612,Inclusive,0,Inclusive,0,4,,No,0,
ddb7cf0a-473b-45d3-9ee7-2da3eeb4b162,BAJAJ CT100 CDI,,CDI COIL BAJAJ,DU111001,,0.00,379,Inclusive,0,Inclusive,0,1,,No,0,
8295acac-4cb3-4b3e-a3b5-18225c794f97,BAJAJ CT100 CLUTCH CABLE,,CLUTCH CABLE BAJAJ ALL,DU191059,,0.00,190,Inclusive,0,Inclusive,0,9,1.0,No,0,
3920a578-3755-421c-8143-612613e59543,BAJAJ CT100 CLUTCH CABLE NEW,,CLUTCH CABLE BAJAJ ALL,DU191047,,0.00,166,Inclusive,0,Inclusive,0,6,1.0,No,0,
815f3354-2fde-4c79-89da-eeba1c1ed214,BAJAJ CT100 CLUTCH CABLE OLD,,CLUTCH CABLE BAJAJ ALL,DU191006,,0.00,140,Inclusive,0,Inclusive,0,0,1.0,No,0,
f6647624-eb85-408c-80ce-9c8f58fcb928,BAJAJ CT100ES B PEDAL,,BRAKE PEDAL ALL,DY161002,,0.00,374,Inclusive,0,Inclusive,0,3,,No,0,
948dd9ce-1eb5-4bbe-9e34-6bd265fc58c3,BAJAJ CT100 ES BREAK CABLE,,BAJAJ BREAK CABLE,PF161234,,0.00,258,Inclusive,0,Inclusive,0,8,1.0,No,0,
3359b8a6-db74-443e-8b57-e135f58732b2,BAJAJ CT100ES GEAR LEVER,,GEAR LEVER BAJAJ,DY561400,,0.00,399,Inclusive,0,Inclusive,0,1,,No,0,
6107dfee-83fb-4c61-8bf1-97bfc4b0dfe0,BAJAJ CT100 NEW ACC CABLE,,ACC CABLE BAJAJ,DU191048,,0.00,158,Inclusive,0,Inclusive,0,3,1.0,No,0,
309a3fa4-69a4-4900-a487-07355d259fb5,BAJAJ CT100 NEW CLUTCH CABLE,,CLUTCH CABLE BAJAJ ALL,DM191025,,0.00,182,Inclusive,0,Inclusive,0,4,1.0,No,0,
1a6db5e0-0a90-486d-8e62-391fdb43f7fd,BAJAJ CT 100/PLN BLOCK PISTON,,BLOCK PISTON,36DU4212,,0.00,2136,Inclusive,0,Inclusive,0,1,,No,0,
da14afc2-73b6-471d-ace0-6b7bfcbfd3b6,BAJAJ CT 100 SIDE STAND,,SIDE STAND BAJAJ,DL161048,,0.00,116,Inclusive,0,Inclusive,0,1,,No,0,
e373b5e5-5822-49ad-87a8-4616162c26da,BAJAJ DIS 100,,CDI COIL BAJAJ,JB351201,,0.00,860,Inclusive,0,Inclusive,0,2,,No,0,
6f1ac51e-4fcf-44a7-994e-b891886ac84b,BAJAJ DIS 100 ACC CABLE,,ACC CABLE BAJAJ,DJ161201,,0.00,104,Inclusive,0,Inclusive,0,2,1.0,No,0,
07488bfa-8228-4e26-b5dd-0af9eb9e8570,BAJAJ DIS 100 BLK CHAIN COVER,,CHAIN COVER METEL,52PA0054,,0.00,981,Inclusive,0,Inclusive,0,2,,No,0,
86a3cb89-f271-4584-8111-609c47a4ed24,BAJAJ DIS 100 BLK/RED TP,,TAIL PANEL BAJAJ,PA75013C,,0.00,896,Inclusive,0,Inclusive,0,1,,No,0,
1a89878f-2216-47fa-b0b0-5dfb7a7a3522,BAJAJ DIS 100 BLOCK PISTON,,BLOCK PISTON,52JB0231,,0.00,2119,Inclusive,0,Inclusive,0,5,,No,0,
dfac1c90-4c88-4503-9a79-ad23795d2f50,BAJAJ DIS 100 CARBURATOR,,CARBURATOR ALL,JB581278,,0.00,1782,Inclusive,0,Inclusive,0,2,,No,0,
3b88dff8-90ea-4ee3-9a47-a5978655d2b1,BAJAJ DIS100 CLUTCH CABLE,,CLUTCH CABLE BAJAJ ALL,JZ161200,,0.00,208,Inclusive,0,Inclusive,0,6,1.0,No,0,
b0b96690-1e08-46a8-a3ea-25c9de29245d,BAJAJ DIS 100 DTSI SHOCK PIPE ,,SHOCK PIPE FRONT BAJAJ,JA151013,,0.00,714,Inclusive,0,Inclusive,0,4,,No,0,
1340dc22-9010-4091-b921-e2622eade1b1,BAJAJ DIS 100 GEAR SHAFT ,,GEAR SHAFT ALL,PF561200,,0.00,280,Inclusive,0,Inclusive,0,3,,No,0,
db6495b8-f640-4640-994b-1cec538639d7,BAJAJ DIS 100 HEAD LIGHT ,,HEAD LIGHT BAJAJ,JZ401002,,0.00,1517,Inclusive,0,Inclusive,0,2,,No,0,
6d4075d9-dace-4b93-aaad-3583ff927cbb,BAJAJ DIS 100 LOCK KIT ,,LOCK KIT BAJAJ,JZ232600,,0.00,568,Inclusive,0,Inclusive,0,1,,No,0,
65585824-5f5e-41d8-8406-9fa268a7d06e,BAJAJ DIS 100 M 14T 42T CHAIN SPOCKET ,,CHAIN SPOCKET BAJAJ,36DS4012,,0.00,1067,Inclusive,0,Inclusive,0,1,,No,0,
0cfcc88b-3bc2-4ae5-97c0-6d362835fd4f,BAJAJ DIS 100 MAIN STAND,,MAIN STAND ALL,DS161113,,0.00,616,Inclusive,0,Inclusive,0,1,,No,0,
841cfa22-7998-46c8-b212-5529cbd31a01,BAJAJ DIS 100 M BLOCK PISTON,,BLOCK PISTON,36PA0093,,0.00,2079,Inclusive,0,Inclusive,0,3,,No,0,
5592f0ea-0d5d-4d7e-9425-3acc05b1b31e,BAJAJ DIS 100 M CDI COIL,,CDI COIL BAJAJ,PA351217,,0.00,1384,Inclusive,0,Inclusive,0,1,,No,0,
4a9c1a10-bc63-4805-bbf2-cf80f21aba8e,BAJAJ DIS100M CIUTCH HOUSING ,,GEAR SHAFT ALL,36PA0006,,0.00,802,Inclusive,0,Inclusive,0,1,,No,0,
426ce88a-ecfd-4504-8679-a05b77e45c86,BAJAJ DIS 100 M TIMING CHAIN ,,TIMING CHAIN BAJAJ,JE511230,,0.00,311,Inclusive,0,Inclusive,0,2,,No,0,
193786ac-6148-40d6-9b92-6c523bfb242f,BAJAJ DIS 100 RR UNIT ,,RR UNIT BAJAJ,JN402000,,0.00,585,Inclusive,0,Inclusive,0,2,,No,0,
7c7acec3-ff4d-47e6-9973-4f095ee4c6ef,BAJAJ DIS 100 RR UNIT ,,RR UNIT BAJAJ,JK402000,,0.00,696,Inclusive,0,Inclusive,0,5,,No,0,
718e7e68-7894-40fc-a34e-e585f1d3fa63,BAJAJ DIS 100  TIMING CHAIN ,,TIMING CHAIN BAJAJ,JA531011,,0.00,167,Inclusive,0,Inclusive,0,5,,No,0,
c0dec499-d97f-457c-bf09-30fa59756838,BAJAJ  DIS100T  KICK,,KICK ALL,JZ621200,,0.00,794,Inclusive,0,Inclusive,0,1,,No,0,
42bcc1c2-56c9-4169-ad21-668ed874f02c,BAJAJ  DIS 100 VALVE KIT ,,VALVE KIT BAJAJ,36PA0004,,0.00,314,Inclusive,0,Inclusive,0,4,,No,0,
378e5ea4-c01a-49e6-9cb3-b370ee12c52a,BAJAJ DIS 100  VALVE SEAL ,,VALVE KIT BAJAJ,39201719,,0.00,70,Inclusive,0,Inclusive,0,3,,No,0,
743bf1c1-3b0c-456c-9b40-ba349be15b74,BAJAJ DIS 110 14T 42TCHAIN SPOCKET,,CHAIN SPOCKET BAJAJ,36DX0001,,0.00,987,Inclusive,0,Inclusive,0,1,,No,0,
9a2490f2-62c5-4cdb-882b-7549eab180c6,BAJAJ DIS 110 CT 110 BLOCK PISTON ,,BLOCK PISTON,36JK0064,,0.00,2339,Inclusive,0,Inclusive,0,1,,No,0,
b71c4aec-a495-4ad8-91e4-5a35dd89d461,BAJAJ DIS125 ,,IGNITION SWITCH BAJAJ,JZ401400,,0.00,486,Inclusive,0,Inclusive,0,0,,No,0,
5fd1906e-7167-44d9-a857-16aaca6028db,BAJAJ DIS 125 14/43 CHAIN SPO,,CHAIN SPOCKET BAJAJ,36JZ0026,,0.00,1057,Inclusive,0,Inclusive,0,1,,No,0,
2b812a61-026e-4a6f-b62e-96aadaf58c88,BAJAJ DIS125 14/45 CHAIN SPO,,CHAIN SPOCKET BAJAJ,36DS4011,,0.00,1107,Inclusive,0,Inclusive,0,3,,No,0,
ec46055f-4332-454f-b590-3a5da60dff94,BAJAJ DIS 125 ACC CABLE,,ACC CABLE BAJAJ,JZ161221,,0.00,158,Inclusive,0,Inclusive,0,7,1.0,No,0,
a7301907-0800-466c-a4ec-4c554dea332d,BAJAJ DIS125 ACC CABLE,,ACC CABLE BAJAJ,DZ161202,,0.00,97,Inclusive,0,Inclusive,0,2,1.0,No,0,
7a1123e8-6258-46ee-81a7-675f19c71ea3,BAJAJ DIS125 ACC CABLE,,ACC CABLE BAJAJ,JZ161207,,0.00,126,Inclusive,0,Inclusive,0,5,1.0,No,0,
1fcd4d33-0b78-4c81-81ca-1c45254a8735,BAJAJ DIS 125 BLK BLOCK PISTON,,BLOCK PISTON,36JZ0024,,0.00,2589,Inclusive,0,Inclusive,0,2,,No,0,
7cf5c288-04ca-43a0-bb56-c1544e23af46,BAJAJ DIS 125 BLOCK PISTON,,BLOCK PISTON,DS101360,,0.00,2889,Inclusive,0,Inclusive,0,2,,No,0,
c65d8684-7ff7-4afb-b0c7-5dacc79931aa,BAJAJ DIS 125 CARB ,,CARBURATOR ALL,JZ581227,,0.00,2065,Inclusive,0,Inclusive,0,1,,No,0,
8a5160dd-1ea8-4d42-9ef5-993f7c1f5313,BAJAJ DIS 125 C C PAK,,CLUTCH PACKING ALL,JA541212,,0.00,57,Inclusive,0,Inclusive,0,18,,No,0,
a697d565-d291-4280-94f4-51207d6fadfa,BAJAJ DIS 125 CDI,,CDI COIL BAJAJ,JE351206,,0.00,1429,Inclusive,0,Inclusive,0,1,,No,0,
66016431-64bf-45cf-b561-d2aa163d22f0,BAJAJ DIS 125 HEAD GAS KIT,,HEAD GAS KIT,JB511019,,0.00,93,Inclusive,0,Inclusive,0,12,,No,0,
7b4f7ba2-8e6e-463f-975f-6b0f1dcce9b0,BAJAJ DIS125 LH H/B/S ,,HANDLE BAR SWITCH LH BAJAJ,JB401400,,0.00,315,Inclusive,0,Inclusive,0,3,,No,0,
bd4eb778-729e-4bf6-8714-c611b100080c,BAJAJ DIS 125 MAG COIL,,MAGNET COIL ASSY BAJAJ,JP351007,,0.00,1533,Inclusive,0,Inclusive,0,1,,No,0,
79ed4f6b-3274-459d-94af-c17ff894d944,BAJAJ DIS 125 SILVER BLOCK PISTON ,,BLOCK PISTON,36JZ0166,,0.00,2408,Inclusive,0,Inclusive,0,1,,No,0,
3689c2f7-1084-4a5d-926c-ad313f97d573,BAJAJ DIS 125 TIMING CHAIN ,,TIMING CHAIN BAJAJ,DS101036,,0.00,181,Inclusive,0,Inclusive,0,11,,No,0,
48275b1d-b21f-4aa6-8268-67b0835274fc,BAJAJ DIS 125 VALVE KIT,,VALVE KIT BAJAJ,36JZ0001,,0.00,329,Inclusive,0,Inclusive,0,7,,No,0,
13590ef5-3840-442a-8691-983e9c7c8de7,BAJAJ DIS. B.SHOE,,BREAK SHOE BAJAJ,30151105,,0.00,172,Inclusive,0,Inclusive,0,10,,No,0,
39a2d9de-f692-4f86-bf93-e12fd4ccc405,BAJAJ DISC 100 BLK CHAIN COVER,,CHAIN COVER METEL,36DS4020,,0.00,973,Inclusive,0,Inclusive,0,2,,No,0,
cd64f48e-84d0-44af-a58e-965b8e2f530d,BAJAJ DISC 125 S ONE WAY KIT,,STARTER ONE WAY KIT ALL,36JZ0008,,0.00,103,Inclusive,0,Inclusive,0,3,,No,0,
69888c62-6421-4c95-834b-3f3c086eb083,BAJAJ DISC CLUTCH CABLE,,CLUTCH CABLE BAJAJ ALL,PF161212,,0.00,207,Inclusive,0,Inclusive,0,2,1.0,No,0,
34a6b1ff-3cb6-4fa3-908d-dac8717828c1,BAJAJ DISC CLUTCH CABLE,,CLUTCH CABLE BAJAJ ALL,JZ161203,,0.00,181,Inclusive,0,Inclusive,0,1,1.0,No,0,
b006e93f-d879-4131-98ae-d1843904460c,BAJAJ DISC CLUTCH PLATE,,CLUTCH PLATE BAJAJ,36JZ0037,,0.00,342,Inclusive,0,Inclusive,0,2,,No,0,
21a82d98-5913-4093-8c18-74e23bf9cd7f,BAJAJ DISC/CT100 PRESSURE PLATE,,PRESSURE PLATE BAJAJ,36JZ0103,,0.00,144,Inclusive,0,Inclusive,0,10,,No,0,
213757ff-b5e8-487d-a250-89a3cae40a0c,BAJAJ DISC METER CABLE,,METER CABLE BAJAJ,JZ161210,,0.00,163,Inclusive,0,Inclusive,0,8,1.0,No,0,
b7dbf05a-8ca9-4707-ab3c-a57dbc4faa7e,BAJAJ DIS FRONT WHITE,,INDICATOR BAJAJ,JZ401000,,0.00,220,Inclusive,0,Inclusive,0,1,,No,0,
0ff938e2-e06c-4d7d-a56b-57904abbeecd,BAJAJ DIS LEFT RED,,INDICATOR BAJAJ,JK401007,,0.00,165,Inclusive,0,Inclusive,0,1,,No,0,
3e46ab40-b273-46d6-8a48-7ef5355b0499,BAJAJ DIS MAG PAK,,MAGNET PACKING ALL,JA541205,,0.00,35,Inclusive,0,Inclusive,0,4,,No,0,
d5f80639-c5a9-42b6-b46e-9061ddd7002e,BAJAJ DIS METER CABLE,,METER CABLE BAJAJ,DJ201183,,0.00,212,Inclusive,0,Inclusive,0,5,1.0,No,0,
c1c97470-f361-4997-b767-4bdb5a9c00e8,BAJAJ DIS M  VALVE,,VALVE/VALVE SEAL HH,36PA0180,,0.00,338,Inclusive,0,Inclusive,0,6,,No,0,
1f1f6738-1bd9-4d0f-8086-c9ff9f8eccfb,BAJAJ DIS ONE  WAY BODY ,,STARTER ONE WAY KIT ALL,DH101782,,0.00,640,Inclusive,0,Inclusive,0,1,,No,0,
f492366d-3e0a-403f-b9e9-d1126d35c266,BAJAJ DIS RED RH,,INDICATOR BAJAJ,JK401008,,0.00,146,Inclusive,0,Inclusive,0,1,,No,0,
ec1d9603-9ee3-424a-b517-be22c74853d2,BAJAJ  DIS SMALL B.SHOE,,BREAK SHOE BAJAJ,31151060,,0.00,194,Inclusive,0,Inclusive,0,11,,No,0,
1ffb4c9d-31b8-4098-ba8c-4cd6601c895f,BAJAJ DIS WHITE,,INDICATOR BAJAJ,DJ201206,,0.00,173,Inclusive,0,Inclusive,0,1,,No,0,
cd43a53a-d263-4b53-9768-14ad26552c9b,BAJAJ DIS WHITE FRONT,,INDICATOR BAJAJ,JZ401001,,0.00,251,Inclusive,0,Inclusive,0,3,,No,0,
54a58c6a-07f4-4aea-aa9b-e47e5bd18923,BAJAJ HEAD GAS KIT,,HEAD GAS KIT,JD521002,,0.00,30,Inclusive,0,Inclusive,0,58,,No,0,
b38019ee-e135-4268-855f-b75bf7ab0b63,BAJAJ KANGAN DISTANCE,,BEARING,28101195,,0.00,32,Inclusive,0,Inclusive,0,2,,No,0,
d181db36-fa8c-4e46-b7c7-14fe80180f5d,BAJAJ NIDDLE BEARING,,BEARING,JA541011,,0.00,45,Inclusive,0,Inclusive,0,9,,No,0,
a30c9c60-8f6a-4afa-ade4-8cdc124bdae4,BAJAJ NIDDLE BEARING,,BEARING,39256220,,0.00,47,Inclusive,0,Inclusive,0,9,,No,0,
ec85be1f-4e20-4bf6-90c6-ee36752a363a,BAJAJ NIDDLE BEARING,,BEARING,39100820,,0.00,50,Inclusive,0,Inclusive,0,3,,No,0,
a4f8a715-32d8-42c0-9a96-fd41758c976e,BAJAJ OLD PLN BREAK CABLE,,BAJAJ BREAK CABLE,DU191008,,0.00,200,Inclusive,0,Inclusive,0,6,1.0,No,0,
47a0ed50-bb25-49d1-a400-76f520e960a4,BAJAJ PLN 100 CIUTCH GEAR KIT HOSING ,,GEAR SHAFT ALL,DX101054,,0.00,931,Inclusive,0,Inclusive,0,1,,No,0,
a711264e-67b7-4557-b88b-0f7f535beefc,BAJAJ PLN 100 ES 14T 45TCHAIN SPOCKET,,CHAIN SPOCKET BAJAJ,36PA0113,,0.00,1217,Inclusive,0,Inclusive,0,1,,No,0,
0d1265c6-b84a-43a7-97bb-19c81a22e4b7,BAJAJ PLN 125 BLOCK PISTON ,,BLOCK PISTON,36JK0031,,0.00,2397,Inclusive,0,Inclusive,0,1,,No,0,
1c58d46e-36f8-4efe-93d4-8c01b243c498,BAJAJ PLN 125 CARB.,,CARBURATOR ALL,PF581215,,0.00,1674,Inclusive,0,Inclusive,0,2,,No,0,
1a8940ba-2030-4f4a-8aae-3c42f6da6039,BAJAJ PLN 125 VALVE KIT ,,VALVE KIT BAJAJ,36JA0002,,0.00,331,Inclusive,0,Inclusive,0,2,,No,0,
2933296e-8a75-4561-8266-8d41ed709ce7,BAJAJ PLN 4.S VALVE SEAL ,,VALVE KIT BAJAJ,39103519,,0.00,64,Inclusive,0,Inclusive,0,13,,No,0,
94122daa-916c-4b1a-950f-c287365c6979,BAJAJ PLN ACC CABLE,,ACC CABLE BAJAJ,DZ191035,,0.00,219,Inclusive,0,Inclusive,0,3,1.0,No,0,
b67cef21-0d70-45eb-aecb-0c92d629669c,BAJAJ PLN A/W METER CABLE,,METER CABLE BAJAJ,DZ191014,,0.00,167,Inclusive,0,Inclusive,0,3,,Yes,0,
c67b1e74-6e25-404a-b83a-c7dd27b7b4d6,BAJAJ PLN BLK CHAIN COVER,,CHAIN COVER METEL,36DU4004,,0.00,654,Inclusive,0,Inclusive,0,1,,No,0,
32020fab-0342-452e-8640-21ad54b79bed,BAJAJ PLN BRAKE PADEL,,BRAKE PEDAL ALL,DZ191004,,0.00,370,Inclusive,0,Inclusive,0,1,,No,0,
7854d46f-4b7c-49cb-b0dd-3fd4011664e2,BAJAJ PLN BS6 ACC CABLE,,ACC CABLE BAJAJ,PF161231,,0.00,165,Inclusive,0,Inclusive,0,8,1.0,No,0,
a45784bc-3c65-4dfc-aafa-11ab85e323f1,BAJAJ PLN BS6 ACC CABLE,,ACC CABLE BAJAJ,PF161236,,0.00,152,Inclusive,0,Inclusive,0,4,1.0,No,0,
abedc608-e568-4b2a-8f40-074aa18d545d,BAJAJ PLN BS6 HEAD LIGHT,,HEAD LIGHT BAJAJ,YJK17001,,0.00,2606,Inclusive,0,Inclusive,0,1,,No,0,
fdb29527-2b9f-4acc-97b6-c4e132c0cb1a,BAJAJ PLN CLUTCH CABLE,,CLUTCH CABLE BAJAJ ALL,DM191017,,0.00,190,Inclusive,0,Inclusive,0,3,1.0,No,0,
f16467a5-7488-4eb8-84e3-b9c66b2497e8,BAJAJ PLN COM. CLUTCH CABLE,,CLUTCH CABLE BAJAJ ALL,JZ161224,,0.00,182,Inclusive,0,Inclusive,0,1,1.0,No,0,
8e9b672b-39ca-4d37-a381-b39df1f8900c,BAJAJ PLN COM. CLUTCH CABLE,,CLUTCH CABLE BAJAJ ALL,PF161226,,0.00,183,Inclusive,0,Inclusive,0,5,1.0,No,0,
8dc312fd-dd31-4855-b835-16dabaf188a5,BAJAJ PLN COMF GEAR LEVER,,GEAR LEVER BAJAJ,JK561206,,0.00,471,Inclusive,0,Inclusive,0,2,,No,0,
495a8d8e-c00e-49d0-9243-d8b7c19e9bcc,BAJAJ PLN COMFORT BLK/MARRON TP,,TAIL PANEL BAJAJ,DJ73134G,,0.00,1122,Inclusive,0,Inclusive,0,1,,No,0,
bc8d2dc3-e5d0-4343-864b-7108ee91b7e3,BAJAJ PLN COMFORT BS6 PRESSURE PLATE,,PRESSURE PLATE BAJAJ,36PF0087,,0.00,122,Inclusive,0,Inclusive,0,9,,No,0,
a6729273-9b95-4c97-be98-404495c9690e,BAJAJ  PLN COMFORT LOCK KIT ,,LOCK KIT BAJAJ,36JK0066,,0.00,1140,Inclusive,0,Inclusive,0,1,,No,0,
38fec52f-31a7-4481-9973-ad046288eb4e,BAJAJ PLN COMFORTL OCK KIT,,LOCK KIT BAJAJ,PF232606,,0.00,1154,Inclusive,0,Inclusive,0,1,,No,0,
afe0185c-efca-486c-8ac5-e722dbdf9c7b,BAJAJ PLN COMFORT VALVE,,,36DU4076,,0.00,337,Inclusive,0,Inclusive,0,10,,No,0,
7994caf9-8daa-4303-8fdf-5f17a4216c19,BAJAJ PLN COMF RH H/B/S ,,HANDLE BAR SWITCH RH BAJAJ,PF401417,,0.00,255,Inclusive,0,Inclusive,0,2,,No,0,
28c3792d-6a0c-401d-b664-d0dc8d709492,BAJAJ PLN/CT100 ,,CDI COIL BAJAJ,DZ111002,,0.00,449,Inclusive,0,Inclusive,0,3,,No,0,
677e39c0-4ee8-4ac5-a7f1-bf67c3130094,BAJAJ PLN CT100 GEAR SHAFT ,,GEAR SHAFT ALL,52DU0104,,0.00,301,Inclusive,0,Inclusive,0,2,,No,0,
d2530f52-4550-42e8-901e-964f041b3980,BAJAJ PLN DRUM RUBBER ,,DRUM RUBBER ALL,31151021,,0.00,102,Inclusive,0,Inclusive,0,2,,No,0,
579ea2a2-3298-485d-9e18-9be972bbc211,BAJAJ PLN ES BLK/SILVER TP,,TAIL PANEL BAJAJ,52PF1154,,0.00,1108,Inclusive,0,Inclusive,0,0,,No,0,
dc879267-e91d-4adb-8353-29ab2c303f64,BAJAJ PLN ES BLOCK PISTON ,,BLOCK PISTON,36PF0045,,0.00,2353,Inclusive,0,Inclusive,0,2,,No,0,
ea65d529-0b7e-4514-a0d7-e6fd696334c9,BAJAJ PLN ES CDI UINT ,,CDI COIL BAJAJ,PF351206,,0.00,1175,Inclusive,0,Inclusive,0,2,,No,0,
47753df0-72b9-4587-a0e4-2be927b08eac,BAJAJ PLN ES GEAR LEVER ,,GEAR LEVER BAJAJ,PF561400,,0.00,287,Inclusive,0,Inclusive,0,3,,No,0,
14662599-0278-4a62-bed5-ae0ae787605f,BAJAJ PLN ES MAG PAK,,MAGNET PACKING ALL,JB541224,,0.00,40,Inclusive,0,Inclusive,0,18,,No,0,
1374af13-6297-45c2-81f8-b7648b530c78,BAJAJ PLN ES PRESSURE PLAT ,,PRESSURE PLATE BAJAJ,JA551419,,0.00,220,Inclusive,0,Inclusive,0,1,,No,0,
ca30745c-5c72-4382-85f3-1cc3a8c305b8,BAJAJ PLN ES TIMING CHAIN ,,TIMING CHAIN BAJAJ,DS109905,,0.00,226,Inclusive,0,Inclusive,0,9,,No,0,
83283086-5464-468c-92a1-1ea334ea2177,BAJAJ PLN ES VALAE KIT ,,VALVE KIT BAJAJ,36PF0048,,0.00,327,Inclusive,0,Inclusive,0,9,,No,0,
c1222a7e-fd30-4878-ba59-a7b5c90a36af,BAJAJ PLN ES VALVE SEAL ,,VALVE KIT BAJAJ,CB101009,,0.00,83,Inclusive,0,Inclusive,0,10,,No,0,
901d8082-eb35-49c7-a0e7-92992060ef34,BAJAJ PLN HT COIL ,,H.T.COIL ALL,PA351201,,0.00,235,Inclusive,0,Inclusive,0,4,,No,0,
46c25642-c61b-41c6-a4c1-507fb0b47c16,BAJAJ PLN METER CABLE,,METER CABLE BAJAJ,PA161217,,0.00,145,Inclusive,0,Inclusive,0,0,,No,0,
9abcec6f-2863-4503-a34a-8568f1148ce9,BAJAJ PLN NEW BREAK CABLE,,BAJAJ BREAK CABLE,DZ191013,,0.00,169,Inclusive,0,Inclusive,0,8,1.0,No,0,
466e7415-9758-4a14-b9c0-47e203b31138,BAJAJ PLN NEW CLUTCH PLATE,,CLUTCH PLATE BAJAJ,36PF0086,,0.00,538,Inclusive,0,Inclusive,0,8,,No,0,
c9a79cc5-2a47-4ac2-903f-afa78dd841c8,BAJAJ PLN NEW TIMING CHAN ,,TIMING CHAIN BAJAJ,PF511257,,0.00,240,Inclusive,0,Inclusive,0,5,,No,0,
b45e92aa-e2e7-47aa-8f7b-e0fb5d9708ec,BAJAJ PLN OLD BLOCK PISTON ,,BLOCK PISTON,DU101218,,0.00,2425,Inclusive,0,Inclusive,0,1,,No,0,
123f55f3-4f4d-46ee-97fe-5d47b756d59b,BAJAJ PLN OLD CLUTCH PLATE,,CLUTCH PLATE BAJAJ,36DD4008,,0.00,379,Inclusive,0,Inclusive,0,5,,No,0,
9d021b19-8850-4ed4-9217-52709f5fa6a6,BAJAJ PLN OLD VALVE ,,VALVE KIT BAJAJ,36DU4074,,0.00,401,Inclusive,0,Inclusive,0,7,,No,0,
8bafb336-2464-4205-b11d-b081ca161d27,BAJAJ PLN/PLSR NEW CLUTCH PLATE,,CLUTCH PLATE BAJAJ,36DH4117,,0.00,722,Inclusive,0,Inclusive,0,3,,No,0,
3fea425e-b2d9-4b03-90bb-a4161127ac57,BAJAJ PLN PRESSURE PLATE,,PRESSURE PLATE BAJAJ,30101096,,0.00,114,Inclusive,0,Inclusive,0,4,,No,0,
7e191fa0-c4e8-41ea-bfb3-5924db7e1821,BAJAJ PLN RH H/B/S ,,HANDLE BAR SWITCH RH BAJAJ,DZ201044,,0.00,138,Inclusive,0,Inclusive,0,2,,No,0,
d39a4480-6bc4-4500-a289-852bda1c1cfd,BAJAJ PLN VALVE KIT ,,VALVE KIT BAJAJ,36JK0011,,0.00,337,Inclusive,0,Inclusive,0,2,,No,0,
53f6c5ce-bf84-4f01-a159-69592a5e3cd3,BAJAJ PLN WH ,,WIRING HARNESS BAJAJ,DZ201001,,0.00,1069,Inclusive,0,Inclusive,0,2,,No,0,
e5735e62-b9f0-4e82-aecd-40cc48441d0a,BAJAJ PLN WHITE,,INDICATOR BAJAJ,DZ201005,,0.00,191,Inclusive,0,Inclusive,0,3,,No,0,
6e847047-477e-4a07-b860-4217a68b47f0,BAJAJ PLS 135 S ONE WAY BODY,,STARTER ONE WAY KIT ALL,JA621414,,0.00,697,Inclusive,0,Inclusive,0,1,,No,0,
ba83270c-56a9-4172-96f1-f53e02d1f87c,BAJAJ PLS150 15T 42T CHAIN SPOCKET,,CHAIN SPOCKET BAJAJ,36DJ1501,,0.00,1064,Inclusive,0,Inclusive,0,2,,No,0,
c23c7639-3d91-4dbb-a099-28d554e4a415,BAJAJ PLS 150 BS4 SHOCK PIPE ,,SHOCK PIPE FRONT BAJAJ,DJ181103,,0.00,1080,Inclusive,0,Inclusive,0,4,,No,0,
e53bfcbc-86a8-41f2-b0e5-08052eb5a4f5,BAJAJ PLS 150 HAL PAC SET,,HEAD GAS KIT,DH101680,,0.00,80,Inclusive,0,Inclusive,0,3,,No,0,
217aba97-d359-492a-b8c8-c6f59d8701df,BAJAJ PLS 150 RR UINT ,,RR UNIT BAJAJ,DJ201202,,0.00,715,Inclusive,0,Inclusive,0,2,,No,0,
927642b4-db80-48af-bfdb-2dcd33a683c1,BAJAJ PLS 150 TIMING CHAIN ,,TIMING CHAIN BAJAJ,DH101050,,0.00,189,Inclusive,0,Inclusive,0,8,,No,0,
6210a342-49b5-45b9-8dbd-5b439b032941,BAJAJ PLS 150UG4 CARBURATOR,,CARBURATOR ALL,DH121138,,0.00,2483,Inclusive,0,Inclusive,0,2,,No,0,
5a23cf29-fa58-4ec5-8a12-ace5b0e7bda1,BAJAJ PLS 150 VALVE KIT ,,VALVE KIT BAJAJ,36DS4034,,0.00,403,Inclusive,0,Inclusive,0,5,,No,0,
623b3f6b-23b6-43bb-8720-469797b02b25,BAJAJ PLS180 LH H/B/S ,,HANDLE BAR SWITCH LH BAJAJ,DK201162,,0.00,728,Inclusive,0,Inclusive,0,1,,No,0,
d0540aff-2a85-4bbf-a66b-77f3cc5dc612,BAJAJ PLS 180 RH H/B/S ,,HANDLE BAR SWITCH RH BAJAJ,DK201163,,0.00,582,Inclusive,0,Inclusive,0,1,,No,0,
68f4c7ae-e82b-4752-b2b3-ec6960383ed1,BAJAJ PLS 180 RH H/B/S ,,HANDLE BAR SWITCH RH BAJAJ,JF401401,,0.00,687,Inclusive,0,Inclusive,0,1,,No,0,
f4795067-ee2a-4c3d-9769-494288c14ce5,BAJAJ PLS 220 LH H/B/S ,,HANDLE BAR SWITCH LH BAJAJ,DK201070,,0.00,809,Inclusive,0,Inclusive,0,1,,No,0,
6d41077f-e711-4c65-b5be-4f4c90bb565c,BAJAJ PLS 220 RH H/B/S ,,HANDLE BAR SWITCH RH BAJAJ,DK201141,,0.00,864,Inclusive,0,Inclusive,0,1,,No,0,
0fa4e287-42ff-42d4-97bf-0db37322adf6,BAJAJ PLS BS4 PERSSURE PLATE ,,PRESSURE PLATE BAJAJ,PD551433,,0.00,59,Inclusive,0,Inclusive,0,13,,No,0,
43bad1c7-8c12-4b84-9c20-a388b890b423,BAJAJ PLS BS6 ACC CABLE,,ACC CABLE BAJAJ,DH191082,,0.00,143,Inclusive,0,Inclusive,0,3,,No,0,
c29b9fe9-8fde-4eee-bcc5-c16f0597d5db,BAJAJ PLS HT COIL RH ,,H.T.COIL ALL,DH111040,,0.00,177,Inclusive,0,Inclusive,0,4,,No,0,
362a3b90-e03c-42f5-a51b-ee489e6fe7f3,BAJAJ PLS METER CABLE,,METER CABLE BAJAJ,JB402401,,0.00,206,Inclusive,0,Inclusive,0,5,1.0,No,0,
560aebf6-0e5b-475c-8b99-3de8de314c0c,BAJAJ PLS METER GLASS ,,METER CASE ALL,DJ201159,,0.00,141,Inclusive,0,Inclusive,0,2,,No,0,
7329a47c-759a-4a33-a889-fc8cde44668b,BAJAJ PLS PLN DIS SEAT CABLE,,SEAT CABLE,DS211006,,0.00,129,Inclusive,0,Inclusive,0,0,,No,0,
f32a6664-0a29-4fc3-a482-7b8686142a5a,BAJAJ PLS PRESSURE PLATE ,,PRESSURE PLATE BAJAJ,DH101098,,0.00,234,Inclusive,0,Inclusive,0,3,,No,0,
581c200b-5fc3-4ea8-a952-fbba86d81d99,BAJAJ PLSR 125 SHOCUB,,REAR SHOCUB,DH171023,,0.00,1415,Inclusive,0,Inclusive,0,2,,No,0,
4a0b86cf-ed12-4676-a04c-2fd2a8065a64,BAJAJ PLSR 150 2017,,WIRING HARNESS BAJAJ,DH201091,,0.00,2713,Inclusive,0,Inclusive,0,1,,No,0,
66bb809f-d5d4-486d-bbf8-bba057be3e82,BAJAJ PLSR 150 BLOCK PISTON ,,BLOCK PISTON,DH101864,,0.00,3028,Inclusive,0,Inclusive,0,1,,No,0,
08127222-d8b7-4813-8f5a-13f01d2013ba,BAJAJ PLSR150 STEER CONE SET,,STEERING CONE SET,36PA0216,,0.00,301,Inclusive,0,Inclusive,0,10,,No,0,
2a5a57c1-2899-40e1-b0fa-1f395a3eba46,BAJAJ PLSR 180 CDI,,CDI COIL BAJAJ,171316733635,,0.00,1870,Inclusive,0,Inclusive,0,1,,No,0,
ce5a6274-93bd-450a-ad72-a3fdbaa0d745,BAJAJ PLSR 180 CLUTCH PLATE,,CLUTCH PLATE BAJAJ,36DH4028,,0.00,492,Inclusive,0,Inclusive,0,2,,No,0,
0d627206-9a79-4bcb-9c89-ad41b78f6cd3,BAJAJ PLSR ACC CABLE,,ACC CABLE BAJAJ,DJ191061,,0.00,168,Inclusive,0,Inclusive,0,3,1.0,No,0,
ae613870-7225-4620-9568-848c7c0827cc,BAJAJ PLSR BREAK CABLE,,BAJAJ BREAK CABLE,DJ151076,,0.00,300,Inclusive,0,Inclusive,0,5,1.0,No,0,
18352bcc-11e8-43d5-adc7-d9fd90ad357c,BAJAJ PLSR BS6 ACC CABLE,,ACC CABLE BAJAJ,DH191137,,0.00,159,Inclusive,0,Inclusive,0,6,,No,0,
f7f16aff-b9ce-42e4-9c2a-b51c3a803c27,BAJAJ PLSR CARB.,,CARBURATOR ALL,DH121154,,0.00,2588,Inclusive,0,Inclusive,0,2,,No,0,
1c415f82-f4b2-4015-a3b7-85201a2abae4,BAJAJ PLSR C C PAK,,CLUTCH PACKING ALL,DH101154,,0.00,50,Inclusive,0,Inclusive,0,2,,No,0,
d6a06270-c7a0-4ad9-885d-8c981e573b58,BAJAJ PLSR CHAIN COVER,,CHAIN COVER PVC,DK61250,,0.00,103,Inclusive,0,Inclusive,0,2,,No,0,
9ffbec1d-4720-4a5d-aef5-aee6957043a8,BAJAJ PLSR CHOKE CABLE,,CHOKE CABLE,DZ191017,,0.00,85,Inclusive,0,Inclusive,0,0,,No,0,
8d8c1e82-992f-4065-b456-bacbc4a7ed29,BAJAJ PLSR CHOKE CABLE,,CHOKE CABLE,DD191125,,0.00,97,Inclusive,0,Inclusive,0,1,,No,0,
c14e6746-5a81-44e8-b63b-1ede65277f35,BAJAJ  PLSR CLUTCH PLATE,,CLUTCH PLATE BAJAJ,36JE0005,,0.00,687,Inclusive,0,Inclusive,0,2,,No,0,
e9edf667-bfd1-4279-9a10-f1844daa38e5,BAJAJ PLSR CLUTCH PLATE,,CLUTCH PLATE BAJAJ,DH101877,,0.00,910,Inclusive,0,Inclusive,0,12,,No,0,
a2bb3cf4-2981-435a-8ec6-b871a92d2a30,BAJAJ PLSR CRANK BEARING ,,BEARING,KPBF6305,,0.00,259,Inclusive,0,Inclusive,0,2,,No,0,
37d430bf-5ad0-47b4-be94-f983f8cc9841,BAJAJ PLSR DRUM RUBBER ,,DRUM RUBBER ALL,DJ151088,,0.00,140,Inclusive,0,Inclusive,0,6,,No,0,
344263ce-e6c0-4b3d-8c89-8a5985ad7c14,BAJAJ PLS REAR MUDGUARD,,REAR MUDGUARD FIBRE ALL,DJ161254,,0.00,377,Inclusive,0,Inclusive,0,1,,No,0,
46354a9d-dc31-4a55-9db8-bdca621ac5f7,BAJAJ PLSR GEAR SHAFT,,GEAR SHAFT ALL,52JZ0264,,0.00,300,Inclusive,0,Inclusive,0,6,,No,0,
4457ae67-5f4b-4cca-8189-420d7e89c473,BAJAJ PLSR HORN,,HORN ALL,DH201020,,0.00,254,Inclusive,0,Inclusive,0,1,,No,0,
f5e8d799-fa27-4a36-b202-4f5916eb120e,BAJAJ PLSR HT COIL,,H.T.COIL ALL,DH111039,,0.00,200,Inclusive,0,Inclusive,0,2,,No,0,
6f06c57d-4d27-4622-b919-635b4d9833eb,BAJAJ PLSR METER CABLE,,METER CABLE BAJAJ,DJ201144,,0.00,162,Inclusive,0,Inclusive,0,1,1.0,No,0,
108964b9-db3d-4dd3-99ab-c7d5c590d462,BAJAJ PLSR PRESSURE PLATE,,PRESSURE PLATE BAJAJ,DK101565,,0.00,43,Inclusive,0,Inclusive,0,37,,No,0,
7d3e32e5-c73b-4ba3-920f-b591e5ee811f,BAJAJ PLSR STEERING CONE SET,,STEERING CONE SET,36DV0011,,0.00,376,Inclusive,0,Inclusive,0,4,,No,0,
14d3921d-c431-4f94-b1e7-1135a1532e77,BAJAJ PLS SENSOR METER CABLE,,METER CABLE BAJAJ,DH201079,,0.00,389,Inclusive,0,Inclusive,0,5,1.0,No,0,
3bad241f-df50-4e0d-85e3-b8e7e57f0e75,BAJAJ PLS S ONE WAY KIT ,,STARTER ONE WAY KIT ALL,36JW0014,,0.00,109,Inclusive,0,Inclusive,0,2,,No,0,
bdd33dd4-5671-4104-9898-d469c40e0722,BAJAJ PUL 180 UGS 15T 44T  CHAIN SPOCKET ,,CHAIN SPOCKET BAJAJ,36DJ1502,,0.00,1394,Inclusive,0,Inclusive,0,1,,No,0,
a6ac293d-2aa8-4d7d-bff2-939fe22edbad,BAJAJ PULSAR 15T 42T CHAIN SPOCKET,,CHAIN SPOCKET BAJAJ,36DH1501,,0.00,1032,Inclusive,0,Inclusive,0,2,,No,0,
b3fef588-7070-4883-956c-96d68ce13e61,BAJAJ UNIVERSAL SEAT LOCK,,SEAT CABLE,DJ211006,,0.00,122,Inclusive,0,Inclusive,0,5,,No,0,
9d686e3c-645a-4d4d-9d96-6678aed80d93,BAJAJ XCD  RR UNIT,,RR UNIT BAJAJ,JW402001,,0.00,648,Inclusive,0,Inclusive,0,1,,No,0,
ff9ce814-ec58-43df-bbe8-0213f9ea566b,BAJBAJ PLS 150 LH H/B/S ,,HANDLE BAR SWITCH LH BAJAJ,JF401400,,0.00,675,Inclusive,0,Inclusive,0,1,,Yes,0,
bd4d778a-7f34-4a11-9474-e4a7a0fe7957,BAZZ 4S CLUTCH PLATE,,CLUTCH PLATE BAJAJ,BFD18,,0.00,175,Inclusive,0,Inclusive,0,2,,No,0,
03bc8431-19ea-4556-be2b-fa4750404255,BEST SHINE BS6  SENSOR TYPE,,SIDE STAND TVS/HH/MOPED,BM11429,,0.00,168,Inclusive,0,Inclusive,0,1,,No,0,
d1a9d731-5406-4901-888f-829289f03b5f,BEST UNICORN /SHINE SIDE STAND,,SIDE STAND TVS/HH/MOPED,BM10724,,0.00,138,Inclusive,0,Inclusive,0,3,,No,0,
5f5907ec-038c-40d5-a0a5-d683cdfd92e2,BHAWNA CD DWN REAR STEEL MUD,,STEEL MUDGUARD,553116159376,,0.00,1750,Inclusive,0,Inclusive,0,1,,No,0,
6d4043a7-654c-4c0d-ad76-fa4e6598ede7,BIJLEE CT100/PLN /KB 4S MAG. COIL,,MAGNET COIL ASSY BAJAJ,5109,,0.00,1204,Inclusive,0,Inclusive,0,1,,No,0,
c6fe59e4-af09-4b40-a16f-d47fee84ebfc,BIJLEE DIS 135 DTS MAG. COIL,,MAGNET COIL ASSY BAJAJ,5140,,0.00,1033,Inclusive,0,Inclusive,0,1,,No,0,
4b5b7899-bd2f-4403-86f3-8db5a22a3ae4,BIJLEE PLN ES 12 POLE MAG. COIL,,MAGNET COIL ASSY BAJAJ,5341,,0.00,1222,Inclusive,0,Inclusive,0,1,,No,0,
2d2cbfc1-a267-46f1-88ac-0eb021ba0c80, BJAJ PLN COMFRT B PEDAL,,BRAKE PEDAL ALL,PF161020,,0.00,644,Inclusive,0,Inclusive,0,3,,No,0,
6c992c4e-6d9a-472e-83d9-8a33a03ed126,BLOW ACTIVA FUEL TANK CAP,,FUEL TANK CAP,BL10222,,0.00,89,Inclusive,0,Inclusive,0,3,,No,0,
47538357-0f70-4063-b0a7-c4a43c350ce5,BLOW CBZ SIDE STAND ,,SIDE STAND TVS/HH/MOPED,594762578847,,0.00,107,Inclusive,0,Inclusive,0,2,,No,0,
d6855d8c-e0d6-4755-a0b4-88b5140d394d,BLOW CRUX GEAR SHAFT,,GEAR SHAFT ALL,415704716856,,0.00,211,Inclusive,0,Inclusive,0,1,,No,0,
2fc16521-be3a-4054-a304-c98b9e1de82b,BLOW DIS HANDLE BAR,,HANDLE BAR,BL1714,,0.00,356,Inclusive,0,Inclusive,0,0,,No,0,
b149e58d-47f8-4fd4-b46c-025e9421103a,BLOW KB4S KICK,,KICK ALL,964418512165,,0.00,312,Inclusive,0,Inclusive,0,1,,No,0,
e654e539-0437-45aa-88ac-3b1a1b959a50,BLOW MAX 100 SHOCK PIPE ,,SHOCK PIPE TVS FRONT,352038331776,,0.00,567,Inclusive,0,Inclusive,0,1,,No,0,
9db39199-82a7-477e-819d-e2d521c25e7b,BLOW RX100 SIDE STAND,,SIDE STAND TVS/HH/MOPED,515606654939,,0.00,160,Inclusive,0,Inclusive,0,1,,No,0,
5eece122-320b-4c27-80e2-02d5ca13c6ba,BLOW SS FRO.MUD STEEL,,STEEL MUDGUARD,87128030679,,0.00,510,Inclusive,0,Inclusive,0,1,,No,0,
239b873c-75af-49d1-9b91-86a523cb629d,BOX ALL BAJAJ CAMSHAFT,,,DD101063,,0.00,672,Inclusive,0,Inclusive,0,2,,No,0,
3c7323f7-687f-4cb2-99ae-47ff9ecf05ad,BRAND ACCESS TIM.PAD,,OIL PUMP HH,40240289716,,0.00,125,Inclusive,0,Inclusive,0,2,,No,0,
5eae431a-1e68-40e1-a15e-3619ac4424cf,BRAND ACTIVA OLD TIM.PAD,,OIL PUMP HH,494226874455,,0.00,125,Inclusive,0,Inclusive,0,2,,No,0,
dc72141e-6dd9-4f26-a848-d9283fb6cfdd,BRAND DIS 100 VALVE KIT ,,VALVE KIT BAJAJ,962869385512,,0.00,255,Inclusive,0,Inclusive,0,2,,No,0,
f34df978-ddd9-4d3b-83c1-8b71318f7707,BRAND PLN GEAR LEVER,,GEAR LEVER BAJAJ,55458069012,,0.00,185,Inclusive,0,Inclusive,0,3,,No,0,
b94850af-2f0e-4a86-be87-2833356467ed,BRAND SHINE SIDE STAND ,,SIDE STAND TVS/HH/MOPED,6410419764,,0.00,148,Inclusive,0,Inclusive,0,3,,No,0,
e23d6d49-d6dd-45f6-a027-c4ea3ec8262a,BRAND  SHINE TIMING PAID ,,OIL PUMP HH,392446468591,,0.00,125,Inclusive,0,Inclusive,0,2,,No,0,
327bb4bc-a5bd-4f06-8e59-6781635493ef,BRAND SPL HANDLE BAR,,HANDLE BAR,523421811044,,0.00,420,Inclusive,0,Inclusive,0,1,,No,0,
68411602-1701-4e1c-9fc2-d9ab8520510e,BRAND SPL SIDE STAND ,,SIDE STAND TVS/HH/MOPED,906339101707,,0.00,130,Inclusive,0,Inclusive,0,4,,No,0,
edadb657-f195-44d4-8fb2-4ea48720a586,BRAND STAR CITY FOOTRACE BAR,,FOOTRACE ALL,809063489415,,0.00,355,Inclusive,0,Inclusive,0,1,,No,0,
f416895d-57f5-4328-b1f5-5b9d48eefd5f,CALIBER 115CC BK/RED VISOR,,VISOR BAJAJ,SV0712,,0.00,650,Inclusive,0,Inclusive,0,3,,No,0,
34deedd0-a036-4ad3-b678-cc2687f0352f,CALIBER RR UNIT VARROC,,RR UNIT BAJAJ,REGRCLBRDD01,,0.00,328,Inclusive,0,Inclusive,0,2,,No,0,
71b14610-4498-45b1-8069-c67118301182,CAM SHAFT 4S/BXR/CLBR,,,520AM00344,,0.00,531,Inclusive,0,Inclusive,0,2,,No,0,
8765219a-8019-4561-a312-07ddda8d573f,CAMSHAFT SPL/CD DAWN/SPL+,,,520AM00343,,0.00,573,Inclusive,0,Inclusive,0,1,,No,0,
d5ceeba9-4633-4375-a977-c1c78e5f2908,C&B SAMURAI BREAK SHOE,,BREAK SHOE HH/TVS,CBB5014,,0.00,213,Inclusive,0,Inclusive,0,2,,No,0,
a9514555-6f81-4411-b630-d29e4579d6c9,CB SHINE METER ASSY. MINDA,,HEAD LIGHT HH,DI7080B,,0.00,1651,Inclusive,0,Inclusive,0,1,,No,0,
2a05f2d9-11bf-419b-848c-762d9d19ba18,CB SHINE METER CASE,,METER CASE ALL,918881514673,,0.00,365,Inclusive,0,Inclusive,0,1,,No,0,
16f20400-5f66-4bec-b62d-db31e57245cf,C&B SPL REAR B.SHOE,,BREAK SHOE HH/TVS,BS003,,0.00,135,Inclusive,0,Inclusive,0,1,,No,0,
f7183b56-c762-4b6e-9c29-2f6c819e2cf8,C&B YAMAHA B.SHOE,,BREAK SHOE YAMAHA/BULLET,CBB5019,,0.00,277,Inclusive,0,Inclusive,0,3,,No,0,
981fb64d-e8f9-4a5b-84a5-6364a4d3de2c,CD DLX BLK/BLUE,,VISOR HH,152165100444,,0.00,390,Inclusive,0,Inclusive,0,3,,No,0,
1d3abc35-d383-4a38-9a42-6f70587b9237,CD DLX BLK/PURPLE ,,VISOR HH,976753256580,,0.00,390,Inclusive,0,Inclusive,0,1,,No,0,
1c95e174-ec78-49d9-bc84-353ce30dda96,CD DLX GEAR LEVER ,,GEAR LEVER TVS/HH,448965571817,,0.00,160,Inclusive,0,Inclusive,0,2,,No,0,
f1c909cb-f6b0-49d5-bfca-8ae447e19dab,CD DLX /PSN R. MUD,,REAR MUDGUARD FIBRE ALL,764103612963,,0.00,560,Inclusive,0,Inclusive,0,1,,No,0,
b118f505-9c55-4eca-ad1d-2138b7d9abce,CD-DLX/SPLENDOR PRO/NXG RED,,MUDGUARD HH,SM0078,,0.00,980,Inclusive,0,Inclusive,0,4,,No,0,
99a561bc-d814-4dde-b857-fbb84fdc3687,CDI COIL STAR CITY PLUS,,CDI TVS,TVSC-NA 10,,0.00,1019,Inclusive,0,Inclusive,0,2,,No,0,
e5f18b33-f55c-49bd-b268-0426eadebe3a,CEEDEE CT100 ACC CABLE,,ACC CABLE BAJAJ,0661C,,0.00,136,Inclusive,0,Inclusive,0,1,1.0,No,0,
dc316c84-08fb-4d4a-a97e-ba758017ba96,CEEDEE DREAM YUGA CLUTCH CABLE,,CLUTCH CABLE H.H,1892C,,0.00,126,Inclusive,0,Inclusive,0,3,1.0,No,0,
145e948d-3a2d-438f-9286-3d503ae4977e,CEEDEE DREAM YUGA UNICORN METER CABLE,,METER CABLE HERO ALL,1865B,,0.00,97,Inclusive,0,Inclusive,0,0,1.0,No,0,
aa6a06ff-c11a-4356-9cdf-5df3bc6fecb7,CEEDEE FZ ACC CABLE ,,ACC CABLE TVS,2227C,,0.00,175,Inclusive,0,Inclusive,0,1,,No,0,
ab7a2033-1822-4ce8-b363-45d54e706698,CEEDEE PLN COMF. ACC CABLE,,ACC CABLE BAJAJ,0666C,,0.00,132,Inclusive,0,Inclusive,0,1,1.0,No,0,
26f681b0-06e4-488a-a231-38549f1ad68e,CEEDEE SHINE HF DLX SPL BS6 METER CABLE,,METER CABLE HERO ALL,1956B,,0.00,92,Inclusive,0,Inclusive,0,0,1.0,No,0,
4135b00c-630e-4987-8475-dbdf918b2ad9,CEEDEE SS BREAK CABLE,,BREAK CABLE HERO,1953C,,0.00,144,Inclusive,0,Inclusive,0,1,,No,0,
9e6689b6-ab00-4619-b923-ba94b57183c7,CEEDEE S S METER CABLE ,,METER CABLE HERO ALL,1955B,,0.00,109,Inclusive,0,Inclusive,0,3,1.0,No,0,
24965013-5ce8-4d75-9f73-81f30950acf7,CEEDEE STAR 110 ACC CABLE,,ACC CABLE TVS,1651C,,0.00,175,Inclusive,0,Inclusive,0,0,,No,0,
8b4ef274-56fa-40fd-ac00-bfdd121e1b60,CELL ACTIVA FUEL TANK CAP,,FUEL TANK CAP,CL209,,0.00,160,Inclusive,0,Inclusive,0,1,,No,0,
367e4289-9080-4915-8ae1-4223fdadd7a1,CELL CRUX 4 WR ,,IGNITION SWITCH TVS,CL120,,0.00,370,Inclusive,0,Inclusive,0,1,,No,0,
af847dbb-782f-4499-b313-bd763aecff9f,CELL DIS 100 2 WR ,,IGNITION SWITCH BAJAJ,CL134,,0.00,382,Inclusive,0,Inclusive,0,1,,No,0,
0811fafb-4a1d-409b-b1e5-414aaf022c3a,CELL DIS 100 4 WR,,IGNITION SWITCH BAJAJ,CL127,,0.00,382,Inclusive,0,Inclusive,0,1,,No,0,
92c7cac2-80a5-441a-adc6-0974de7ef168,CELL SUPER XL KS,,IGNITION SWITCH TVS,CL482,,0.00,285,Inclusive,0,Inclusive,0,4,,No,0,
064a32f6-2285-4bca-a33b-b5ef06778926,CELL SUPER XL SS ,,IGNITION SWITCH TVS,CL111,,0.00,268,Inclusive,0,Inclusive,0,1,,No,0,
72d0c364-68ca-4f8d-bdf4-6f9c4ab3805b,CENTRA F P SET,,FULL PACKING SET ALL,77796162269,,0.00,200,Inclusive,0,Inclusive,0,2,,No,0,
53760a22-36d1-4c60-9244-aaf72d2aecea,CENTRA HALF PACKING SET,,HALF PACKING SET TVS,590932723942,,0.00,75,Inclusive,0,Inclusive,0,2,,No,0,
84a67af0-e10c-46d3-92ad-f3f5adcce754,CHACHA 4S FRO. STEEL MUD,,STEEL MUDGUARD,CH38,,0.00,1100,Inclusive,0,Inclusive,0,1,,No,0,
e44bee04-7040-44d7-82ad-81ed6bb58135,CHACHA 4S STEEL REAR MUD,,STEEL MUDGUARD,CH60,,0.00,970,Inclusive,0,Inclusive,0,1,,No,0,
a9018963-1b16-4464-9514-b6d3c37af4c6,CHACHA CRUX OLD FOOTRACE BAR,,FOOTRACE ALL,CH286,,0.00,620,Inclusive,0,Inclusive,0,1,,No,0,
5bf6391e-abd3-49d6-b1bd-94fff256fac8,CHACHA CRUX S FOOTRACE BAR,,FOOTRACE ALL,CH287,,0.00,740,Inclusive,0,Inclusive,0,1,,No,0,
2d6e461d-5daa-468c-8daf-6c658441273c,CHACHA RX 100 REAR STEEL MUD,,STEEL MUDGUARD,CH58,,0.00,740,Inclusive,0,Inclusive,0,1,,No,0,
81b79e24-2b73-4cc3-b29a-15af6cdd3e7e,CHACHA UNICORN HANDLE BAR,,HANDLE BAR,CH213,,0.00,345,Inclusive,0,Inclusive,0,1,,No,0,
05e58173-b258-488e-a9f8-a5cb014f9037,CHACHA XL FRONT STEEL GREEN MUD,,STEEL MUDGUARD,CH06,,0.00,370,Inclusive,0,Inclusive,0,1,,No,0,
45e40658-b5fe-4c5d-9cf1-c9785fa3075e,CHACHA XL REAR STEEL MUD,,STEEL MUDGUARD,CH26,,0.00,510,Inclusive,0,Inclusive,0,1,,No,0,
49ceb103-2ee2-4a52-83ee-4595f53857fd,"CHARAN 4S BOXER , CT100 CHAIN COVER",,CHAIN COVER PVC,CAI1116,,0.00,400,Inclusive,0,Inclusive,0,2,,No,0,
772c334e-cbd8-4a1a-81ac-842062b9b855,CHARAN  BOXER AR METER CASE,,METER CASE ALL,CAI1775,,0.00,265,Inclusive,0,Inclusive,0,1,,No,0,
16dfb143-13a5-4b66-9274-72d9ea7fe599,CHARAN CT 100 18'' CHAIN COVER,,CHAIN COVER METEL,CAI1023,,0.00,740,Inclusive,0,Inclusive,0,2,,No,0,
a1840730-b8af-4de4-951d-ea54e9b4544a,CHARAN DISC ALL CHAIN COVER,,CHAIN COVER PVC,CAI1114,,0.00,430,Inclusive,0,Inclusive,0,0,,No,0,
b58dbdd6-aa0b-468d-a9b1-16b465bffe7c,CHARAN HH BS6 CHAIN COVER,,CHAIN COVER PVC,CAI1135,,0.00,550,Inclusive,0,Inclusive,0,1,,No,0,
f1654691-9b0b-4feb-a76c-ffda1661b105,CHARAN HONDA LIVO CHAIN COVER,,CHAIN COVER PVC,CAI1133,,0.00,500,Inclusive,0,Inclusive,0,1,,No,0,
49327e5f-8839-48eb-85ca-0fcaa53ddd7a,CHARAN PLN BK  PVC CHAIN COVER,,CHAIN COVER PVC,CAI1115,,0.00,440,Inclusive,0,Inclusive,0,1,,No,0,
236bb473-801d-49fb-995c-d329df5749d0,CHARAN PLN BLACK CHAIN COVER,,CHAIN COVER METEL,CAI1024,,0.00,770,Inclusive,0,Inclusive,0,0,,No,0,
dd769abe-95f7-4ced-b90c-12988cb7793b,CHARAN PLN SILVER CHAIN COVER,,CHAIN COVER METEL,CAI1025,,0.00,610,Inclusive,0,Inclusive,0,3,,No,0,
d8fc9df9-f7bd-4ecc-acac-9955e2adfdd0,CHARAN PLSR DIGI MTR BLK CHAIN COVER,,CHAIN COVER METEL,CAI1031,,0.00,660,Inclusive,0,Inclusive,0,1,,No,0,
05480ca6-fc8c-4b0a-977b-5833788b4437,CHARAN SHINE BLK CHAIN COVER,,CHAIN COVER METEL,CAI1071,,0.00,800,Inclusive,0,Inclusive,0,2,,No,0,
d86cea95-ed5a-4f1d-aecf-583f2ad0262d,CHARAN SHINE CHAIN COVER  SILVER,,CHAIN COVER METEL,CAI1043,,0.00,510,Inclusive,0,Inclusive,0,0,,No,0,
e838a0c2-e6d9-46f6-9ba0-d1811350b41c,CHARAN SPL/+/PRO CHAIN COVER,,CHAIN COVER PVC,CAI1103,,0.00,420,Inclusive,0,Inclusive,0,1,,No,0,
a398cd3f-f333-4028-b3e7-a1601657cf62,CHARAN SPL SILVER CHAIN COVER,,CHAIN COVER METEL,CAI1002,,0.00,630,Inclusive,0,Inclusive,0,1,,No,0,
ebd18e2b-918b-4596-8211-cc10bcb50629,CHARAN STAR CITY PLS CHAIN COVER,,CHAIN COVER METEL,CAI1050,,0.00,860,Inclusive,0,Inclusive,0,0,,No,0,
1daa8dbc-6f35-4da0-a757-dff78a272400,CHARAN STAR CITY PLS CHAIN COVER,,CHAIN COVER PVC,CAI1125,,0.00,490,Inclusive,0,Inclusive,0,1,,No,0,
afc711c8-20f6-4279-9972-caa240e4af0a,CHARAN STAR CITY REAR MUDGUARD,,REAR MUDGUARD FIBRE ALL,CAI2071,,0.00,360,Inclusive,0,Inclusive,0,1,,No,0,
b3295bde-91dd-4402-ba87-0661bc2d7830,CHARAN STAR CITY SILVER CHAIN COVER,,CHAIN COVER METEL,CAI1044,,0.00,760,Inclusive,0,Inclusive,0,1,,No,0,
1a671f6a-66b8-41bd-9ace-a9eb63137fad,CHARAN STAR PHONIX CHAIN COVER,,CHAIN COVER PVC,CAI1049,,0.00,845,Inclusive,0,Inclusive,0,3,,No,0,
b01a2b05-1814-453f-8352-e338040fa727,CHARAN STAR SPORT CHAIN COVER,,CHAIN COVER METEL,CAI1047,,0.00,810,Inclusive,0,Inclusive,0,2,,No,0,
aee7d82f-bd14-4f65-86d5-c202bba35aa2,CHARAN STAR SPORT CHAIN COVER,,CHAIN COVER PVC,CAI1121,,0.00,430,Inclusive,0,Inclusive,0,1,,No,0,
5c0c21ba-38f9-42e3-8ede-c04bc2049a76,CHARAN SUZUKI CHAIN COVER,,CHAIN COVER METEL,CAI1041,,0.00,650,Inclusive,0,Inclusive,0,1,,No,0,
7fece167-5f53-4d20-ae99-88921faac270,CLEAR VIEW PLSR RH ,,MIRROR BAJAJ,RVM17,,0.00,134,Inclusive,0,Inclusive,0,1,,No,0,
aa5230e2-3aa0-4457-9107-431bf96e6e04,CLEAR VIEW PSN PRO RH,,MIRROR HH,RVM24,,0.00,215,Inclusive,0,Inclusive,0,2,,No,0,
a9f82dfd-a234-4036-942f-f0b38176fff1,CLEAR VIEW SHINE LH,,MIRROR HH,721500730582,,0.00,130,Inclusive,0,Inclusive,0,1,,No,0,
8962f1e0-ca5d-440b-85f5-a8b5b598c061,CLEAR VIEW STAR CITY PLS LH,,MIRROR TVS,RVM53L,,0.00,152,Inclusive,0,Inclusive,0,4,,No,0,
107a1cb1-36eb-4c2c-a908-c1c11398a2e0,CLEAR VIEW STAR CITY PLS RH,,MIRROR TVS,RVM53,,0.00,152,Inclusive,0,Inclusive,0,4,,No,0,
7ab60207-2b31-4e6a-ba10-a7eb14029d8e,CLUTCH PLATE MK PLN BS6,,CLUTCH PLATE BAJAJ,MK1042,,0.00,290,Inclusive,0,Inclusive,0,3,,No,0,
104872da-0469-4eb6-8842-03e357b1f7d6,CLUTCH PLATE  PLN BS6 BAJAJ,,CLUTCH PLATE BAJAJ,36JZ0198,,0.00,442,Inclusive,0,Inclusive,0,3,,No,0,
20d51746-738a-4a01-af99-4f12968c1ae8,CLUTCH PLATE + PRESSURE PLATE BAJAJ PLN BS6,,CLUTCH PLATE BAJAJ,36JZ0205,,0.00,568,Inclusive,0,Inclusive,0,2,,No,0,
33b79b74-3bbd-474b-bffa-169f538f5764,CLUTCH SPRING HH,,CLUTCH SPRING HH,113097439658,,0.00,20,Inclusive,0,Inclusive,0,14,,No,0,
c0ec7254-025f-4c95-8306-7a16c59c4a5f,CN PSN OLD HEDA LIGHT ,,HEAD LIGHT HH,8000HLAHRO,,0.00,312,Inclusive,0,Inclusive,0,1,,No,0,
24c45b5d-af33-4b28-bad8-b4feab086ded,COIL PLATE ASSLY SUPER XL,,,SAP1366,,0.00,685,Inclusive,0,Inclusive,0,1,,No,0,
12026447-1b7e-498e-9268-15d09e1431a1,CROMMA PLN LED BLK/GREY,,VISOR BAJAJ,50229190545,,0.00,696,Inclusive,0,Inclusive,0,1,,No,0,
34dd6b4a-cf9c-4277-a45b-55756951abb2,CT100 GEAR SHAFT,,GEAR SHAFT ALL,805351825894,,0.00,260,Inclusive,0,Inclusive,0,1,,No,0,
012d3aa8-d7b7-48c1-b24c-7f94c1819bd0,CT 100 OLD MODEL METER CASE ,,METER CASE ALL,998861245921,,0.00,295,Inclusive,0,Inclusive,0,1,,No,0,
8857388a-89b9-4302-bed3-dcc404b765ab,CT100 SIDE STAND,,SIDE STAND BAJAJ,830568868707,,0.00,110,Inclusive,0,Inclusive,0,2,,No,0,
503481d5-95d9-4fde-acf3-19c0a3459a58,DAIMOND CLBR 115 13/44 4HOLE CHAIN SPO,,CHAIN SPOCKET BAJAJ,K34,,0.00,1067,Inclusive,0,Inclusive,0,2,,No,0,
8340cd44-3e4f-4e60-b2f4-5949731612ef,DAIMOND CT100 ES 14/43 CHAIN SPO,,CHAIN SPOCKET BAJAJ,K208,,0.00,1075,Inclusive,0,Inclusive,0,1,,No,0,
d883511b-3631-4db1-b261-c900fe29db8c,DAIMOND DIS 100 14/42 CHAIN SPO,,CHAIN SPOCKET BAJAJ,K122,,0.00,1055,Inclusive,0,Inclusive,0,2,,No,0,
27249bd9-004c-435f-ac7d-b08d99f877be,DAIMOND DIS 125 14/45 CHAIN SPO,,CHAIN SPOCKET BAJAJ,K179,,0.00,1313,Inclusive,0,Inclusive,0,1,,No,0,
7d29919a-a9c5-46fe-94dc-93e3635e1fdf,DAIMOND DIS 14/45 CHAIN SPO,,CHAIN SPOCKET BAJAJ,K74,,0.00,1197,Inclusive,0,Inclusive,0,1,,No,0,
6d8cfba0-6ec4-402d-b475-7356e4d5c081,DAIMOND PLN ES 14/41 CHAIN SPO,,CHAIN SPOCKET BAJAJ,K219,,0.00,973,Inclusive,0,Inclusive,0,2,,No,0,
fc815598-fee0-4cd3-bc20-d6478ddaed6b,DEMAX ACCESS SWISS SEAT CABLE,,SEAT CABLE,1735CF,,0.00,124,Inclusive,0,Inclusive,0,2,,No,0,
d8619656-ba48-4eda-b9ac-7f763100eaea,DEMAX CRUX CLUTCH CABLE,,CLUTCH CABLE TVS,2352C,,0.00,198,Inclusive,0,Inclusive,0,1,1.0,No,0,
86a9cea3-60bb-4059-83ad-df7e42324c10,DEMAX KB 4S ACC CABLE,,ACC CABLE BAJAJ,0551C,,0.00,110,Inclusive,0,Inclusive,0,5,1.0,No,0,
bad4084b-a71a-4b7f-8081-1a8041b45660,DEMAX PLN COM CLUTCH CABLE,,CLUTCH CABLE BAJAJ ALL,0647CD,,0.00,124,Inclusive,0,Inclusive,0,1,,No,0,
587435b9-f46e-4caa-a85e-da3345531479,DEMAX PLSR UG24 METER CABLE,,METER CABLE BAJAJ,41I,,0.00,300,Inclusive,0,Inclusive,0,2,1.0,No,0,
4658e5d9-718b-481b-aa15-3f7928bfc847,DEMAX RX100 METER CABLE,,METER CABLE YAMAHA,2204B,,0.00,109,Inclusive,0,Inclusive,0,3,1.0,No,0,
cac87f22-5ca5-483e-bfd5-ac981a1b4b02,DEMAX STAR CLUTCH CABLE,,CLUTCH CABLE TVS,1812CF,,0.00,146,Inclusive,0,Inclusive,0,0,1.0,No,0,
ae22b423-5ba3-4b38-8cb3-0b06a868dce3,DEMAX STAR FRONT BREAK CABLE,,BREAK CABLE TVS,1813CF,,0.00,162,Inclusive,0,Inclusive,0,1,,No,0,
33396ce0-b50f-49ec-a061-ecb1d9127e57,DEMAX STAR SUZUKI CHOKE CABLE,,CHOKE CABLE,1704C,,0.00,70,Inclusive,0,Inclusive,0,1,,No,0,
8f0fc670-29f8-4a22-9cd0-0344e80a4060,DEMAX WEGO ACC CABLE,,ACC CABLE ALL MOPED,1611A,,0.00,186,Inclusive,0,Inclusive,0,0,,No,0,
41975a15-a1d7-4642-9ca1-c1b520ec6ed8,DEMAX XCD 125 ACC CABLE,,ACC CABLE BAJAJ,0471C,,0.00,78,Inclusive,0,Inclusive,0,1,1.0,No,0,
edec1138-5d72-41c3-a87f-27d65c9048a4,DEMAX YAMAHA CRUX ACC CABLE,,ACC CABLE TVS,2351C,,0.00,130,Inclusive,0,Inclusive,0,1,,No,0,
1f1242b3-3e55-4683-b539-6249df7ce011,DEUTSCHE SPL NEW LH H/B/S ,,HANDLE BAR SWITCH LH  HH,DEUS0550C,,0.00,310,Inclusive,0,Inclusive,0,1,,No,0,
4cdcb8fd-0d4a-49c1-8fe1-f7e8c33747d7,DIAMONDCD DLX 14/44 CHAIN KIT ,,CHAIN SPROCKET HERO,K83,,0.00,837,Inclusive,0,Inclusive,0,1,,No,0,
8a0f2842-2571-4459-a2b8-eb0046a90fcf,DIAMOND CT100 NEW CHAINSPOCKET,,CHAIN SPOCKET BAJAJ,K40,,0.00,904,Inclusive,0,Inclusive,0,1,,No,0,
f3ce8478-4476-41b8-a512-20d4cfa4794f,DIAMOND DREAM YUGA 14/41 CHAIN KIT ,,CHAIN SPROCKET HERO,K129,,0.00,1008,Inclusive,0,Inclusive,0,2,,No,0,
5886c9cb-59c4-437e-9248-f2d1148cfb06,DICE SPL PRO WHITE,,INDICATOR HH,R1101,,0.00,110,Inclusive,0,Inclusive,0,2,,No,0,
0cc7b20e-b2b1-4a42-a578-2e7a444db673,DIKSHITA SPL PLS SILVER CHAIN COVER,,CHAIN COVER PVC,MAM0022SIL,,0.00,480,Inclusive,0,Inclusive,0,2,,No,0,
8301a225-71c3-47cc-9265-1bee679ba7ad,"DIKSHITA STAR SPORT , CITY 110 CHAIN COVER",,CHAIN COVER PVC,693724692636,,0.00,450,Inclusive,0,Inclusive,0,1,,No,0,
627185e8-5e28-461e-a3be-eb68fd27fc44,DIS100 KICK,,KICK ALL,481997939420,,0.00,350,Inclusive,0,Inclusive,0,1,,No,0,
b0311049-0f5f-4feb-9f59-53c65508fa1e,DIS 100 MAIN STAND,,MAIN STAND ALL,121876646645,,0.00,410,Inclusive,0,Inclusive,0,1,,No,0,
a5327cf5-ac3d-4a54-89a3-fdc5a185fbc2,DIS 100M MAIN STAND,,MAIN STAND ALL,55841806189,,0.00,435,Inclusive,0,Inclusive,0,1,,No,0,
13494fb2-7a1d-485a-8e27-089642f18f79,DIS 100 SHOCK PIPE ,,SHOCK PIPE FRONT BAJAJ,826690723626,,0.00,342,Inclusive,0,Inclusive,0,2,,No,0,
068a1912-2e5b-48a4-a481-97518e599b44,DIS 112 OLD MAG PAK,,MAGNET PACKING ALL,81513037865,,0.00,20,Inclusive,0,Inclusive,0,10,,No,0,
1a7ac1ad-eb06-4b2f-ad94-d999e6da6005,DISC 125/135,,CHAIN COVER METEL,LUTHRA,,0.00,830,Inclusive,0,Inclusive,0,1,,No,0,
66eb4eca-3f6d-4efa-9e2b-484d13046683,DISC 125 NEW HALF PACKING SET,,HALF PACKING SET BAJAJ,454106971345,,0.00,120,Inclusive,0,Inclusive,0,2,,No,0,
c17aeed2-67ef-486d-a163-5af4abae70ea,DN GOLD SHINEESIDE STAND,,,762500978944,,0.00,135,Inclusive,0,Inclusive,0,1,,No,0,
46249016-d213-4010-a10d-009cf36d557d,DREAM NEO BK/RED SIDE  PANEL,,,PLK502A,,0.00,933,Inclusive,0,Inclusive,0,1,,No,0,
27d6c80e-0f08-4db4-b796-d1c9d87a8ead,DREAM NEO BK/RED TAIL PANEL PLASTTEK,,TAIL PANEL HH,PLK578A,,0.00,955,Inclusive,0,Inclusive,0,1,,No,0,
e685808d-bd41-4a74-b608-56842a9f1347,DREAM YUGA NEW MAG PAK,,MAGNET PACKING ALL,718193746613,,0.00,35,Inclusive,0,Inclusive,0,6,,No,0,
6514c11e-194f-4b12-ad8c-eeb73b2835b2,DREAM YUGA SIDE STAND ,,SIDE STAND TVS/HH/MOPED,416305540380,,0.00,160,Inclusive,0,Inclusive,0,2,,No,0,
bb220bdd-ef28-4b17-85fd-4c953e310066,DREAM YUGA SIDE STAND ,,SIDE STAND TVS/HH/MOPED,108217100344,,0.00,165,Inclusive,0,Inclusive,0,2,,No,0,
c0af325f-9959-4da9-8d4f-052346bd7bc4,DUCO ACTIVA CAM SHAFT,,CAMSHAFT ROCKER,DCS1029,,0.00,925,Inclusive,0,Inclusive,0,1,,No,0,
38c12a62-8732-477e-a599-b6e6a04f378e,DUCO DIS 100 BLOCK PISTON ,,BLOCK PISTON,DUCODD4046,,0.00,1825,Inclusive,0,Inclusive,0,1,,No,0,
d4d7b441-a2ff-4306-8e24-181940e77023,DUCO HH SPLENDOR BLOCK PISTON,,BLOCK PISTON,HH SPL,,0.00,1492,Inclusive,0,Inclusive,0,1,1.0,No,0,
14157aa1-89a9-47a0-bcd9-b856fb24c90b,EAGLE ACCESS F.P.SET,,FULL PACKING SET ALL,938316479558,,0.00,195,Inclusive,0,Inclusive,0,4,,No,0,
b7e6f5a0-4c4d-43b7-9b85-b8a780b77055,EAGLE ACCESS HAL PAC SET,,HALF PACKING SET MOPED,151802670656,,0.00,100,Inclusive,0,Inclusive,0,3,,No,0,
7e16fd91-0bf1-4fab-bf51-10db2d13bc9b,EAGLE ACTIVA HET HAL PAC SET,,HALF PACKING SET MOPED,3031221361,,0.00,120,Inclusive,0,Inclusive,0,4,,No,0,
ee741fb2-51ca-4b2d-b3e1-9600c962df81,EAGLE CD DLX PSN PRO HAL PAC SET,,HALF PACKING SET HH,672084197039,,0.00,180,Inclusive,0,Inclusive,0,1,,No,0,
b6610211-9ed7-4e33-9a3c-090a649c0f6a,EAGLE CT100 F P SET,,FULL PACKING SET ALL,783731940632,,0.00,200,Inclusive,0,Inclusive,0,1,,No,0,
9af71af0-bc3d-4915-98a4-e9bcf0950605,EAGLE DIS 100 HAL PAC SET,,HALF PACKING SET BAJAJ,46661726327,,0.00,100,Inclusive,0,Inclusive,0,3,,No,0,
0e6ac9e6-48d4-4538-ba16-f1477d3d0f72,EAGLE DIS112 HAL PAC SET,,HALF PACKING SET BAJAJ,651228,,0.00,100,Inclusive,0,Inclusive,0,19,,No,0,
16b335b4-23be-42d1-818f-44484f18f700,EAGLE DIS125/135 OLD F P SET,,FULL PACKING SET ALL,138175586923,,0.00,200,Inclusive,0,Inclusive,0,1,,No,0,
f5fe08a1-0b3f-4dbe-93f4-223e754dd9cf,EAGLE DIS 125 H PACKING SET,,HALF PACKING SET BAJAJ,104008675266,,0.00,120,Inclusive,0,Inclusive,0,3,,No,0,
314b8846-a204-47ca-98d8-f461b93b082c,EAGLE DIS HALF PAC SET,,HALF PACKING SET BAJAJ,38607646066,,0.00,100,Inclusive,0,Inclusive,0,2,,No,0,
7a1496d8-2b1b-4dde-8971-656eed9ca2d0,EAGLE DREAM YUGA F P SET,,FULL PACKING SET ALL,365353141045,,0.00,200,Inclusive,0,Inclusive,0,4,,No,0,
8defbc26-5f53-4310-bc23-844181cacb00,EAGLE DREAM YUGA TWISTER HAL PAC SET,,HALF PACKING SET HH,970611256829,,0.00,100,Inclusive,0,Inclusive,0,1,,No,0,
36bdfaca-5eef-44c7-9c23-b25646bc6e8e,EAGLE HF DLX BS6 F P SET,,FULL PACKING SET ALL,525585454626,,0.00,350,Inclusive,0,Inclusive,0,3,,No,0,
6c2aa16c-f96b-43bc-80da-b4e56b1ccf45,EAGLE HH F P SET,,FULL PACKING SET ALL,812914794444,,0.00,200,Inclusive,0,Inclusive,0,1,,No,0,
c603147d-cb67-4437-ac0a-e5e971f4495d,EAGLE HH HEAD GAS KIT,,HEAD GAS KIT,450379013815,,0.00,95,Inclusive,0,Inclusive,0,12,,No,0,
623a3593-c4b2-4c0d-9792-e791a952873f,EAGLE JUPITOR H PAK SET,,HALF PACKING SET MOPED,353309988688,,0.00,100,Inclusive,0,Inclusive,0,3,,No,0,
0d3708ca-97e4-4829-a9f4-afb1194f2057,EAGLE PEP PLS HAL PAC SET,,HALF PACKING SET MOPED,151880375433,,0.00,100,Inclusive,0,Inclusive,0,3,,No,0,
94a13887-b81d-4b1e-9816-cffb6925f1ad,EAGLE PLN 125 ES HAL PAC SET,,HALF PACKING SET BAJAJ,939564835135,,0.00,100,Inclusive,0,Inclusive,0,5,,No,0,
e715aeae-7e50-490c-b4fc-b4a9e0f263db,EAGLE PLSR F P SET,,FULL PACKING SET ALL,790068307503,,0.00,200,Inclusive,0,Inclusive,0,2,,No,0,
f0b92461-d4dc-4729-8cd8-5c6343effe63,EAGLE STAR 110 C C PAK,,CLUTCH PACKING ALL,894219549810,,0.00,50,Inclusive,0,Inclusive,0,11,,No,0,
aed6489c-2f70-4f43-a41a-2d7b7da27682,EAGLE STAR CITY HAL PAC SET,,HALF PACKING SET TVS,530982175338,,0.00,100,Inclusive,0,Inclusive,0,4,,No,0,
c59b42ac-a6b5-47dc-b485-a99984d7bac9,EAGLE STAR CITY PLS110 C C PAK,,CLUTCH PACKING ALL,107345761572,,0.00,40,Inclusive,0,Inclusive,0,0,,No,0,
01fa9f8c-3e57-40e6-a9a6-e5d45022f24a,EAGLE STAR CITY PLS HAL PAC SET,,HALF PACKING SET TVS,707907238897,,0.00,100,Inclusive,0,Inclusive,0,4,,No,0,
b1b9c237-a541-4733-955a-2293a4409f22,EAGLE SUZUKI HAL PAC SET,,HALF PACKING SET TVS,602938667581,,0.00,100,Inclusive,0,Inclusive,0,2,,No,0,
ed6c7e16-f118-48fd-a2c5-dc1028d8af56,EAGLE VICTOR F.P SET,,FULL PACKING SET ALL,985488131799,,0.00,200,Inclusive,0,Inclusive,0,1,,No,0,
c1711726-abd6-41fe-9e00-e5a027af648a,ENDURANCE ACTIVA SHOCK PIPE,,SHOCK PIPE TVS FRONT,S95105401M,,0.00,363,Inclusive,0,Inclusive,0,2,,No,0,
3de61246-9889-4bf5-8edf-7174d08a1b35,ENDURANCE ACTIVA SHOCUB ,,REAR SHOCUB,S135104212,,0.00,885,Inclusive,0,Inclusive,0,2,,No,0,
c03f35f1-aed9-4dd3-958a-43b17a27ba5c,ENDURANCE BOXER SHOCK PIPE ,,SHOCK PIPE FRONT BAJAJ,F800200404,,0.00,787,Inclusive,0,Inclusive,0,6,,No,0,
6ef07d73-14bc-4efa-ac07-0c073a81b3d9,ENDURANCE BOXER STEEL SHOCUB,,REAR SHOCUB,S115100603,,0.00,950,Inclusive,0,Inclusive,0,2,,No,0,
5437db3a-f475-43a6-a802-3e9b1737d801,ENDURANCE CALIBER 115 SHOCK PIPE ,,SHOCK PIPE FRONT BAJAJ,F800200504,,0.00,678,Inclusive,0,Inclusive,0,6,,No,0,
9b73d0cf-d7fb-4503-96f6-f45c4b6bfe4d,ENDURANCE CRUX SHOCUB,,REAR SHOCUB,S130112601,,0.00,847,Inclusive,0,Inclusive,0,2,,No,0,
a583db4c-3b02-4c0d-99c0-c0990eb2742b,ENDURANCE DIS100 GAS SHOCUB BLK,,REAR SHOCUB,S330100303,,0.00,1225,Inclusive,0,Inclusive,0,0,,No,0,
04c7d045-85f4-412f-9031-1f2a5da26a4a,ENDURANCE DIS 100 SHOCK PIPE ,,SHOCK PIPE FRONT BAJAJ,F800204304,,0.00,649,Inclusive,0,Inclusive,0,5,,No,0,
20051f6f-df9a-4c0e-bdd0-07b4054221e0,ENDURANCE DIS110 125 GAS SHOCUB BLK,,REAR SHOCUB,S20118401M,,0.00,1279,Inclusive,0,Inclusive,0,0,,No,0,
3c32f472-8eff-48fb-ad0b-e19f565e0bd8,ENDURANCE DIS 112 STEEL SHOCUB,,REAR SHOCUB,S130107303,,0.00,950,Inclusive,0,Inclusive,0,2,,No,0,
42443fa9-5b2e-4e48-a1f7-a992f4a626c5,ENDURANCE DIS 125 SHOCK PIPE ,,SHOCK PIPE FRONT BAJAJ,F800200204,,0.00,719,Inclusive,0,Inclusive,0,4,,No,0,
4f3cea31-0b63-46c6-b332-aca6c394940e,ENDURANCE DIS 125 ST REAR SHOCUB,,REAR SHOCUB,S3C0100201,,0.00,3224,Inclusive,0,Inclusive,0,0,,No,0,
e5cdc757-6c81-4ad1-b709-95ce058d5940,ENDURANCE DISC 100 CLUTCH PLATE,,CLUTCH PLATE BAJAJ,160FC01701,,0.00,305,Inclusive,0,Inclusive,0,0,,No,0,
9f75d341-1ee8-41a3-80cc-bc60be4d6eaf,ENDURANCE DRAM YEAG ,,REAR SHOCUB,S20103701M,,0.00,938,Inclusive,0,Inclusive,0,2,,No,0,
1269e8eb-cfba-4b2e-81d2-ff5012ea49e8,ENDURANCE DREAM YUGA SHOCK PIPE,,SHOCK PIPE FRONT HH,F800211704,,0.00,795,Inclusive,0,Inclusive,0,2,,No,0,
6f89041f-3acf-4237-8219-28bbdaf0a582,ENDURANCE HF DLX /SPL PRO SHOCB,,REAR SHOCUB,S95103701M,,0.00,888,Inclusive,0,Inclusive,0,4,,No,0,
d14da378-4e23-456f-bd47-2c647ec56384,ENDURANCE PLN 110 GAS BLK SHOCUB,,REAR SHOCUB,S20122901M,,0.00,1251,Inclusive,0,Inclusive,0,4,,No,0,
3f29aede-cc84-49e5-a5aa-86de98066af5,ENDURANCE PLN COMF GOLDEN SHOCUB,,REAR SHOCUB,S20111301M,,0.00,939,Inclusive,0,Inclusive,0,12,,No,0,
a378c86f-169e-4cd0-87f1-cb412c933313,ENDURANCE PLN/CT100 SHOCK PIPE ,,SHOCK PIPE FRONT BAJAJ,F800204104,,0.00,760,Inclusive,0,Inclusive,0,14,,No,0,
78a4c90f-b13f-46b0-8281-ae7da4c076b1,ENDURANCE PLN OLD ORANGE SHOCUB,,REAR SHOCUB,S130109607,,0.00,847,Inclusive,0,Inclusive,0,10,,No,0,
d6885839-7159-417b-899d-e416c531f359,ENDURANCE PLSR150 BLACK SHOCUB,,REAR SHOCUB,S330102601,,0.00,1258,Inclusive,0,Inclusive,0,4,,No,0,
d7196841-bb19-4eed-87d3-10c0697f766d,ENDURANCE RX100 SHOCUB ,,REAR SHOCUB,S115101103,,0.00,867,Inclusive,0,Inclusive,0,2,,No,0,
d8bc8746-b25f-4554-98ad-baed87a59bcd,ENDURANCE SHINE  BK SHOCUB,,REAR SHOCUB,S1B0100501,,0.00,880,Inclusive,0,Inclusive,0,4,,No,0,
0781a6e9-a1ac-4077-9280-aaace8b54f63,ENDURANCE SHINE SHOCK PIPE ,,SHOCK PIPE FRONT BAJAJ,F20201805M,,0.00,767,Inclusive,0,Inclusive,0,3,,No,0,
6eb95175-cbfe-40d2-895a-7413ef05ab24,ENDURANCE SHINE SILVER SHOCUB,,REAR SHOCUB,S20117701M,,0.00,968,Inclusive,0,Inclusive,0,6,,No,0,
4ac0d644-a3bb-4f90-b9bd-ed0608384401,ENDURANCE SPL CLUTCH PLATE,,CLUTCH PLATES HERO,165FC03675,,0.00,248,Inclusive,0,Inclusive,0,3,,No,0,
cb206993-00e8-4021-a29b-4d10f5a4d3b2,ENDURANCE SPL PLS NO LOCK SHOCUB,,REAR SHOCUB,S95100601M,,0.00,852,Inclusive,0,Inclusive,0,4,,No,0,
cd142ee5-c70a-4d8c-9429-f2c445c6e500,ENDURANCE SPL SHOCK PIPE ,,SHOCK PIPE FRONT HH,F800207704,,0.00,650,Inclusive,0,Inclusive,0,6,,No,0,
ca323b86-cf1c-4357-b79b-dfba93060257,ENDURANCE S.S SHOCK PIPE,,SHOCK PIPE FRONT HH,F800208304,,0.00,659,Inclusive,0,Inclusive,0,4,,No,0,
355179a9-de0a-436f-9918-c3574f922ea0,ENDURANCE STAR CITY SHOCK PIPE ,,SHOCK PIPE TVS FRONT,F800207804,,0.00,756,Inclusive,0,Inclusive,0,7,,No,0,
39d94d4f-f355-444d-928d-3d674f25eabe,ENDURANCE SUPER SPL CLUTCH PLATE,,CLUTCH PLATES HERO,520AM01922,,0.00,353,Inclusive,0,Inclusive,0,1,,No,0,
ca8cc199-3e79-48d6-b3aa-e799eb9b580b,ENDURANCE UNICORN SHOCK PIPE ,,SHOCK PIPE FRONT HH,F90200402M,,0.00,872,Inclusive,0,Inclusive,0,6,,No,0,
d971fecb-765a-4955-a7ff-70136a1d666b,ESSAR RX100 [CP] HEAD LIGHT ,,HEAD LIGHT TVS,MAM5049,,0.00,695,Inclusive,0,Inclusive,0,2,,No,0,
904784bf-35f3-4984-98ae-d3d150e6cd72,EURO ACCESS METER CABLE,,METER CABLE MOPED ALL,EU145X,,0.00,95,Inclusive,0,Inclusive,0,1,1.0,No,0,
e3820e88-9a94-4ad4-b108-e48e24c162f2,EURO ACCESS REAR BREAK CABLE,,BREAK CABLE MOPED,EU142X,,0.00,185,Inclusive,0,Inclusive,0,1,,No,0,
673d1633-99b0-4e85-8905-859a1e4f8545,EURO ACCESS SWISS ACC CABLE,,ACC CABLE ALL MOPED,EU140X,,0.00,225,Inclusive,0,Inclusive,0,4,,No,0,
6fa7824f-62c2-45f5-bfc6-fe034e9dbc89,EURO ACTIVA OLD CHOKE CABLE,,CHOKE CABLE,EU236A,,0.00,150,Inclusive,0,Inclusive,0,2,,No,0,
c0bc2356-e0df-482b-9036-016389848ac6,EURO CD DWN ACC CABLE,,ACC CABLE HH,EU110A,,0.00,85,Inclusive,0,Inclusive,0,1,,No,0,
43552467-a7b6-4bfe-9837-9f190eda1748,EURO CLBR ACC CABLE ,,ACC CABLE BAJAJ,EU1308,,0.00,95,Inclusive,0,Inclusive,0,0,1.0,No,0,
ea4cc378-28be-4d52-8705-6232829f7780,EURO CT100 DLX ACC CABLE,,ACC CABLE BAJAJ,EU130W,,0.00,140,Inclusive,0,Inclusive,0,1,1.0,No,0,
d0cdac01-3296-4969-a4e7-320283a9cdad,EURO MAX100 FRO BREAK CABLE,,BREAK CABLE TVS,EU141B,,0.00,110,Inclusive,0,Inclusive,0,2,,No,0,
26b60a07-5496-4123-9ee3-362e9834a86a,EURO PLSR DJTL ACC CABLE,,ACC CABLE BAJAJ,EU130Y,,0.00,105,Inclusive,0,Inclusive,0,2,1.0,No,0,
d71f41fb-6da9-420d-98fd-40109d151513,EURO SAMURAI METER CABLE,,METER CABLE MOPED ALL,EU145B,,0.00,90,Inclusive,0,Inclusive,0,1,1.0,No,0,
61e0e323-282e-4339-9d99-9d3d481acad8,EURO SUPER XL FRO BREAK CABLE,,BREAK CABLE MOPED,EU321D,,0.00,80,Inclusive,0,Inclusive,0,2,,No,0,
6c703bf7-5762-4a79-b8b9-675d8babc669,EURO SUZUKI MAX ACC CABLE,,ACC CABLE TVS,EU140B,,0.00,115,Inclusive,0,Inclusive,0,2,,No,0,
f87b7e36-2602-41c3-8031-28f3a4fcc5bd,EURO UNICORN SHINE CLUTCH CABLE,,CLUTCH CABLE H.H,EU233E,,0.00,125,Inclusive,0,Inclusive,0,1,1.0,No,0,
8e3ac6e4-1f3a-4006-9ec3-f0e3ef905a87,EXACT CD DLX BRAKE PADEL,,BRAKE PEDAL ALL,S33A,,0.00,284,Inclusive,0,Inclusive,0,2,,No,0,
68d4c98c-2b36-4c4b-9ec0-af62dbc760f0,EXACT CD DLX PSN PRO HEAD GAS KIT,,HEAD GAS KIT,136401837953,,0.00,80,Inclusive,0,Inclusive,0,6,,No,0,
52e199a0-f950-4b04-8510-75cc482719c8,EXACT CT100 C C PAK,,CLUTCH PACKING ALL,848550656266,,0.00,30,Inclusive,0,Inclusive,0,13,,No,0,
0b3995d0-0262-4ca4-b93f-39c9ed3c41ec,EXACT HH CRANK CASE GASKIT,,CLUTCH PACKING ALL,915995132958,,0.00,32,Inclusive,0,Inclusive,0,5,,No,0,
2ed3a491-0e69-489e-b085-00d6266e36a4,EXACT PLN C C PAK,,CLUTCH PACKING ALL,660177700038,,0.00,30,Inclusive,0,Inclusive,0,14,,No,0,
2949268d-0584-4f01-9d50-addb2cafad38,EXACT SPL BRAKE PADEL,,BRAKE PEDAL ALL,EXACT33,,0.00,270,Inclusive,0,Inclusive,0,3,,No,0,
e233e71e-ddfe-483e-90ec-fd1bfe9e9d76,EXACT STAR CITY PLS MAG PAK,,MAGNET PACKING ALL,778297110034,,0.00,24,Inclusive,0,Inclusive,0,14,,No,0,
6259fdb2-4a54-4a15-b16c-5da70c9b6b70,EXACT STAR CITY PLUS BRAKE PADEL,,BRAKE PEDAL ALL,S33D1,,0.00,360,Inclusive,0,Inclusive,0,2,,No,0,
8e13d914-a983-4e48-9020-9a3d03bdf62c,EXPORT PLN BLK/RED TP,,TAIL PANEL BAJAJ,489930813475,,0.00,710,Inclusive,0,Inclusive,0,1,,No,0,
0ab1f069-bd83-40fc-9db6-163acb3187ab,FAG 6001 BEARING,,BEARING,FAG6001,,0.00,94,Inclusive,0,Inclusive,0,6,,No,0,
5597c3d6-6fc5-405e-b838-66bef61ae148,FAG 6004 BEARING ,,BEARING,FAG6004,,0.00,177,Inclusive,0,Inclusive,0,1,,No,0,
469a1086-943f-49cb-a580-9f3847dd6197,FAG 6200 BEARING,,BEARING,FAG6200,,0.00,152,Inclusive,0,Inclusive,0,3,,No,0,
941d357a-e704-40bb-87b4-7ea15b2f9b1a,FAG 6201 BEARING,,BEARING,FAG6201,,0.00,111,Inclusive,0,Inclusive,0,6,,No,0,
7ec4bfbb-29c1-47fe-b5e5-0735de5235cc,FAG 6202 BEARING,,BEARING,FAG6202,,0.00,152,Inclusive,0,Inclusive,0,1,,No,0,
9025d798-2b42-4ff7-94fe-b0b64b9fc87b,FAG 6203 BEARING,,BEARING,FAG6203,,0.00,145,Inclusive,0,Inclusive,0,1,,No,0,
c7ce870e-9c2a-4baf-84e5-c61697d682ef,FAG 6205 BEARING,,BEARING,FAG6205,,0.00,265,Inclusive,0,Inclusive,0,2,,No,0,
5ff73463-ba3c-4d91-a324-c62d2bafa14e,FAG 628 BEARING,,BEARING,FAG628,,0.00,104,Inclusive,0,Inclusive,0,9,,No,0,
f366fc0f-2047-49af-b7ba-bddc9fa88801,FAG 6300 BEARING,,BEARING,6300RSRC3,,0.00,161,Inclusive,0,Inclusive,0,1,1.0,No,0,
283b85d1-6775-400c-bd26-d8161487cb05,FAG 6301 BEARING,,BEARING,FAG6301,,0.00,239,Inclusive,0,Inclusive,0,9,,No,0,
caabbc3d-45cb-4500-b832-c1efa6e44021,FAG 6302 BEARING,,BEARING,FAG6302,,0.00,169,Inclusive,0,Inclusive,0,4,,No,0,
b35ed1f6-7874-48cb-8636-bc2a8aa07a2d,FAG 6304 BEARING,,BEARING,FAG6304,,0.00,180,Inclusive,0,Inclusive,0,2,,No,0,
4a72d28a-b785-4d54-a648-057cff22b257,FAG CAMSHAFT BEARING,,BEARING,61902H305,,0.00,168,Inclusive,0,Inclusive,0,2,,No,0,
298b1cb7-3982-43a8-8828-1a3ed9f21bcc,FAG CAMSHAFT BEARING,,BEARING,61902ZH304F,,0.00,176,Inclusive,0,Inclusive,0,8,,No,0,
5a3d6d58-0fd8-4155-9b81-babdd64485c8,FAG CAMSHAFT BEARING ,,BEARING,6002C3,,0.00,136,Inclusive,0,Inclusive,0,3,,No,0,
eb1dee4f-332d-4476-9c9f-c3ee92158355,FAG CAMSHAFT BIG BEARING,,BEARING,61905H304F,,0.00,202,Inclusive,0,Inclusive,0,8,,No,0,
57d41ef6-75d3-413c-a5b6-71d8930ba9d2,FAG CRANK BEARING ,,BEARING,618259,,0.00,235,Inclusive,0,Inclusive,0,3,,No,0,
0b4b9c82-e97d-443b-be51-3685249268ba,FCC PLN CLUTCH PLATE,,CLUTCH PLATE BAJAJ,FCCPLTNA100,,0.00,250,Inclusive,0,Inclusive,0,4,,No,0,
61b6885b-e21e-4522-935d-51b0198b928a,FCC SPL CLUTCH PLATE,,CLUTCH PLATES HERO,FCCSPL100,,0.00,215,Inclusive,0,Inclusive,0,1,,No,0,
98f5edf6-5819-4992-9f4b-5be56cea0095,FLAVOR ACCESS OLD BLOCK PISTON,,,809192941356,,0.00,2448,Inclusive,0,Inclusive,0,1,1.0,No,0,
40cc01dd-5f9a-4b33-9148-0817973d2686,FRONT SHOCUB ACTIVA/PLEASURE RIGHT,,SHOCK PIPE FRONT HH,51400KWP901S,,0.00,350,Inclusive,0,Inclusive,0,4,,No,0,
7fdb2ac1-0984-4f36-8e21-13dc03e53544,FRONT SHOCUB MAX 100 ,,,QBS9378,,0.00,1406,Inclusive,0,Inclusive,0,2,,No,0,
2d3937d3-5d50-44b9-be47-71942c154e87,FRONT SHOCUB SAMURAI/MAX100,,,S02035,,0.00,1390,Inclusive,0,Inclusive,0,0,,No,0,
d0ee6d8c-eb15-45e6-aec2-6831cd948f54,G10 M125 HORN,,HORN ALL,M125,,0.00,950,Inclusive,0,Inclusive,0,1,,No,0,
39354cd9-f106-4718-8d35-e28dce891db9,GABRIEL ACCESS SHOCK PIPE ,,SHOCK PIPE TVS FRONT,AM5500049,,0.00,844,Inclusive,0,Inclusive,0,2,,No,0,
6b8769d7-92e8-4bdd-af3a-338f43a38199,GABRIEL ACTIVA SHOCUB ,,REAR SHOCUB,AM30003193001,,0.00,853,Inclusive,0,Inclusive,0,0,,No,0,
8a142b0c-1411-4493-827f-0d227fafd83e,GABRIEL BOXER SHOCK PIPE,,SHOCK PIPE FRONT BAJAJ,AM550007852,,0.00,691,Inclusive,0,Inclusive,0,1,,No,0,
10585ed2-10f8-4fa0-82bc-ea99dfb925ef,GABRIEL DREAM YUGA SHOK UP PIPE,,SHOCK PIPE FRONT HH,AM55000378,,0.00,763,Inclusive,0,Inclusive,0,2,,No,0,
ccc7df4a-1397-4fb1-ac6c-fe5127dcfd92,GABRIEL PLATINA BLK REAR SHOCUB,,REAR SHOCUB,AM300032661,,0.00,790,Inclusive,0,Inclusive,0,4,,No,0,
63c03f26-b40a-4be0-b439-89a6c0f96f9b,GABRIEL SHINE BLK SHOCUB,,REAR SHOCUB,3534K,,0.00,718,Inclusive,0,Inclusive,0,1,,No,0,
f4875490-e6fa-449b-8796-4effe229d6e5,GABRIEL SHINE GREY SHOCUB,,REAR SHOCUB,AM30003534Y,,0.00,718,Inclusive,0,Inclusive,0,1,,No,0,
64f74f2c-d2f9-4555-a2e0-cf73e28227db,GABRIEL SPLSHOK UP PIPE,,SHOCK PIPE FRONT HH,55000908-8,,0.00,637,Inclusive,0,Inclusive,0,1,,No,0,
37c2cc31-11d9-4a13-9bbc-be75e8a599bf,GABRIEL STAR CITY LONG SHOCUB,,REAR SHOCUB,AM300032962B,,0.00,897,Inclusive,0,Inclusive,0,0,,No,0,
08b87ee0-a9f5-450f-8978-c7407886d9dd,GABRIEL WEGO JUPITOR SHOCUB,,REAR SHOCUB,AM30003277,,0.00,943,Inclusive,0,Inclusive,0,2,,No,0,
3bf9c176-8061-47b0-8081-acae062c80c3,GABRIEL XL SHOCUB,,REAR SHOCUB,AM300030671R,,0.00,646,Inclusive,0,Inclusive,0,2,,No,0,
5d4f3c30-a3a7-49ae-b017-710b529f061d,GAE STAR SPORT FUEL TANK CAP,,FUEL TANK CAP,PT1313A,,0.00,267,Inclusive,0,Inclusive,0,1,,No,0,
dcabc712-7b7c-4cdc-a843-dc0edfffdb4e,GAE SUZUKI MAX FUEL TANK CAP,,FUEL TANK CAP,PT1309,,0.00,200,Inclusive,0,Inclusive,0,1,,No,0,
59f2c008-c819-4c98-a264-cc28ed924df0,GAURAV CT100 BXR RH ROUND,,MIRROR BAJAJ,526484192691,,0.00,125,Inclusive,0,Inclusive,0,1,,No,0,
8ee12cd1-9495-4c19-8664-be9e15ddc70d,GAURAV DIS LH,,MIRROR BAJAJ,408882313701,,0.00,125,Inclusive,0,Inclusive,0,1,,No,0,
488ff785-01c4-41de-8c47-d609b9935267,GENERAL 4S BOXER /CT100 /PLN H PACKING SET,,HALF PACKING SET BAJAJ,GBJ2B,,0.00,80,Inclusive,0,Inclusive,0,9,,No,0,
042bc052-5bd8-41cd-a461-8d447646b9ff,GENERAL 4S/BXR MAG. PACKING,,MAGNET PACKING ALL,GBJ2D,,0.00,30,Inclusive,0,Inclusive,0,12,,No,0,
3aead8f0-c206-4874-820b-918276384bae,GENERAL 4S FULL PAK SET,,FULL PACKING SET ALL,GBJ8A,,0.00,170,Inclusive,0,Inclusive,0,3,,No,0,
585dcf2b-bcd9-418d-98ad-c343aeca3884,GENERAL 4S HALF PACKING SET,,HALF PACKING SET BAJAJ,GBJ8B,,0.00,80,Inclusive,0,Inclusive,0,2,,No,0,
5e10a97d-165d-44a4-9ad6-9ac672273a0d,GENERAL CD-100 FULL PACKING SET,,FULL PACKING SET ALL,GHE2A,,0.00,230,Inclusive,0,Inclusive,0,3,,No,0,
44bab5ba-cd5b-43c9-ab6b-cdca4c9013f3,GENERAL CD DLX/PSN PRO FULL PAK SET,,FULL PACKING SET ALL,GHE1AA,,0.00,270,Inclusive,0,Inclusive,0,5,,No,0,
0a917a8e-298d-4c07-b13f-74937b1d8d34,GENERAL CD DLX/SPL+BS6,,CLUTCH PACKING ALL,GHE7C,,0.00,42,Inclusive,0,Inclusive,0,9,,No,0,
72cf7035-f399-4ca2-8877-efc68d42355e,GENERAL CT-100/PLN /BOXR CLUTH PACK,,CLUTCH PACKING ALL,GBJ2C,,0.00,48,Inclusive,0,Inclusive,0,16,,No,0,
5c904a87-fd2e-4375-9450-902b9e80d8e5,GENERAL DIS 100 ES FULL PAK SET,,FULL PACKING SET ALL,GBJ3A,,0.00,170,Inclusive,0,Inclusive,0,2,,No,0,
4d76f231-29ff-4e10-bdff-6f0f20a5ca7b,GENERAL DIS 125 STHALF PACKING SET,,HALF PACKING SET BAJAJ,GBJ14B,,0.00,75,Inclusive,0,Inclusive,0,3,,No,0,
1158bdb9-1cff-415a-ae4a-863292dbaf4d,GENERAL DIS/PLN ES H PAK SET,,HALF PACKING SET BAJAJ,GBJ3B,,0.00,75,Inclusive,0,Inclusive,0,5,,No,0,
8cb31998-dd7d-44f9-a2db-89c4c5a0858b,GENERAL DREAM/X PRO H PAK SET ,,HALF PACKING SET HH,GH011B,,0.00,75,Inclusive,0,Inclusive,0,5,,No,0,
bc6859e9-d7b0-45a5-9399-be1250490c72,GENERAL HH  H PAK SET,,HALF PACKING SET HH,GHE2B,,0.00,110,Inclusive,0,Inclusive,0,4,,No,0,
d67c6305-8ff4-4bfe-82ea-3fa6e5fcdd9e,GENERAL I SMART/PSN X PRO FULL PAK SET,,FULL PACKING SET ALL,GHE12A,,0.00,270,Inclusive,0,Inclusive,0,3,,No,0,
7c8940cd-80c1-4e42-94af-657389eaa765,GENERAL MAX 100 HALF PACKING SET,,HALF PACKING SET TVS,GTVS8B,,0.00,60,Inclusive,0,Inclusive,0,3,,No,0,
83a58c07-5535-49a6-8449-93171580a507,GENERAL SHINE FULL PAK SET,,FULL PACKING SET ALL,GH09A,,0.00,180,Inclusive,0,Inclusive,0,2,,No,0,
1a4bb958-8a36-4034-b86f-8c7e206f873b,GENERAL SHINE H PAK SET ,,HALF PACKING SET HH,GH09B,,0.00,90,Inclusive,0,Inclusive,0,3,,No,0,
9767274b-8bb2-45b7-9ce1-f9b937b638be,GENERAL SPL PRO /CD DLX HALF PACKING SET,,HALF PACKING SET HH,GHE18,,0.00,110,Inclusive,0,Inclusive,0,10,,No,0,
1de49277-d020-4ea7-a030-ca2a7b4f070f,GENERAL SPL/PSN H PAK  SET,,HALF PACKING SET HH,GHE1B,,0.00,110,Inclusive,0,Inclusive,0,4,,No,0,
32381cdf-b05b-482a-aefa-9af96554fc82,GENERAL STAR 110 CLUTCH PACKING,,CLUTCH PACKING ALL,GTVS17C,,0.00,48,Inclusive,0,Inclusive,0,10,,No,0,
3acfb337-6473-4702-872f-f0122036226a,GENERAL STAR 110 H PAK SET ,,HALF PACKING SET TVS,GTVS18B,,0.00,85,Inclusive,0,Inclusive,0,4,,No,0,
02945419-518c-4eb7-8fee-f1f479a2ef77,GENERAL STAR 110 MAGNET PACKING,,MAGNET PACKING ALL,GTVS19D,,0.00,32,Inclusive,0,Inclusive,0,10,,No,0,
5fcb87e8-84d5-4628-8d3e-d88a55d4846a,GENERAL STAR 110/SPORTS FULL PAK SET,,FULL PACKING SET ALL,GTVS15A,,0.00,225,Inclusive,0,Inclusive,0,3,,No,0,
16d72344-5f68-4cdb-b161-aa2fec475dcc,GENERAL STAR CITY PLUS FULL PAK SET,,FULL PACKING SET ALL,GTVS18A,,0.00,225,Inclusive,0,Inclusive,0,3,,No,0,
e2fef108-c797-4032-ac5f-276efa9cb21d,GENERAL SUPER SPL FULL PAK SET,,FULL PACKING SET ALL,GHE4A,,0.00,180,Inclusive,0,Inclusive,0,3,,No,0,
4fc526a6-e626-4100-bdca-2e1ab9a190a5,GENERAL XL100 FULL PAK SET,,FULL PACKING SET ALL,GTVS24A,,0.00,170,Inclusive,0,Inclusive,0,2,,No,0,
81443f43-5dcc-4f6f-985e-6611a461740e,GENERAL XL SUPER FULL PACK SET,,FULL PACKING SET ALL,GTVS25A,,0.00,80,Inclusive,0,Inclusive,0,3,,No,0,
a41f93a4-e292-44c9-8454-94d26a7d6f1d,GENERAL XL SUPER HALF PACKING SET,,HALF PACKING SET TVS,GTVS25B,,0.00,28,Inclusive,0,Inclusive,0,3,,No,0,
1faca537-ec29-4292-a8ad-ecb8316267c3,GENIUNE PLN KICK,,KICK ALL,950331817362,,0.00,399,Inclusive,0,Inclusive,0,3,,No,0,
f0b5e491-6ba0-4d08-8123-2a60912ada10,GKI ACTIVA 110 HET HAL PAC SET,,HALF PACKING SET MOPED,893481562881,,0.00,48,Inclusive,0,Inclusive,0,0,,No,0,
49d8dc95-3394-4b1c-861a-5c527651e88b,GKI TVS WEGO F.P.SET,,FULL PACKING SET ALL,705604526784,,0.00,120,Inclusive,0,Inclusive,0,3,,No,0,
c87bd4ff-4e73-4864-b18c-023018c59a2b,GKI WEGO JUPITOR  HAL PAC SET,,HALF PACKING SET MOPED,002,,0.00,48,Inclusive,0,Inclusive,0,3,,No,0,
4581634d-adf9-43bc-b970-36b1785d3ad2,GMK PLN RED ,,INDICATOR BAJAJ,GMK27,,0.00,115,Inclusive,0,Inclusive,0,4,,No,0,
36927b6f-73c1-45a0-b5ec-1ca4069dc08b,GNUS SPL HANDLE BAR,,HANDLE BAR,240760510283,,0.00,350,Inclusive,0,Inclusive,0,1,,No,0,
63140b84-a8fa-4a1b-a7ae-088b68d30ad9,GOETZE CRUX BLOCK PISTON,,BLOCK PISTON,01251MKL,,0.00,2604,Inclusive,0,Inclusive,0,1,1.0,No,0,
1a02bdc5-6c99-4073-afbd-f3d00831823c,GOETZE CT100 OLD BLOCK PISTON ,,BLOCK PISTON,01651MPL,,0.00,1618,Inclusive,0,Inclusive,0,1,,No,0,
f63709ea-89ac-4cdb-b9c2-f40cb45cef9a,GOLDEN VOICE HORNS,,HORN ALL,820377686910,,0.00,210,Inclusive,0,Inclusive,0,1,,No,0,
186952d3-824c-4fac-a54e-e332855734e6,GOLD SUPERJEET DISC CHOKE CABLE,,CHOKE CABLE,GSJ1406,,0.00,86,Inclusive,0,Inclusive,0,5,,No,0,
d512ccda-899c-4a14-b65c-9aba17d9a9cd,GULF MF2.5L BATTERY,,BATTERY,MF2.5L,,0.00,1157,Inclusive,0,Inclusive,0,1,1.0,No,0,
c37973ec-1ad2-4c93-8bb2-efacc32f79a9,HAC STAR CITY CLUTCH CABLE,,CLUTCH CABLE TVS,680221300460,,0.00,160,Inclusive,0,Inclusive,0,-1,1.0,No,0,
ef1a3b82-f715-4460-8ec1-66d6adab85d4,HANDLE BAR CT-100/PLN,,HANDLE BAR,MAM0000,,0.00,420,Inclusive,0,Inclusive,0,0,,No,0,
e0346d1f-86b3-4f5e-83fe-3bbea5821469,HANDLE BAR CT100/PLN ,,HANDLE BAR,SP2488,,0.00,370,Inclusive,0,Inclusive,0,3,,No,0,
830a9f03-8de2-4bd2-bf7d-9f7a08ff88d0,HANS LINE 4S CHAMP SHOCK PIPE ,,SHOCK PIPE FRONT BAJAJ,715441487729,,0.00,532,Inclusive,0,Inclusive,0,2,,No,0,
c689ebe8-a64e-4ed2-9c01-3c2a7da2e189,HANS LINE BOXER AT SHOCK PIPE,,SHOCK PIPE FRONT BAJAJ,156578212569,,0.00,532,Inclusive,0,Inclusive,0,2,,No,0,
fbd5154b-0400-4004-a257-cc4261dce905,HANSLINE DREAMYUGA FOOTRACE BAR,,FOOTRACE ALL,551181627798,,0.00,297,Inclusive,0,Inclusive,0,1,,No,0,
6ebecea2-d00d-40be-9432-67f90752bc93,HANSLINE DREAM YUGA HANDLE BAR,,HANDLE BAR,509871655305,,0.00,368,Inclusive,0,Inclusive,0,2,,No,0,
97828550-59eb-4779-828f-844f15f754f4,HANS LINE HH SS MAIN STAND ,,MAIN STAND ALL,HL 862,,0.00,390,Inclusive,0,Inclusive,0,1,,No,0,
a8d373e2-bf59-4940-9dd2-22fe7e7b8088,HANS LINE PLS 180DTSI B PEDAL,,BRAKE PEDAL ALL,HL019,,0.00,236,Inclusive,0,Inclusive,0,2,,No,0,
f9105234-7a8b-4a39-98cb-da38c49c1845,HANS LINE PLSR HANDLE BAR,,HANDLE BAR,160564523383,,0.00,400,Inclusive,0,Inclusive,0,1,,No,0,
423ff678-d08b-4179-87f1-b179ce92f175,HANS LINE PUL DTSI SIDE STAND,,SIDE STAND BAJAJ,988,,0.00,150,Inclusive,0,Inclusive,0,1,,No,0,
512f4f24-6a6f-4af9-96e3-93166c4ab209,HANS LINE S.S GEAR LEVER,,GEAR LEVER TVS/HH,HL452,,0.00,188,Inclusive,0,Inclusive,0,2,,No,0,
82bc5df9-4c24-496b-bb5e-da93fe44255c,HANS LINE STAR CITY SHOCK PIPE ,,SHOCK PIPE TVS FRONT,736531064628,,0.00,580,Inclusive,0,Inclusive,0,2,,No,0,
107b6089-c854-455f-b52f-76209c467875,HANSLINE STAR CITY ST. CONE SET,,STEERING CONE SET,HANS307,,0.00,222,Inclusive,0,Inclusive,0,3,,No,0,
21139d0f-377f-47e0-83e1-1c9948870da5,HANSLINE STAR CITY VALVE ,,TVS ALL ENGINE SPARE,HANS1153,,0.00,135,Inclusive,0,Inclusive,0,2,,No,0,
8f56ab14-dc72-4fb4-ae63-cede3e1b3605,HANSLINE STAR FRONT STEEL MUD,,STEEL MUDGUARD,404,,0.00,1065,Inclusive,0,Inclusive,0,1,,No,0,
c29092e1-4042-4ffb-9493-3d786ff74a7d,HANS LINE STAR SPORT HANDLE BAR,,HANDLE BAR,813985203134,,0.00,368,Inclusive,0,Inclusive,0,1,,No,0,
1ae785e2-1c43-422b-8196-52ede80760a1,HANUMANT CB SHINE T5 BLK/RED,,SIDE PANEL SHINE,HAC707,,0.00,650,Inclusive,0,Inclusive,0,0,,No,0,
ec8db9f9-0e03-4530-89bc-a7a0ee465b42,HANUMANT DISC 100 BLK/BLUE,,SIDE PANEL DISCOVER,HAC334A,,0.00,570,Inclusive,0,Inclusive,0,2,,No,0,
254e20dc-a033-47aa-8cbc-00df89e94041,HANUMANT DISC100 BLK/RED ,,SIDE PANEL DISCOVER,HAC334,,0.00,570,Inclusive,0,Inclusive,0,1,,No,0,
34ba79ed-df52-4a63-bb55-cf1c1afd5d0a,HANUMANT PLSR ALL BLK,,SIDE PANEL PULSAR,HAC331,,0.00,520,Inclusive,0,Inclusive,0,1,,No,0,
19ffc347-2e26-4d95-9064-b851526f2f24,HANUMANT PLSR RED TP,,TAIL PANEL BAJAJ,HAC486A,,0.00,805,Inclusive,0,Inclusive,0,1,,No,0,
2a1fd903-0a39-470b-9301-4b0d6db5ac7b,HAT DIS 100 VALVE SEAL ,,VALVE KIT BAJAJ,HTA6356,,0.00,57,Inclusive,0,Inclusive,0,6,,No,0,
3570c550-34d5-49e2-bf88-1d88f444e2e1,HCH 6003 BEARING,,BEARING,HCH6003,,0.00,70,Inclusive,0,Inclusive,0,4,,No,0,
48cea4ca-5aa6-4665-be55-bdc9d290530b,HCH 6201 BEARING,,BEARING,HCH6201,,0.00,70,Inclusive,0,Inclusive,0,2,,No,0,
2c9363fd-667c-40e4-9808-29e1e34cdca8,HCH 6202 BEARING,,BEARING,HCH6202,,0.00,120,Inclusive,0,Inclusive,0,6,,No,0,
cb914d8a-0911-44cc-8dbb-06607731f0a0,HEAD GAS KIT CT100 ,,HEAD GAS KIT,305649887952,,0.00,50,Inclusive,0,Inclusive,0,10,,No,0,
02552d82-1ef5-4cca-96c0-76d9799a4b42,head light assy. I SMART/ SUP SPL,,HEAD LIGHT HH,HL5244M,,0.00,463,Inclusive,0,Inclusive,0,2,,No,0,
27e7670e-8fb5-4ac6-9289-0d6cbc15bd1c,HERO 6001 BEARING,,BEARING,HER6001,,0.00,80,Inclusive,0,Inclusive,0,6,,No,0,
9f2e5adf-44f0-4c4c-9ab7-5cd1c4d33854,HERO 6004 BEARING,,BEARING,91009GW3980S,,0.00,150,Inclusive,0,Inclusive,0,2,,No,0,
b4221e5e-3e87-4d6d-9491-8bfe80304cf5,HERO 6202 BEARING,,BEARING,961006202000S,,0.00,112,Inclusive,0,Inclusive,0,2,,No,0,
5aa95f7c-af07-4434-8256-2d320b2289bb,HERO 6203 BEARING,,BEARING,91004AAL00099S,,0.00,138,Inclusive,0,Inclusive,0,1,,No,0,
61180566-0782-43ba-b67e-4dbbaad3658e,HERO 6301 BEARING,,BEARING,961406301010S,,0.00,105,Inclusive,0,Inclusive,0,2,,No,0,
3814de36-9b09-4a03-a462-7499e22c5eba,HERO 6302 BEARING,,BEARING,HE6302,,0.00,130,Inclusive,0,Inclusive,0,2,,No,0,
0e40ade1-637a-447e-9116-1d83f40eb570,HERO ACTIVA BLOCK PISTON,,BLOCK PISTON,K12121KZNA900S,,0.00,2920,Inclusive,0,Inclusive,0,0,1.0,No,0,
d0c7308c-6276-47f6-aa22-e0a5be1c4ac7,HERO ACTIVA/PLEASURE FRONT SHOCUB LEFT,,SHOCK PIPE FRONT HH,51500KWP901S,,0.00,378,Inclusive,0,Inclusive,0,2,,No,0,
3215135c-1337-41b9-b9c2-e655dafc7461,HERO ACTIVA SHOCUB FRONT LH,,REAR SHOCUB,51500KRP982S,,0.00,410,Inclusive,0,Inclusive,0,0,,No,0,
34324346-c498-4ca9-afda-7b2af6469224,HERO ACTIVA SHOCUB RH FRO,,REAR SHOCUB,51400KRP982S,,0.00,410,Inclusive,0,Inclusive,0,0,,No,0,
d9497bce-2341-43cb-9e58-80a350e96a96,HERO ACTVIA SIDE STAND ,,SIDE STAND TVS/HH/MOPED,50530KWP900S,,0.00,120,Inclusive,0,Inclusive,0,0,,No,0,
be449716-6697-47d0-801b-866516c6e361,HERO CBZ UNICORN ACC CABLE,,ACC CABLE HH,17950KVE900S,,0.00,75,Inclusive,0,Inclusive,0,3,,No,0,
423337cf-1fe0-4118-be0d-a27555238109,HERO CBZ/UNICORN TIMING CHAIN,,TIMING CHAIN HH,14401KCW851S,,0.00,360,Inclusive,0,Inclusive,0,3,,No,0,
237948c7-d717-45a0-93a9-ac54bb3291f9,HERO CD DLX BLOCK PISTON,,BLOCK PISTON,21K190S,,0.00,2260,Inclusive,0,Inclusive,0,1,1.0,No,0,
ebd937d4-5321-4143-8850-cd2bc76693c7,HERO CLUTCH CABLE,,CLUTCH CABLE H.H,KVE900S,,0.00,90,Inclusive,0,Inclusive,0,1,1.0,No,0,
92f9288d-799b-49a9-ae90-d2947bb7e1e9,HERO CUT RUBBER ,,CUT RUBBER/PUSH ROD RUBBER,90801035000S,,0.00,10,Inclusive,0,Inclusive,0,29,,No,0,
ea3716dc-b195-42dd-b168-9e3370db73b8,HERO DIS 100 M 14/43 CHAIN SPO,,CHAIN SPOCKET BAJAJ,RKBA115,,0.00,740,Inclusive,0,Inclusive,0,1,,No,0,
de9fddf7-eec5-4bbe-bf09-3b8b148d95e6,HERO GEAR CHANGER PATTI,,GEAR CHANGER PATTI/OIL PUMP ROD/STATIONAR SPRING,24430KST900S,,0.00,75,Inclusive,0,Inclusive,0,4,,No,0,
0865a9f0-8178-49e6-a0c1-de7bcb7452d9,HERO GLMR  STEERING CONE,,STEERING CONE SET,25K170S,,0.00,430,Inclusive,0,Inclusive,0,2,,No,0,
f303e7ee-9416-4043-a758-3c92e2cf29fc,HERO HBT4LB BATTERY,,BATTERY,HBT4LB,,0.00,1382,Inclusive,898,Inclusive,0,5,,No,0,
33ceb3d1-180f-4e2f-9bb6-a21d5fdcf40c,HERO HF DLX BLOCK PISTON,,BLOCK PISTON,K12121KSTG940S,,0.00,2350,Inclusive,0,Inclusive,0,1,1.0,No,0,
6fbbca19-60b2-44da-ace5-884263f3ff4b,HERO HF DLX LOCK KIT ,,LOCK KIT HH,35010KTRH00S,,0.00,770,Inclusive,0,Inclusive,0,1,,No,0,
f89c5e7b-0f5f-48ab-82c5-d168e97b212a,HERO HF DLX /PSN PRO CARB,,CARBURATOR ALL,16100KSTA12S,,0.00,2405,Inclusive,0,Inclusive,0,1,,No,0,
eccd105d-4f26-4d1c-8f67-06e8a232dcf2,HERO HF DLX SHOCK PIPE ,,SHOCK PIPE FRONT HH,51410KCC900S,,0.00,950,Inclusive,0,Inclusive,0,5,,No,0,
649cd0f0-22c6-43d7-93b5-2e36d723be5e,HERO HF DLX SHOCUB,,REAR SHOCUB,52400AST951ZAS,,0.00,1040,Inclusive,0,Inclusive,0,4,,No,0,
b390cbe4-8ff0-49bd-b66d-38d750edc438,HERO HF DLX S ONE WAY GEAR,,STARTER ONE WAY KIT ALL,14311035000S,,0.00,45,Inclusive,0,Inclusive,0,1,,No,0,
25d4623f-9e11-4b99-a133-9f2aaff672d1,HERO HF DLX S ONE WAY GEAR,,STARTER ONE WAY KIT ALL,28110AADH40S,,0.00,525,Inclusive,0,Inclusive,0,2,,No,0,
f09151f7-1c61-4737-97dc-eef0717b759e,HERO HF/PSN PRO ROCKER SET,,CAMSHAFT ROCKER,14430AAT000S,,0.00,550,Inclusive,0,Inclusive,0,1,,No,0,
aee1db74-a332-472a-8603-71fd6f99e075,HERO HH BREAK.SHOE SMALL,,BREAK SHOE HH/TVS,43120365H70S,,0.00,150,Inclusive,0,Inclusive,0,4,,No,0,
5cf52ca5-1216-4891-8677-53ca390febe5,HERO HH GHODA PATTI ,,GHODA PATTI HH,14500035020S,,0.00,56,Inclusive,0,Inclusive,0,18,,No,0,
bc5c4aea-d308-451b-888c-2d1739d16c3d,HERO HH OIL PUMP GEAR ,,ROLLER HH,14670035030LS,,0.00,90,Inclusive,0,Inclusive,0,6,,No,0,
99d09b6b-ef2e-4a48-8686-61a38e529a67,HERO HH OIL PUMP ROD,,GEAR CHANGER PATTI/OIL PUMP ROD/STATIONAR SPRING,14675178000S,,0.00,61,Inclusive,0,Inclusive,0,16,,No,0,
1bf495cb-b996-4b78-987a-798f3c5efed8,HERO HH /SPL PRO S  ONE WAY KIT,,STARTER ONE WAY KIT ALL,28120KWA942S,,0.00,615,Inclusive,0,Inclusive,0,2,,No,0,
8d7475c3-ecb4-47f7-80d4-698308fe1939,HERO HUNK 14/43 CHAIN KIT ,,CHAIN SPROCKET HERO,20K1010S,,0.00,940,Inclusive,0,Inclusive,0,1,,No,0,
fa320c35-481c-4c49-9c18-9866f7f256ec,HERO MESTRO TIMING CHAIN,,TIMING CHAIN HH,14401KWP901S,,0.00,170,Inclusive,0,Inclusive,0,1,,No,0,
0e2fa2f1-dba6-4c3d-a9d5-22fcbb8ef9a5,HERO PASSION X PRO CLUTCH PLATE,,CLUTCH PLATES HERO,K22222KZAAW00VS,,0.00,580,Inclusive,0,Inclusive,0,3,,No,0,
8b85b31e-d951-4a3c-ade1-61c3625dcd5b,HERO PLEASURE ACC CABLE,,ACC CABLE ALL MOPED,162713237566,,0.00,247,Inclusive,0,Inclusive,0,1,,No,0,
f17160c8-914c-42f9-91e7-86911b5fa2ac,HERO PLEASURE BLOCK PISTON,,BLOCK PISTON,21K230S,,0.00,2815,Inclusive,0,Inclusive,0,2,1.0,No,0,
71c373f2-2598-4c04-8ac4-dec56c5ada43,HERO PLEASURE FRO BREAK CABLE,,BREAK CABLE MOPED,45450KCC900S,,0.00,100,Inclusive,0,Inclusive,0,2,,No,0,
d71bd740-e29d-4f5c-a667-480b47caa933,HERO PLEASURE METER ASSLY ,,METER ASSLY ALL,37200AALH51S,,0.00,834,Inclusive,0,Inclusive,0,1,,No,0,
a0bea521-ceb8-47d4-9f0c-c1e27a302104,HERO PLEASURE METER CABLE,,METER CABLE HERO ALL,44830KTP900S,,0.00,100,Inclusive,0,Inclusive,0,2,1.0,No,0,
e95c22ec-a74e-4e3d-82e5-f36afd4242b6,HERO PLEASURE OIL PUMP ,,OIL PUMP HH,15100KTS900S,,0.00,200,Inclusive,0,Inclusive,0,2,,No,0,
03658fd4-ef52-4846-a912-7a21fce4e27d,HERO PLEASURE P. TAP,,PETROL TAP,16950KRP981S,,0.00,395,Inclusive,0,Inclusive,0,2,,No,0,
4a7313a5-1aff-400d-b3a1-31c4a9ceb9e8,HERO PLEASURE RR UNIT,,RR UNIT HH,31600KTP890S,,0.00,455,Inclusive,0,Inclusive,0,-1,,No,0,
324f5aa0-5eae-4e6f-bced-0174f8a4bbfa,HERO PLEASURE SHOCUB,,REAR SHOCUB,52400KTP901S,,0.00,900,Inclusive,0,Inclusive,0,2,,No,0,
f0fad42a-2c7d-43f2-b94f-bcd609994b00,HERO PLEASURE TIMING CHAIN,,TIMING CHAIN HH,1440KPL900S,,0.00,210,Inclusive,0,Inclusive,0,2,,No,0,
9ca61275-5f86-4be1-9b5b-600d25264630,HERO PLEASURE VALVE KIT,,VALVE/VALVE SEAL HH,24K190S,,0.00,475,Inclusive,0,Inclusive,0,7,,No,0,
188d1530-460f-49e7-9a31-e34daebc8944,HERO PLEASUSE TIMING KIT,,TIMING KIT HH,K14144AAEE300S,,0.00,415,Inclusive,0,Inclusive,0,8,,No,0,
5062232d-2bf9-4864-b5ad-dd1270b443bb,HERO PLESURE ROCKER SET,,CAMSHAFT ROCKER,14431GCC000S,,0.00,420,Inclusive,0,Inclusive,0,1,,No,0,
b712630c-46f3-4120-83b8-a4bde08d4810,HERO PLN 14/42 CHAIN SPO,,CHAIN SPOCKET BAJAJ,RKBA214,,0.00,772,Inclusive,0,Inclusive,0,2,,No,0,
b90d0437-3c3e-4423-8bb3-410528bc648c,HERO PSN CLUTCH CABLE,,CLUTCH CABLE H.H,KWA940S,,0.00,90,Inclusive,0,Inclusive,0,3,1.0,No,0,
1bb20cad-6b25-4f24-bbb2-fcf015acb100,HERO PSN METER CABLE,,METER CABLE HERO ALL,79214992903,,0.00,80,Inclusive,0,Inclusive,0,1,1.0,No,0,
576d57a6-8432-4d2b-8a70-0b470a0cafc7,HERO PSN PRO MAG. COIL,,MAGNET COIL ASSY HH,31110AAC211S,,0.00,925,Inclusive,0,Inclusive,0,1,,No,0,
5990857f-d256-4e19-b6f2-43f74eb33e75,HERO PSN PRO ROCJER SET ,,CAMSHAFT ROCKER,14430KST940S,,0.00,269,Inclusive,0,Inclusive,0,6,,No,0,
1b56b068-6947-4548-81ce-d89400eb112e,HERO PSN PRO SHOCUB,,REAR SHOCUB,52400KWA90099S,,0.00,1010,Inclusive,0,Inclusive,0,2,,No,0,
3883f123-4d90-4253-b259-af17ee080458,HERO PSN X PRO /DREAM YUGA BLOCK PISTON ,,BLOCK PISTON,K12121KZAAW00S,,0.00,2150,Inclusive,0,Inclusive,0,1,,No,0,
189a66a5-93d5-4b16-80cf-5eaea1aa14e8,HERO PSN X PRO GHODA PATTI ,,GHODA PATTI HH,14500KYY900S,,0.00,41,Inclusive,0,Inclusive,0,4,,No,0,
ef9db75f-fcf4-4906-92ce-953ce59dcb5b,HERO PSN X PRO TIMING CHAIN,,TIMING CHAIN HH,14401KWS901S,,0.00,135,Inclusive,0,Inclusive,0,3,,No,0,
a8d5b847-f2c1-49a2-b8e5-29fc4379ba55,HERO PSN X-PROTIMING CHAIN KIT,,TIMING KIT HH,K14144KZAAWOOS,,0.00,510,Inclusive,0,Inclusive,0,6,,No,0,
2c12766b-be59-42fa-819a-67766b33289c,HERO PUSH ROD ,,PUSH ROD HH,14550GB0910RS,,0.00,102,Inclusive,0,Inclusive,0,7,,No,0,
9d23ce0e-a2a2-4770-9d99-bdd2caebd015,HERO PUSH ROD RUBBER ,,CUT RUBBER/PUSH ROD RUBBER,14566086030S,,0.00,20,Inclusive,0,Inclusive,0,27,,No,0,
12d39c92-ed60-4401-8348-7e5f704e32e7,HERO SHINE LH H/B/S ,,HANDLE BAR SWITCH LH  HH,35200KTE651,,0.00,575,Inclusive,0,Inclusive,0,1,,No,0,
9c818697-4900-4307-bc18-7f9bc5820796,HERO SHINE STRTER RELAY ,,STRTER  RELAY  ALL,35850KR3870S,,0.00,280,Inclusive,0,Inclusive,0,9,,No,0,
3ade581d-7413-4cb9-93fc-679dfaea84fb,HERO SHINE TIMING CHAIN,,TIMING CHAIN HH,14401KTE910S,,0.00,165,Inclusive,0,Inclusive,0,7,,No,0,
771448a6-6a45-433a-aa76-c8a216b63f1c,HERO SPL BIG B.SHOE,,BREAK SHOE HH/TVS,4512KCCH00S,,0.00,140,Inclusive,0,Inclusive,0,4,,No,0,
b2684205-b2ec-4a0d-8a6a-868840e76422,HERO SPL BREAK CABLE,,BREAK CABLE HERO,45450198900S,,0.00,95,Inclusive,0,Inclusive,0,3,,No,0,
849c0558-40db-4387-9dd2-35faf6ec5758,HERO SPL BS6 GHODA PATTI ,,GHODA PATTI HH,1450AACK000S,,0.00,117,Inclusive,0,Inclusive,0,-1,,No,0,
45908d1f-0490-4d57-ba6d-45ee71bd4abf,HERO SPL BS6  TIMING CHAIN KIT,,TIMING KIT HH,K14144AACK000S,,0.00,440,Inclusive,0,Inclusive,0,5,,No,0,
669584be-8bac-40f8-8c78-79ebb19d9a58,HERO SPL B.SHOE,,BREAK SHOE HH/TVS,43125KST9401,,0.00,230,Inclusive,0,Inclusive,0,1,,No,0,
18eb16de-cfce-403b-9e2f-6bc2468e3d9d,HERO SPL CAM SHAFT ,,CAMSHAFT ROCKER,14100KCC910S,,0.00,1117,Inclusive,0,Inclusive,0,0,,No,0,
4cc48424-3172-43ff-8bcf-70f3bc139817,HERO SPL CHAIN COVER ,,CHAIN COVER METEL,KCCA901S,,0.00,579,Inclusive,0,Inclusive,0,1,,No,0,
1ca7dc3b-ec44-421f-a6b7-96a61421e634,HERO SPL CLUTCH CABLE,,CLUTCH CABLE H.H,KCC900S,,0.00,90,Inclusive,0,Inclusive,0,2,1.0,No,0,
2c4058e5-af41-45b6-8181-2aa5d6bdbc24,HERO SPL CLUTCH PLATES,,CLUTCH PLATES HERO,22201AAHA01S,,0.00,280,Inclusive,0,Inclusive,0,9,,No,0,
93b5b500-8cb9-4f7b-9712-df4bcbaae6d5,HERO SPL CLUTCH PLATES ,,CLUTCH PLATES HERO,22201GF6000S,,0.00,400,Inclusive,0,Inclusive,0,2,,No,0,
e3f3b003-02ce-4760-ba9e-afde285d0835,HERO SPL GEAR SHAFT ,,GEAR SHAFT ALL,2461AGF6000S,,0.00,285,Inclusive,0,Inclusive,0,2,,No,0,
d46d5151-ebe9-4dbb-98fd-7a8b601b4407,HERO SPLHANDLE BAR,,HANDLE BAR,53100AAE110S,,0.00,460,Inclusive,0,Inclusive,0,2,,No,0,
25e922f7-3def-4aae-a2dd-ace4f25bd7af,HERO SPL HT COIL,,H.T.COIL ALL,30500AAFH00S,,0.00,290,Inclusive,0,Inclusive,0,1,,No,0,
22d2eedb-ee5f-41e6-9f76-a2727abf394e,HERO SPL LH,,MIRROR HH,88120AAEH31S,,0.00,110,Inclusive,0,Inclusive,0,1,,No,0,
582c42bd-c346-4e86-b102-7d862bbee594,HERO SPL MACKWHEEL SMALL B.SHOE,,BREAK SHOE HH/TVS,43125KST92099S,,0.00,260,Inclusive,0,Inclusive,0,1,,No,0,
eabb9cca-7190-428d-b73a-50b316d946d8,HERO SPL MAGNET COIL ASSY.,,MAGNET COIL ASSY HH,31110KCC901S,,0.00,1050,Inclusive,0,Inclusive,0,1,,No,0,
e4e467e9-0820-4ba6-a7bf-937e61134774,HERO SPL NAAL,,NAAL HH,24211GF6000RS,,0.00,290,Inclusive,0,Inclusive,0,6,,No,0,
548a8fcf-29d9-450a-bd95-287d7d0d8cb2,HERO SPL OIL PUMP ,,OIL PUMP HH,15100KCC900S,,0.00,335,Inclusive,0,Inclusive,0,6,,No,0,
9f1c4fff-9cfa-4b4d-ab79-4347e77080c3,HERO SPL OLD ACC CABLE,,ACC CABLE HH,17910KCC900S,,0.00,85,Inclusive,0,Inclusive,0,10,,No,0,
6e018744-8d03-49ab-9fa7-5f2bb26988f3,HERO SPL PLS BLOCK PISTON,,BLOCK PISTON,21K130LS,,0.00,2050,Inclusive,0,Inclusive,0,6,1.0,No,0,
19ce3652-c6e4-4957-a1ff-d4d12cb31616,HERO SPL PLS METER CABLE,,METER CABLE HERO ALL,45450KCC710S,,0.00,95,Inclusive,0,Inclusive,0,2,1.0,No,0,
7df56966-443d-402f-90c2-8bfc83e1cc2a,HERO SPL PLS VALVE KIT ,,VALVE/VALVE SEAL HH,24K150LS,,0.00,410,Inclusive,0,Inclusive,0,9,,No,0,
d970f7d5-4897-4c1d-a22c-23487ebd2517,HERO  SPL PLUS GEAR SHAFT ,,GEAR SHAFT ALL,24610GF6000S,,0.00,285,Inclusive,0,Inclusive,0,1,,No,0,
0aec15b9-b850-48a4-8831-23bc0e5c14eb,HERO SPL PRESSURE PLATE,,PRESSURE PLATE HH/TVS,22311107000S,,0.00,135,Inclusive,0,Inclusive,0,20,,No,0,
3b8aac8f-a881-419b-8769-1eaa0479982d,HERO SPL PRO CARB,,CARBURATOR ALL,16100KWA935S,,0.00,2335,Inclusive,0,Inclusive,0,1,,No,0,
a1e1a8f9-02d9-4c2c-bb36-6c5bf01ac511,HERO SPL PRO CHAIN COVER,,CHAIN COVER METEL,KWAG930S,,0.00,503,Inclusive,0,Inclusive,0,1,,No,0,
961b5612-2da5-479b-b2ab-5369a67ff411,HERO SPL PRO GEAR SHAFT ,,GEAR SHAFT ALL,24610KST940S,,0.00,275,Inclusive,0,Inclusive,0,4,,No,0,
2535c3f0-6179-4939-89ef-dff73fceb43d,HERO SPL PRO REAR MUDGUARD,,REAR MUDGUARD FIBRE ALL,80100KWH970S,,0.00,740,Inclusive,0,Inclusive,0,1,,No,0,
26167218-2af3-4e7f-b4da-e0e05b915567,HERO SPL PRO SILVER BLOCK PISTON,,BLOCK PISTON,21K270S,,0.00,2350,Inclusive,0,Inclusive,0,2,1.0,No,0,
31afb0f7-beb2-405d-b83c-225a76a0851f,HERO SPL PRO STRTER RELAY ,,STRTER  RELAY  ALL,38501AAW30099S,,0.00,155,Inclusive,0,Inclusive,0,5,,No,0,
4d54127f-1207-41e1-a3e8-02f4f3615956,HERO SPL R.MUD,,REAR MUDGUARD FIBRE ALL,80100KCC860S,,0.00,730,Inclusive,0,Inclusive,0,1,,No,0,
2d5680c6-37e7-4ee7-9525-6313dfa3d1e1,HERO SPL ROCKER SET,,CAMSHAFT ROCKER,14431035020RS,,0.00,498,Inclusive,0,Inclusive,0,7,,No,0,
7798536e-de2b-489a-9ad2-823ef15f7cd1,HERO SPL RR UNIT,,RR UNIT HH,31600GBL870LS,,0.00,475,Inclusive,0,Inclusive,0,1,,No,0,
d8367254-16f0-4924-9eca-7d78bef2f320,HERO SPL STEERING CONE ,,STEERING CONE SET,25K160S,,0.00,290,Inclusive,0,Inclusive,0,5,,No,0,
04e84d03-53fb-41d0-ba50-3682b3e5500c,HERO SPL  TIMING CHAIN,,TIMING CHAIN HH,14401AAD00099S,,0.00,137,Inclusive,0,Inclusive,0,21,,No,0,
cc3cfd74-4fad-49c7-b59a-eb42db8671da,HERO  SPL TIMING KIT ,,TIMING KIT HH,22K130LS,,0.00,450,Inclusive,0,Inclusive,0,13,,No,0,
0d3a16a5-6148-4b75-af87-722eb944a005,HERO SPL VALVE SEAL,,VALVE/VALVE SEAL HH,12209GB4685S,,0.00,84,Inclusive,0,Inclusive,0,9,,No,0,
b0c037bd-54b9-43eb-8cf3-bec86dc59983,HERO SPROCKET COMP STARTING ,,STARTER ONE WAY KIT ALL,28110ACK010S,,0.00,520,Inclusive,0,Inclusive,0,2,,No,0,
c0aff677-b505-46d7-a262-2d2db0d45e69,HERO SS 14/42 CHAIN KIT,,CHAIN SPROCKET HERO,20K111S,,0.00,750,Inclusive,0,Inclusive,0,1,,No,0,
01bb655c-a632-4c24-8e43-c811dbb678c6,HERO STARTER ONE WAY CLUTCH ASSY,,STARTER ONE WAY KIT ALL,28120KTRA00AS,,0.00,630,Inclusive,0,Inclusive,0,2,,No,0,
a7422358-ef34-463b-b24b-0ffe5d15c16e,HERO STATIONAR SPRING,,GEAR CHANGER PATTI/OIL PUMP ROD/STATIONAR SPRING,14541GB4681S,,0.00,10,Inclusive,0,Inclusive,0,9,,No,0,
659dea86-9d9a-4590-99c9-101e6c891e57,HERO SUPER SPL CLUTCH PLATE,,CLUTCH PLATES HERO,K22222KTCE900S,,0.00,710,Inclusive,0,Inclusive,0,1,,No,0,
2b8c6ee6-caf6-48f7-acb2-0411aa7eed17,HERO SUPER SPL TIMING CHAIN,,TIMING CHAIN HH,14401AAG00099S,,0.00,290,Inclusive,0,Inclusive,0,3,,No,0,
2d367535-f7d1-472f-927c-9bb86b886d57,HF DLX BS6 BK/RED W-LOGO-H,,VISOR HH,SV0483R4,,0.00,520,Inclusive,0,Inclusive,0,1,,No,0,
6fb5246e-dc1e-42e6-9a60-78d3273230de,HF DLX BS6 C C PAK,,CLUTCH PACKING ALL,90251978955,,0.00,50,Inclusive,0,Inclusive,0,8,,No,0,
a10b31c1-5721-4fcf-af8b-484c1af903f9,HF DLX BS6 NEXUS BLUE,,TAIL PANEL HH,ST1320F,,0.00,630,Inclusive,0,Inclusive,0,0,,No,0,
64018d30-8391-4e18-a606-edb307057bb3,HF DLX METER GIASS,,METER CASE ALL,351902569073,,0.00,180,Inclusive,0,Inclusive,0,2,,No,0,
89f83afa-41c0-4bcd-815e-55774bf32822,HF DLX SILVER,,SIDE PANEL HF DLX,SP1028,,0.00,600,Inclusive,0,Inclusive,0,0,,No,0,
f9b0112f-0bc9-4f8b-87de-db0303383795,hhDU191005,,,,,0.00,0,Inclusive,0,Inclusive,0,0,,No,0,
ce210b89-b5d6-424a-b8e3-9b101eda8d76,HH PLESURE TIM PAD,,,14510KPL900S,,0.00,132,Inclusive,0,Inclusive,0,2,,No,0,
8deca15a-23f7-4b23-a300-de851c3cde69,HILUX SHINE HEAD LIGHT ,,HEAD LIGHT HH,HLHRO6108,,0.00,470,Inclusive,0,Inclusive,0,1,,No,0,
9e2c07ca-a011-4ca7-8e11-d9ec03ca7932,HITLAR PLSR DRUM RUBBER,,DRUM RUBBER ALL,MAM000,,0.00,96,Inclusive,0,Inclusive,0,3,,No,0,
00090aae-7578-4c52-af1d-5bdcbedbdd48,HITLAR STAR CITY  TIMING PAD ,,TVS ALL ENGINE SPARE,431143176996,,0.00,125,Inclusive,0,Inclusive,0,0,,No,0,
21f95a4a-5cff-424b-a90b-a732862bb778,HITLER HH DRUM RUBBER,,DRUM RUBBER ALL,165561700149,,0.00,49,Inclusive,0,Inclusive,0,4,,No,0,
97430c40-7e74-4732-94b2-1da235e95c40,HITLER SHINE  DRUM RUBBER,,DRUM RUBBER ALL,12122021,,0.00,65,Inclusive,0,Inclusive,0,2,,No,0,
499d8449-75a1-41a3-9ee4-0cc3c1f76a63,HLV CT100 BS4 ARNY COLOR,,VISOR HH,SV0690D,,0.00,690,Inclusive,0,Inclusive,0,2,,No,0,
0b69c8d8-55a5-4f61-bea6-4066db797657,HONDA ACTIVA 110 BLOCK PISTON,,BLOCK PISTON,01210KWP900,,0.00,3349,Inclusive,0,Inclusive,0,3,,No,0,
cbbc9dab-0c31-4b1f-865c-219ba6bc1567,HONDA ACTIVA BLOCK PISTON,,BLOCK PISTON,01210KPLP00,,0.00,2789,Inclusive,0,Inclusive,0,1,1.0,No,0,
dfbeb9b5-6f36-4c2e-b540-f0fc7161a820,HONDA  ACTIVA HET VALVE KIT ,,VALVE/VALVE SEAL HH,01471KWP900,,0.00,449,Inclusive,0,Inclusive,0,1,,No,0,
bb9d2271-40ac-40bf-8709-d81b8f3af236,HONDA ACTIVA WHEEL BEARING SET,,BEARING,09106KWPA00,,0.00,171,Inclusive,0,Inclusive,0,2,,No,0,
38d42e84-09f9-42dd-9a9b-8707b1afbf8d,HONDA BS6 SHINE FOOTRACE BAR,,FOOTRACE ALL,50610K0ND20,,0.00,600,Inclusive,0,Inclusive,0,1,,No,0,
e19c4324-e67d-42b5-81e8-584469988ffb,HONDA CB SHINE BLACK BLOCK PISTON,,BLOCK PISTON,01210KTEA02,,0.00,3866,Inclusive,3866,Inclusive,0,1,,No,0,
371c1c66-4c5a-4a96-afdf-b1f4d491356f,HONDA DREAM YUGA VALVE KIT,,VALVE/VALVE SEAL HH,01471K14900,,0.00,487,Inclusive,0,Inclusive,0,2,,No,0,
a2bc2e2a-79a8-48d8-bd66-e4e135df0cce,HONDA SHINE/ACTIVA BIG B.SHOE,,BREAK SHOE HH/TVS,06430KRP980,,0.00,273,Inclusive,0,Inclusive,0,1,,No,0,
98efb176-0562-4a9c-b009-3ad2cdbb0a65,HONDA SHINE BS4 14/41 CHAIN SPOKET,,CHAIN SPROCKET HERO,02380KTEP11,,0.00,889,Inclusive,0,Inclusive,0,0,,No,0,
90beb6a6-ac3c-4c30-93d1-16544e3c1822,HONDA SHINE BS6 14/41 CHAIN SPOKET,,CHAIN SPROCKET HERO,02380K0ND01,,0.00,883,Inclusive,0,Inclusive,0,1,,No,0,
4983453c-accd-4810-a7ce-363a06a0d317,HONDA SHINE BS6 CAM CHAIN KIT,,,01461KOND00,,0.00,314,Inclusive,0,Inclusive,0,1,,No,0,
d1c7052b-faed-41b4-b0d0-6894e7bea3b0,HONDA SHINE BS6 SIDE STAND SENSOR,,SIDE STAND TVS/HH/MOPED,50530KOND00,,0.00,160,Inclusive,0,Inclusive,0,0,,No,0,
b9c3dbd7-a252-430a-a903-9fc5ad545ce0,HONDA SHINE BS6 TIMING CHAIN,,TIMING CHAIN HH,14401K76T61,,0.00,170,Inclusive,0,Inclusive,0,2,,No,0,
818e9747-c5b8-4458-a1f0-2cde5472fecb,HONDA SHINE BS6 TIMING KIT,,,14401K0ND00,,0.00,267,Inclusive,0,Inclusive,0,3,,No,0,
643f8cd4-acaf-470a-9398-8ddd3c3ee458,HONDA SHINE GEAR SHAFT,,GEAR SHAFT ALL,24610KSP910,,0.00,254,Inclusive,0,Inclusive,0,1,,No,0,
cf19003d-771c-4344-a301-9090083c591c,HONDA SHINE SIL. BLOCK PISTON,,BLOCK PISTON,SHINE,,0.00,3395,Inclusive,0,Inclusive,0,1,1.0,No,0,
c8886491-9e79-4b18-b8a3-9b9f5c78c9dd,HONDA SHINE STEERING CONE ,,STEERING CONE SET,05321KEMP00,,0.00,379,Inclusive,0,Inclusive,0,2,,No,0,
06db3e9d-733c-4b6b-95ec-e8d9d9b4e282,HONDA SHINE VALVE KIT,,VALVE/VALVE SEAL HH,01471KTE910,,0.00,480,Inclusive,0,Inclusive,0,6,,No,0,
6ff2755e-985f-41b4-9fdd-d024ec1eca48,HONDA TWISTER/SHINE B.SHOE,,BREAK SHOE HH/TVS,06430KWP900,,0.00,238,Inclusive,0,Inclusive,0,7,,No,0,
2448cd83-44dc-46b6-86df-f5dc96378c9f,HONDA UNICORN 15/42 CHAIN,,CHAIN SPROCKET HERO,02380KSPB00,,0.00,1464,Inclusive,0,Inclusive,0,1,,No,0,
300d43fd-77f1-4012-9619-155447b79c48,HONDA UNICORN DRUM RUBBER,,DRUM RUBBER ALL,06410KSP900,,0.00,215,Inclusive,0,Inclusive,0,1,,No,0,
5b615885-ff69-4b9b-a543-1815baecfce0,HONDA UNICORN MAIN STAND,,MAIN STAND ALL,50500KSP870,,0.00,560,Inclusive,0,Inclusive,0,1,,No,0,
f99ed9b4-9bbd-4196-afc1-146977847ae8,HONDA UNICORN RR UNIT,,RR UNIT HH,31600KTE601,,0.00,1127,Inclusive,0,Inclusive,0,1,,No,0,
67c5a787-8cc7-4598-be01-400cbcd80852,HONDA UNICORN SHOCUB,,REAR SHOCUB,52400KSP861,,0.00,2813,Inclusive,0,Inclusive,0,1,,No,0,
d592a66b-a546-4207-b71d-f25ccdc4f82e,HONSON ACTIVA OLD TIM PAD,,OIL PUMP HH,HHH1144F,,0.00,84,Inclusive,0,Inclusive,0,2,,No,0,
265b7872-00ce-49e3-9a55-c221acbb1165,HORN 72MM,,HORN ALL,HORN72,,0.00,155,Inclusive,0,Inclusive,0,4,,No,0,
c6c51b44-57a3-4290-9926-40fc2e71ae0b,HTA PLN 4.S VALVE SEAL ,,VALVE KIT BAJAJ,HAT6003,,0.00,52,Inclusive,0,Inclusive,0,8,,No,0,
4af617e7-916b-42d7-b68b-1c98aa7b813e,HYNEX SPL PRO METER CASE,,METER CASE ALL,84002500834,,0.00,312,Inclusive,0,Inclusive,0,1,,No,0,
052eb3c4-fa58-4116-a1b0-9243935cf6a5,IFB DIS 100 DTSI 14/42 CHAIN SPOCKET,,CHAIN SPOCKET BAJAJ,UMJ056,,0.00,1035,Inclusive,0,Inclusive,0,1,,No,0,
150409e1-c735-4251-a36a-03a6b1534fcb,IGNITION SWITCH CD DAWN,,IGNITION SWITCH HH,SW0136Z,,0.00,195,Inclusive,0,Inclusive,0,2,,No,0,
d3ea2fe3-3b26-4804-8d78-c57174fce05e,IMX ACTIVA OLD B.SHOE,,BREAK SHOE HH/TVS,4102,,0.00,185,Inclusive,0,Inclusive,0,3,,No,0,
39bbc573-e51d-4a23-9479-56966f9d881b,INDIA NIPPON ACTIVA NEW STATOR COIL,,,51169,,0.00,1098,Inclusive,0,Inclusive,0,2,,No,0,
bb9bc895-6a8c-4474-b111-5e74a211f924,INDIA NIPPON JUPITER WEGO STATOR COIL,,,51197,,0.00,942,Inclusive,0,Inclusive,0,2,,No,0,
b6b2a869-31da-447f-a940-1f07a0e87933,INDIA NIPPON JUPITOR /PEP RR UNIT,,RR UNIT TVS,54023,,0.00,583,Inclusive,0,Inclusive,0,1,,No,0,
a8296b73-17c0-45cf-b578-d1b7ecffaa2d,INDIA NIPPON KB 4S LIGHT COIL,,,51293,,0.00,475,Inclusive,0,Inclusive,0,2,,No,0,
850bfca8-b8f5-4200-942e-12af57195cca,INDIA NIPPON  MAGNET COIL ASSY MAX 100,,MAGNET COIL ASSY TVS,51061,,0.00,1123,Inclusive,0,Inclusive,0,1,,No,0,
51e2def9-b952-4986-939f-522797d1fcd5,INDIA NIPPON PLEASUR CDI,,CDI HH,52035,,0.00,1023,Inclusive,0,Inclusive,0,1,,No,0,
c0fc48f3-41cc-452c-8566-afd30908a6cc,INDIA NIPPON PLN RR UNIT,,RR UNIT BAJAJ,54025,,0.00,402,Inclusive,0,Inclusive,0,4,,No,0,
6f9a5c88-fbf8-4ea6-ae81-2eaf1ad713f4,INDIA NIPPON SPL COIL PLATE ASSLY,,,51287,,0.00,1163,Inclusive,0,Inclusive,0,2,,No,0,
cafe56fa-d238-4616-ace2-2b2476e9e6e0,INDIA NIPPON STAR 110 7POLE MAGNET COIL ASSLY,,MAGNET COIL ASSY TVS,51207,,0.00,1004,Inclusive,0,Inclusive,0,1,,No,0,
6bc0e0bd-e8ae-466c-a3b1-f4e984accf75,INDIA NIPPON STAR 6 POLE STATOR MOTAR,,,51003,,0.00,798,Inclusive,0,Inclusive,0,4,,No,0,
43420e60-4f27-41d0-8ae5-0e17e82c2f43,INDIA NIPPON STAR O/M  KS CDI COIL,,CDI TVS,53007,,0.00,985,Inclusive,0,Inclusive,0,3,,No,0,
6ebb6d41-ae5d-45d9-99b3-10476d00f190,INDIA NIPPON STAR SPORT 7POLE MAG COIL,,MAGNET COIL ASSY TVS,51105,,0.00,1020,Inclusive,0,Inclusive,0,2,,No,0,
6c1d95a1-fbf9-49e8-9703-99843106e186,INDIA NIPPON STARTER COIL PLATE ASSLY,,,51030,,0.00,1012,Inclusive,0,Inclusive,0,1,,No,0,
d0296bba-ed98-444d-91ab-988895646d6b,INDIA NIPPON SUZUKI  CDI,,CDI TVS,53002,,0.00,572,Inclusive,0,Inclusive,0,0,,No,0,
e5f769cf-0f59-4a12-b582-9d7add665edb,INDIA NIPPON UNICORN CDI,,CDI HH,52062,,0.00,1301,Inclusive,0,Inclusive,0,1,,No,0,
0c840091-cddd-43f9-ae26-4057aab0ec9b,INDIA NIPPON XL 100 CDI+HT COIL,,CDI TVS,53069,,0.00,1113,Inclusive,0,Inclusive,0,1,,No,0,
a35c82c3-a03d-421f-8873-82c8722ab9c2,INDIANIPPON  XL 70CDI+HT COIL,,CDI TVS,53092,,0.00,454,Inclusive,0,Inclusive,0,3,,No,0,
3a23cc3e-a3f8-40c6-9c32-572eab080faf,INDICATOR UKMAX SPL PLUS AMBER UNI,,INDICATOR HH,LB210SPPAU,,0.00,114,Inclusive,0,Inclusive,0,6,,No,0,
2e420ed1-739a-47e5-875b-d3adbff0bef5,INDOTECH ACTIVA NEW TIM.PAD,,OIL PUMP HH,0872A,,0.00,120,Inclusive,0,Inclusive,0,4,,No,0,
11c37317-6d70-42a8-a3f0-b7ab5c61cf5e,INDO TECH DISC 100 BRAKE PADEL,,BRAKE PEDAL ALL,IT1241B,,0.00,270,Inclusive,0,Inclusive,0,2,,No,0,
8b2bde33-0667-4955-9e8d-824553be6e7f,INDOTECH KB4S KICK,,KICK ALL,IT1311,,0.00,336,Inclusive,0,Inclusive,0,1,,No,0,
76842917-aa58-4fc1-9b4f-dfad9717a48c,INDO TECH PLN BRAKE PADEL,,BRAKE PEDAL ALL,IT1239,,0.00,273,Inclusive,0,Inclusive,0,2,,No,0,
5b072eb6-044f-42b9-81a7-539c32f7e4a2,INDOTECH   PLNES   GEAR LEVER,,GEAR LEVER BAJAJ,886207447254,,0.00,150,Inclusive,0,Inclusive,0,4,,No,0,
30590d43-927e-4e2e-a9ad-6d157dcef255,INDOTECH PN /CT100 FOOTRACE,,FOOTRACE ALL,665911418647,,0.00,360,Inclusive,0,Inclusive,0,1,,No,0,
ecff765b-cf33-43f6-8e8d-ca10b7e0c83f,INDOTECH SHINE SIDE STAND,,SIDE STAND TVS/HH/MOPED,IT1384,,0.00,129,Inclusive,0,Inclusive,0,2,,No,0,
cf67aeec-c00e-4352-99af-1ed06660c031,INDOTECH SPL GEAR LIVER,,GEAR LEVER TVS/HH,T1272,,0.00,177,Inclusive,0,Inclusive,0,1,,No,0,
0a126f0c-6fab-4972-b03a-80ff3ab46881,INDO TECH STAR CITY CENTRA HANDLE BAR,,HANDLE BAR,944494634599,,0.00,360,Inclusive,0,Inclusive,0,1,,No,0,
a6b6e4af-571f-4b29-981e-e9ae8d00db0e,INDOTECH STAR SPORT GEAR LEVER,,GEAR LEVER TVS/HH,IT1278,,0.00,160,Inclusive,0,Inclusive,0,1,,No,0,
6ba90171-da4c-4d1a-89aa-287a7cd2ee05,INDURANCE ACCESS SHOCUB,,REAR SHOCUB,S95101601M,,0.00,1067,Inclusive,0,Inclusive,0,2,,No,0,
b76e87b4-93a1-4a7d-a9b8-96d1998199cf,INDURANCE PSNPRO SHOCUB RED,,REAR SHOCUB,S95100701M,,0.00,909,Inclusive,0,Inclusive,0,2,,No,0,
04baf6b6-70cd-4ae5-9d02-0a54e7b96d39,INDURANCE SHINE RED SHOCUB,,REAR SHOCUB,S20115701M,,0.00,869,Inclusive,0,Inclusive,0,9,,No,0,
7d566a51-44b7-493f-ba9f-92acec913943,INDURANCE SHINE SILVER SHOCUB,,REAR SHOCUB,S20117700M,,0.00,936,Inclusive,0,Inclusive,0,2,,No,0,
427fa06f-ea75-4ccd-8d03-62500eca6fbe,INDURANCE SPL BLK SHOCUB,,REAR SHOCUB,S95101801M,,0.00,910,Inclusive,0,Inclusive,0,0,,No,0,
7622c93f-bc70-4397-a7d5-7365b1877ad6,INDURANCE SPL BLK SHOCUB ,,REAR SHOCUB,S135103107,,0.00,795,Inclusive,0,Inclusive,0,4,,No,0,
d80e3529-6e16-4f73-ba0d-6c99408b9d86,INDURANCE SS BLK SHOCUB,,REAR SHOCUB,S135103403,,0.00,899,Inclusive,0,Inclusive,0,2,,No,0,
2f3834a6-c236-457f-8061-c73171427cb5,INDURANCE STAR CITY 110 OLD SHOCUB,,REAR SHOCUB,S95104701M,,0.00,908,Inclusive,0,Inclusive,0,6,,No,0,
55f66c41-cdf4-46cd-89cf-56ec4f867464,IOLITE STAR OLD BLK/ORANGE ,,VISOR TVS,396817760371,,0.00,570,Inclusive,0,Inclusive,0,1,,No,0,
5cd900cc-8098-4275-9412-ac31b9fddc67,IOLITE STAR OLD BLK/PURPLE,,VISOR TVS,978399467163,,0.00,570,Inclusive,0,Inclusive,0,1,,No,0,
fe840ea8-bf63-4c14-8c09-0f24d8b41169,IOLITE STAR OLD BLK/PURPLE,,VISOR TVS,953980613099,,0.00,730,Inclusive,0,Inclusive,0,1,,No,0,
4c2c2919-a9f1-4326-b981-f7b91b14d4c4,ISCON SHINE CHOKE CABLE,,CHOKE CABLE,C030405,,0.00,80,Inclusive,0,Inclusive,0,4,,No,0,
61aa3094-2474-4ba5-ac56-9d4028bbd47b,ISCON SHINE CLUTCH CABLE,,CLUTCH CABLE H.H,CO30401,,0.00,122,Inclusive,0,Inclusive,0,2,1.0,No,0,
90ee3a5c-2aba-4962-90b6-83a2b269b271,ISCON STAR SPORT ACC CABLE,,ACC CABLE TVS,CB040902,,0.00,160,Inclusive,0,Inclusive,0,1,,No,0,
b963de62-c030-47b9-a3d1-2ac6331df1b3,ISHA CT100ES BS6 B PEDAL,,BRAKE PEDAL ALL,559442859530,,0.00,388,Inclusive,0,Inclusive,0,1,,No,0,
b67fc222-805c-4f0d-ac76-0a22fda9205d,ISHA CT-100 PLN MAIN STAND,,MAIN STAND ALL,04899,,0.00,598,Inclusive,0,Inclusive,0,1,,No,0,
6fa3e87f-7f56-495f-bb12-42529177db25,ISHA DIS MAIN STAND,,MAIN STAND ALL,05661,,0.00,588,Inclusive,0,Inclusive,0,2,,No,0,
e90b3603-02d7-4a90-96bc-0e12c93b1057,ISHA PLN BS6 B PEDAL ,,BRAKE PEDAL ALL,954837162390,,0.00,442,Inclusive,0,Inclusive,0,1,,No,0,
179a88a7-f0f8-4954-aa6c-3087630f84cb,ISHA SILENCER BEND JUPITER/WEGO  PIPE,,,ISHA05954,,0.00,358,Inclusive,0,Inclusive,0,0,,No,0,
0b025326-a85a-43ca-8c57-1c820c1883b4,ISHA SILENCER BEND PIPE SPL,,,ISHA01661,,0.00,228,Inclusive,0,Inclusive,0,2,,No,0,
3203b8c7-0e49-44ff-8b6a-37292018cfb9,ISHA SPL MAIN STAND,,MAIN STAND ALL,ISHA00295,,0.00,638,Inclusive,0,Inclusive,0,2,,No,0,
a4ea9682-06ff-46e6-a63e-2e41b0092b71,ISHA SUPER XL FOOTRACE ROD,,FOOTRACE ALL,03091,,0.00,348,Inclusive,0,Inclusive,0,0,,No,0,
bd4d0766-d9b0-41ff-81d3-57996d2317de,IU DREAM YUGA CHAIN COVER ,,CHAIN COVER PVC,CC45,,0.00,540,Inclusive,0,Inclusive,0,2,,No,0,
7221cc24-afa8-4545-871b-7ac9cd984fd7,IU SS SILVER CHAIN COVER,,CHAIN COVER METEL,133323152228,,0.00,540,Inclusive,0,Inclusive,0,1,,No,0,
b636bd94-4b8c-48f9-9f72-d04bccc249ea,IU STAR OLD CHAIN COVER,,CHAIN COVER PVC,CC47,,0.00,460,Inclusive,0,Inclusive,0,0,,No,0,
a86c9b4e-c43d-4834-8c3a-84521499edb6,JAIN SONS CD DLX NEW  METER CASE,,METER CASE ALL,JS2366,,0.00,268,Inclusive,0,Inclusive,0,2,,No,0,
4bdc9ced-6c74-4cc3-a781-4b2d44640ead,JAIN SONS PASS PLUS  METER CASE,,METER CASE ALL,JS2360,,0.00,268,Inclusive,0,Inclusive,0,0,,No,0,
5c24d08f-00e1-4900-a6fd-4dde037654e0,JAIN SONS PASS PRO METER CASE,,METER CASE ALL,JS2361,,0.00,281,Inclusive,0,Inclusive,0,1,,No,0,
d08de054-fe29-41ce-9bcf-2e26c78a8724,JC ACCESS B.SHOE,,BREAK SHOE HH/TVS,ACSBSE3504,,0.00,178,Inclusive,0,Inclusive,0,1,,No,0,
8df7a1c2-eb17-4052-866c-8cb5dec9e121,JC RX 100 CLUTCH PLATE,,CLUTCH PLATE TVS,RXCPT1412,,0.00,243,Inclusive,0,Inclusive,0,2,,No,0,
841b56ab-12ab-4d59-8257-1c6558171259,JC SPL METER CASE,,METER CASE ALL,SMB376,,0.00,278,Inclusive,0,Inclusive,0,1,,No,0,
3b80fc3c-b77e-40aa-be0c-12f6c74ac22a,JC YAMAHA CRUX PRESSURE PLATE,,PRESSURE PLATE HH/TVS,RX1071,,0.00,150,Inclusive,0,Inclusive,0,1,,No,0,
d4a16423-b1b2-4d28-8370-f78eb12ae3e6,JESCO CALIBER CHAIN COVER,,CHAIN COVER METEL,JAP09,,0.00,750,Inclusive,0,Inclusive,0,3,,No,0,
15f97d85-ecc2-43de-9cb4-5667e291b57b,JESCO CBZ CHAIN COVER SILVER,,CHAIN COVER METEL,JAP6A,,0.00,860,Inclusive,0,Inclusive,0,2,,No,0,
0b1fdfed-3919-4cc4-b281-a475d4089ae6,JNA XCD125 FOOTRACE,,FOOTRACE ALL,414652500068,,0.00,375,Inclusive,0,Inclusive,0,1,,No,0,
5825781b-3dfa-4154-a754-ff0a8fcca70b,JNA XCD125 FOOTRACE,,FOOTRACE ALL,JNAFFR07,,0.00,375,Inclusive,0,Inclusive,0,1,,No,0,
fd456505-2f1b-40be-a2da-507f8c544cc2,JPM ACCESS METER ASSLY ,,METER ASSLY ALL,J1007N,,0.00,968,Inclusive,0,Inclusive,0,1,,No,0,
dae9979e-9ae3-4431-a10a-6f148b75e465,JPM PLEAZRE LOCK KIT ,,MOPED LOCK KIT ALL,LS1612,,0.00,367,Inclusive,0,Inclusive,0,1,,No,0,
40da4061-aa10-4490-8fd9-8199271bf0fc,JPM PSN PRO 2 WIRE IG SWITCH,,IGNITION SWITCH HH,STL1618,,0.00,422,Inclusive,0,Inclusive,0,2,,No,0,
3917d14c-5023-483b-96ed-9862b3267c9f,JPM SPL LOCK K IT ,,LOCK KIT HH,LS1912,,0.00,440,Inclusive,0,Inclusive,0,1,,No,0,
131c1c15-139d-44b5-92a2-03ca83d86774,JP PLUS ACCESS 125 N/M SIDE STAND,,SIDE STAND TVS/HH/MOPED,JP111,,0.00,496,Inclusive,0,Inclusive,0,1,,No,0,
28f6837a-a0b7-4928-ba73-6b30b297649b,JP PLUS ACCESS O/M KICK,,KICK ALL,JP107,,0.00,462,Inclusive,0,Inclusive,0,2,,No,0,
39c375f4-2972-455c-a293-810275a9237d,JP PLUS CT-100 BREAK PADEL,,,JP313,,0.00,266,Inclusive,0,Inclusive,0,1,,No,0,
605ba6fb-05b9-43a7-b208-5412ce0121c2,JP PLUS DIS-100 MAIN STAND,,MAIN STAND ALL,JP905,,0.00,628,Inclusive,0,Inclusive,0,1,,No,0,
97c01a6d-d3c4-4832-840d-1c8bd9641080,JPPLUS  HF DELUX/CD 100 MAIN STAND,,MAIN STAND ALL,MAC78LK,,0.00,572,Inclusive,0,Inclusive,0,1,,No,0,
161d540f-0325-43b0-ba8f-8cbb620c54e6,JPPLUS SPL/PSN MAIN STAND,,MAIN STAND ALL,JP858,,0.00,498,Inclusive,0,Inclusive,0,1,,No,0,
d7cb2d1b-0cf6-4bb7-a1b4-bdc747bc0d4b,JP PLUS STAR HANDLE BAR,,HANDLE BAR,JP2164,,0.00,376,Inclusive,0,Inclusive,0,2,,No,0,
2d8eca58-e821-4d2b-9770-aa7848d20e99,JP PLUS WEGO KICK LEVER,,KICK ALL,JP32,,0.00,382,Inclusive,0,Inclusive,0,2,,No,0,
f380d55b-e56d-4b62-851c-7c7f08c2a9b0,JUMBO ACTIVA MAG. COIL 12POLE,,MAGNET COIL ASSY HH,JMPS307,,0.00,1246,Inclusive,0,Inclusive,0,1,,No,0,
ea4796b1-301d-4ca8-86c1-008f6d992ba5,JUMBO ACTIVA NEW \PLEASURE MAG.COIL,,MAGNET COIL ASSY HH,JMPS303,,0.00,1043,Inclusive,0,Inclusive,0,1,,No,0,
8a679782-cfa4-4d15-9783-ed627648fe28,KALASH PLSR LH,,MIRROR BAJAJ,665260387022,,0.00,90,Inclusive,0,Inclusive,0,6,,No,0,
4e896ae5-7904-43b0-8291-e05354033bb3,KALASH PSN PRO RH,,MIRROR HH,916508698315,,0.00,120,Inclusive,0,Inclusive,0,3,,No,0,
bdd39902-2175-4eea-9731-943e6a17e775,KALASH SHINE RH,,MIRROR HH,373462965926,,0.00,120,Inclusive,0,Inclusive,0,3,,No,0,
14548a92-5399-44fc-a1ec-2f0e50e9e5e5,KALASH STAR CITY RH ,,MIRROR TVS,918967677384,,0.00,105,Inclusive,0,Inclusive,0,2,,No,0,
e850ce96-fa5b-408d-bb1e-247a29785e3b,KAM + ACTIVA110 HAL PAC SET,,HALF PACKING SET MOPED,KAM0141A,,0.00,55,Inclusive,0,Inclusive,0,4,,No,0,
a90cd7a5-9600-4ebe-b3df-a19c42ad4d4d,KAM DIS125/135 OLD F P SET,,FULL PACKING SET ALL,KAM0751,,0.00,130,Inclusive,0,Inclusive,0,5,,No,0,
b0720d53-bb76-441d-92e4-b742e14c4c19,KAM STAR PLS F P SET,,FULL PACKING SET ALL,KAM1035,,0.00,150,Inclusive,0,Inclusive,0,1,,No,0,
9495b6e1-6946-43ca-a507-e6f8d382cd49,KAM STAR PLS F P SET,,FULL PACKING SET ALL,337535621134,,0.00,150,Inclusive,0,Inclusive,0,2,,No,0,
39528323-2cff-4cf1-983c-a3f868a31416,KAM SUPER SPL /GLAMOUR F P SET,,FULL PACKING SET ALL,KAM0160,,0.00,110,Inclusive,0,Inclusive,0,9,,No,0,
f49ff2a1-e6c9-4720-885e-4b99abe8c975,KAM + SUPER XL HAL PAC SET,,HALF PACKING SET TVS,KAM249A,,0.00,25,Inclusive,0,Inclusive,0,3,,No,0,
e10093c5-2dbe-4acd-9798-048d2706f892,KANCO ACTIVA 125 HAL PAC SET,,HALF PACKING SET MOPED,KNC182,,0.00,55,Inclusive,0,Inclusive,0,1,,No,0,
85bdffa3-6a18-4eaa-81d6-fc2f99a71272,KANCO ACTIVA NEW HAL PAC SET,,HALF PACKING SET MOPED,271371032602,,0.00,48,Inclusive,0,Inclusive,0,2,,No,0,
bd7b3a82-7cd6-4092-90cb-cd2d6d510270,KANCO VICTOR C C PAK,,CLUTCH PACKING ALL,KNC483,,0.00,35,Inclusive,0,Inclusive,0,1,,No,0,
674ee382-9d43-4b87-ac90-d7693d8ded8b,KANCO XL100 C C PAK,,CLUTCH PACKING ALL,485953450582,,0.00,35,Inclusive,0,Inclusive,0,0,,No,0,
30e18665-43ed-4858-b016-d7d88629077b,KARISHMA CLBR 115 BLK/GREEN TP,,TAIL PANEL BAJAJ,759686229112,,0.00,605,Inclusive,0,Inclusive,0,1,,No,0,
527ece56-0333-457e-9501-91e17eceb37d,KARISHMA SPL PLS BLK/GREY TP,,TAIL PANEL HH,207960419703,,0.00,430,Inclusive,0,Inclusive,0,1,,No,0,
fb573fea-cd33-4f6d-9769-208dc601810f,KARISHMA SPL PLS BLK TP,,TAIL PANEL HH,631741943021,,0.00,410,Inclusive,0,Inclusive,0,0,,No,0,
cb2b3d84-ac2b-49f6-a975-bb1cea859297,KARTEX 4S METER ASSLY,,TAIL LIGHT ASSY.,K976,,0.00,218,Inclusive,0,Inclusive,0,0,,No,0,
58866945-57f5-47c1-a27c-5ca987e95f18,KARTEX SHINE NEW ,,INDICATOR HH,K388,,0.00,90,Inclusive,0,Inclusive,0,3,,No,0,
38d113a3-305a-4d19-8638-52d2d817c9d6,KARTEX XL MAGNET HORN,,HORN ALL,K171RV,,0.00,206,Inclusive,0,Inclusive,0,2,,No,0,
84df3c55-30a5-4823-8060-f163808e7f5f,KASPL 4S SMALL B.SHOE,,BREAK SHOE BAJAJ,BS0034SS,,0.00,195,Inclusive,0,Inclusive,0,1,,No,0,
e90b4f25-28f3-4af0-8c51-a0ba032890e9, KAWASAKI METER CASE,,METER CASE ALL,187679479263,,0.00,293,Inclusive,0,Inclusive,0,2,,No,0,
40b0e132-a1fb-49eb-bedc-103e2b7d0f44,KB-4S  KICK,,KICK ALL,216271633032,,0.00,290,Inclusive,0,Inclusive,0,1,,No,0,
9f15e677-b378-4d69-8c8d-6cd1af19bf14,KB4S METER ASSLY,,METER ASSLY ALL,941972217157,,0.00,625,Inclusive,0,Inclusive,0,1,,No,0,
57baaac8-2780-42ac-b87b-11ecb2b76f78,KEONN SPL B.SHOE,,BREAK SHOE HH/TVS,921615535612,,0.00,178,Inclusive,0,Inclusive,0,1,,No,0,
07e556e6-e16e-4191-8143-3df88c4504ab,KING QUALITY DIS 100 BS4 CLUTCH HUB,,,KQ488,,0.00,207,Inclusive,0,Inclusive,0,3,,No,0,
d61871c7-3f1a-4861-b68c-1ce840976f6c,KING QUALITY SPL HEAD PLATE ROUND ,,OIL PUMP HH,275,,0.00,102,Inclusive,0,Inclusive,0,1,,No,0,
762f6253-c8a1-41df-a4b7-c24470be7fd6,KING QUALITY SPL HEAD TOP PLATE,,OIL PUMP HH,261,,0.00,77,Inclusive,0,Inclusive,0,1,,No,0,
723601f7-8cae-4920-8cda-959bf3f7e8dc,KING QUALITY STAR CITY CLUTCH HUB,,,KQ641,,0.00,247,Inclusive,0,Inclusive,0,4,,No,0,
a8a9d19d-c8bb-497d-82e3-4ae5867b7c0b,KING Q XL RH H B SWITCH,,HANDLE BAR SWITCH TVS RH,KQ1017,,0.00,374,Inclusive,0,Inclusive,0,1,,No,0,
3b51d25c-9fa2-447f-84e9-a36397e740b1,KK RX 100 ,,INDICATOR TVS,649606135088,,0.00,105,Inclusive,0,Inclusive,0,2,,No,0,
919fbca2-4f85-4a65-8d96-ae6758bb3b48,KOSO HANDLE MIRROR,,MIRROR STEEL,76104337727,,0.00,220,Inclusive,0,Inclusive,0,2,,No,0,
45c49b45-59cc-4d93-b9bc-92f1e3c16eac,KS ACTIVA 3G/4G/5G SIDE STAND,,SIDE STAND TVS/HH/MOPED,970752466102,,0.00,250,Inclusive,0,Inclusive,0,0,,No,0,
a43c53cf-857e-4f1c-86ba-5343b0edae56,K SONS ACCESS NEW STEER CON SET,,STEERING CONE SET,MKI039,,0.00,187,Inclusive,0,Inclusive,0,3,,No,0,
4999837b-ee37-45dc-a7b5-16a4040e4061,K SONS JUPITOR STEER CONE SET,,STEERING CONE SET,MKI025,,0.00,187,Inclusive,0,Inclusive,0,2,,No,0,
79ac4c96-cd34-4b11-bddd-3355bafd6ec3,K SONS SCOOTY PEP STEER CONE SET,,STEERING CONE SET,561129513487,,0.00,187,Inclusive,0,Inclusive,0,2,,No,0,
e3bb8021-a9e9-4e63-a13e-16b3bf6218f7,K SONS SUZUKI STEER CONE SET,,STEERING CONE SET,MKI010,,0.00,187,Inclusive,0,Inclusive,0,1,,No,0,
587c1548-c15f-4fbf-a2f0-7191ff99ce1c,KTRA XL100 F P SET,,FULL PACKING SET ALL,232003039498,,0.00,170,Inclusive,0,Inclusive,0,2,,No,0,
d409ee98-2a61-42f0-88b3-9db21bd42616,KTX PASS PRO STRTER RELAY ,,STRTER  RELAY  ALL,KTX5005,,0.00,170,Inclusive,0,Inclusive,0,2,,No,0,
62b10e5c-23da-4dba-a659-631d288d7351,KTX PLS DTSI STRTER RELAY ,,STRTER  RELAY  ALL,KTX5011,,0.00,165,Inclusive,0,Inclusive,0,4,,No,0,
e4d44131-4678-406f-b404-fd72143f287b,KULAR CD DWN FRONT STEEL MUD,,STEEL MUDGUARD,495935451665,,0.00,1200,Inclusive,0,Inclusive,0,1,,No,0,
4b2de85c-c2da-47db-9c25-e266fa318ec7,KULAR SS REAR STEEL MUD,,STEEL MUDGUARD,685808020601,,0.00,1190,Inclusive,0,Inclusive,0,1,,No,0,
705b2c0f-2c2e-4935-8f26-b662be1d3c35,LAC CD DLX MAIN STAND,,MAIN STAND ALL,LAC998A,,0.00,580,Inclusive,0,Inclusive,0,1,,No,0,
affeb478-51b5-4ebb-9ecd-d6430c972b03,LAC DIS100M MAIN STAND,,MAIN STAND ALL,LAC1038,,0.00,630,Inclusive,0,Inclusive,0,1,,No,0,
e04b55ea-dc68-4489-a888-ddc788a13147,LAC SPL BS6 BRAKE PADEL,,BRAKE PEDAL ALL,LAC413A,,0.00,370,Inclusive,0,Inclusive,0,2,,No,0,
93693fbf-0a2e-490c-9ec4-d88509fa4a30,LAREX AVENGER ACC CABLE,,ACC CABLE BAJAJ,406382333487,,0.00,220,Inclusive,0,Inclusive,0,1,1.0,No,0,
906c9c4f-f4bc-495d-b596-574fc45112bf,LAREX AVENGER ACC CABLE,,ACC CABLE TVS,KI1201,,0.00,116,Inclusive,0,Inclusive,0,2,,No,0,
a68f022f-7bdf-473b-ab2e-51f8ab367508,LAREX AVENGER REAR BREAK CABLE,,BREAK CABLE TVS,KI1204B,KI1204B,0.00,197,Inclusive,0,Inclusive,0,2,,No,0,
5a342f15-b2b3-448b-a048-7928a5a2fd1c,LAREX CT-100 CHOKE CABLE,,CHOKE CABLE,1246,,0.00,118,Inclusive,0,Inclusive,0,5,,No,0,
00775d60-a69e-468f-b9de-cb92a2296f46,LAREX PLN ACC CABLE,,ACC CABLE BAJAJ,1241F,,0.00,113,Inclusive,0,Inclusive,0,1,1.0,No,0,
9f4e6408-ec42-477e-8008-68c4c334a4b9,LAREX PLN ES METER CABLE,,METER CABLE BAJAJ,1297ASM,,0.00,120,Inclusive,0,Inclusive,0,0,1.0,No,0,
733c28bf-f4e6-40d7-b932-2f92dfdb845d,LAREX SUZUKI METER CABLE,,METER CABLE MOPED ALL,330883995750,,0.00,120,Inclusive,0,Inclusive,0,1,1.0,No,0,
e88cf363-64e5-4412-a03b-29aebfecda9f,LAREX SUZUKI METER CABLE,,METER CABLE TVS ALL,811934645038,,0.00,120,Inclusive,0,Inclusive,0,1,1.0,No,0,
4caa5dbf-55ef-4e6b-8ec8-6afbcaf33013,LAREX XL100BS6 ACC CABLE,,ACC CABLE ALL MOPED,2201C,,0.00,150,Inclusive,0,Inclusive,0,1,,No,0,
555d9ed1-1fc8-4de6-94c3-58ee92522cbe,LAXMI ACCESS  KICK,,KICK ALL,LAC220,,0.00,440,Inclusive,0,Inclusive,0,0,,No,0,
4bdd557a-204d-4c57-8dfe-3019379722df,LAXMI ACTIVA NEW/MESTRO KICK,,KICK ALL,LAC204,,0.00,332,Inclusive,0,Inclusive,0,1,,No,0,
52934095-76de-4114-a6a9-a9eb75766d7e,LAXMI ACTIVA OLD/PLEASURE KICK,,KICK ALL,LAC202,,0.00,325,Inclusive,0,Inclusive,0,1,,No,0,
a1266342-26fb-42d4-aa9b-9ea06912d6d9,LAXMI CD100/SS KICK,,KICK ALL,LAC101,,0.00,420,Inclusive,0,Inclusive,0,0,,No,0,
c73af8e7-5048-4ceb-b38f-7044c13bc59e,LAXMI CENTRA BRAKE PADEL,,BRAKE PEDAL ALL,LAC451,,0.00,370,Inclusive,0,Inclusive,0,1,,No,0,
9c2289b3-7de1-4bee-aa19-4b1a6a98dbc7,LAXMI CRUX KICK,,KICK ALL,LAC177,,0.00,565,Inclusive,0,Inclusive,0,1,,No,0,
be20f630-f788-414b-ae11-1328b2aa3296,LAXMI CT110N/M GEAR LEVER,,GEAR LEVER BAJAJ,LAC342A,,0.00,275,Inclusive,0,Inclusive,0,1,,No,0,
4d4f2ee1-46ce-43d0-9c35-2f20b4c59656,LAXMI DIS100 GEAR LEVER,,GEAR LEVER BAJAJ,LAC352,,0.00,186,Inclusive,0,Inclusive,0,0,,No,0,
b7288f1e-0bf9-40c0-bde4-206cdced288d,LAXMI DIS 100 SIDE STAND,,SIDE STAND BAJAJ,LAC935,,0.00,148,Inclusive,0,Inclusive,0,0,,No,0,
86974a42-94ca-4c0b-947b-70301e3298e4,LAXMI DIS HANDLE BAR,,HANDLE BAR,LAC2656,,0.00,448,Inclusive,0,Inclusive,0,2,,No,0,
f3a37d8f-d273-440c-9f53-020b62179dc1,LAXMI MAHINDRA DURO KICK,,KICK ALL,LAC221,,0.00,472,Inclusive,0,Inclusive,0,1,,No,0,
c523e654-ed9b-42f7-9227-e16be3bd251a,LAXMI PHONIEX GEAR LEVER,,GEAR LEVER TVS/HH,LAC366,,0.00,270,Inclusive,0,Inclusive,0,1,,No,0,
fe97c5bb-31c7-4c0b-b939-e0ad4e54e702,LAXMI PLN/CT100 GEAR LEVER,,GEAR LEVER BAJAJ,LAC342,,0.00,158,Inclusive,0,Inclusive,0,1,,No,0,
2b88b1a3-c3ee-43d9-8a8f-74f0f185ab8d,LAXMI PLN ES GEAR LEVER,,GEAR LEVER BAJAJ,LAC400,,0.00,240,Inclusive,0,Inclusive,0,1,,No,0,
bcf89ab5-f843-4657-9ac2-934f0bad91f3,LAXMI PLS DTSI  150 GEAR LEVER,,GEAR LEVER BAJAJ,LAC343,,0.00,185,Inclusive,0,Inclusive,0,3,,No,0,
0f80c3ff-f5ba-40b6-8fea-61875cca1c30,LAXMI PLS DTSI KICK,,KICK ALL,LAC149,,0.00,610,Inclusive,0,Inclusive,0,2,,No,0,
932366a1-c670-46ba-bcd3-dd55e444d5b4,LAXMI PLSR DTSI HANDLE BAR,,HANDLE BAR,LAC2654,,0.00,460,Inclusive,0,Inclusive,0,1,,No,0,
1fdc4840-9a35-47ca-82f4-bfa15099aeb1,LAXMI PUL UG3 SIDE STAND,,SIDE STAND BAJAJ,LAC932,,0.00,158,Inclusive,0,Inclusive,0,1,,No,0,
6cf079da-f3be-45d1-a568-07b297eb4573,LAXMI RX100 HANDLE BAR,,HANDLE BAR,LAC2662,,0.00,430,Inclusive,0,Inclusive,0,1,,No,0,
979d83f3-68ba-4f0f-809b-0280e5e509d4,LAXMI RX100 SIDE STAND ,,SIDE STAND TVS/HH/MOPED,LAC927,,0.00,212,Inclusive,0,Inclusive,0,1,,No,0,
a61ba1eb-25f7-438e-9768-bec3a7f951ea,LAXMI  SCOOTY PEP KICK,,KICK ALL,LAC131,,0.00,390,Inclusive,0,Inclusive,0,1,,No,0,
58e89a0d-620f-43ef-a661-9d37753da19d,LAXMI SHINE FOOTRACE ROD ,,FOOTRACE ALL,LAC1300,,0.00,365,Inclusive,0,Inclusive,0,3,,No,0,
9381a5f3-642f-4288-95e1-05716db74f0c,LAXMI SHORT HANDLE ,,HANDLE BAR,LAC2660,,0.00,360,Inclusive,0,Inclusive,0,1,,No,0,
02df7b26-63a3-4bcf-8f54-a7826b717ed9,LAXMI SS FOOTRACE BAR,,FOOTRACE ALL,LAC1270,,0.00,352,Inclusive,0,Inclusive,0,1,,No,0,
b5b412df-f5e3-45f2-8ae5-18b5e8a5f044,LAXMI STAR CITY GEAR LEVER,,GEAR LEVER TVS/HH,LAC361,,0.00,185,Inclusive,0,Inclusive,0,4,,No,0,
2653f97c-8430-4aa7-889c-7958a25f961f,LAXMI STAR CITY HANDLE BAR,,HANDLE BAR,LAC2652,,0.00,425,Inclusive,0,Inclusive,0,1,,No,0,
5776a3db-7b9c-49b8-bf7c-5c554cfe0fe0,LAXMI STARCITY KICK,,KICK ALL,LAC123,,0.00,455,Inclusive,0,Inclusive,0,1,,No,0,
0ed334de-a8da-462b-a8ce-e3d76a41a913,LAXMI STAR CITY PLUS 110 FOOTRACE BAR,,FOOTRACE ALL,LAC1319,,0.00,385,Inclusive,0,Inclusive,0,5,,No,0,
7839bbe5-003b-478f-9c87-dc4c5f074852,LAXMI STAR CITY PLUS GEAR LEVER,,GEAR LEVER TVS/HH,LAC398,,0.00,260,Inclusive,0,Inclusive,0,4,,No,0,
19012963-5cb9-45ac-9602-7fa94f0f6f5d,LAXMI  STAR SPORT GEAR LEVER,,GEAR LEVER TVS/HH,LAC367,,0.00,188,Inclusive,0,Inclusive,0,1,,No,0,
f4bd1c6c-7acb-4cc9-9424-46009fcc628b,LAXMI STAR SPORT HANDLE BAR,,HANDLE BAR,LAC2661,,0.00,420,Inclusive,0,Inclusive,0,1,,No,0,
1b7f2329-778f-4f92-9077-26ce62049573,LAXMI SUPER SPL  KICK,,KICK ALL,LAC106,,0.00,580,Inclusive,0,Inclusive,0,2,,No,0,
ca60dcc0-8071-4460-b2da-a8b592939613,LAXMI TVS CENTRA KICK,,KICK ALL,LAC122,,0.00,499,Inclusive,0,Inclusive,0,2,,No,0,
634ba625-d4ae-493a-866f-c0fd86aec006,LAXMI VICTOR BRAKE PADEL,,BRAKE PEDAL ALL,LAC452,,0.00,325,Inclusive,0,Inclusive,0,1,,No,0,
a49b8616-9616-4e61-97fd-670cb36744f2,LAXMI VICTOR GEAR SHAFT ,,GEAR SHAFT ALL,LAC1218,,0.00,260,Inclusive,0,Inclusive,0,2,,No,0,
f0591f4e-8c68-4846-99dd-1309430f0ecd,LAXMI WEGO KICK,,KICK ALL,LAC132,,0.00,340,Inclusive,0,Inclusive,0,2,,No,0,
3463cb1a-8520-4d1f-986d-429c67a887fa,LAXM SPL KICK,,KICK ALL,LAC102,,0.00,315,Inclusive,0,Inclusive,0,1,,No,0,
d34e73cd-878b-4e13-bae0-76bf63f3444a,LIBRA FZ INDICATOR,,INDICATOR HH,526327866297,,0.00,2,Inclusive,0,Inclusive,0,130,,No,0,
d26a49de-7405-4adc-ad11-5a03b244f5a1,LIMEX ACCESS NEW METER CABLE,,METER CABLE MOPED ALL,8117,,0.00,120,Inclusive,0,Inclusive,0,4,1.0,No,0,
8757c7fb-7b1f-4ad0-8fcc-0557eba273ae,LION DIS 125 CLUTCH CABLE,,CLUTCH CABLE BAJAJ ALL,779040286138,,0.00,112,Inclusive,0,Inclusive,0,0,1.0,No,0,
a389ec35-33c0-4b25-9e0d-793a8f9d09ee,LION GOLD CRUX FRO BREAK CABLE,,BREAK CABLE TVS,941185673632,,0.00,91,Inclusive,0,Inclusive,0,1,,No,0,
f92e8bc0-2467-4b8d-a32a-3f92260e9b5a,LION GOLD STAR CITY CHOKE CABLE,,CHOKE CABLE,401162627326,,0.00,63,Inclusive,0,Inclusive,0,1,,No,0,
f47352b5-3256-48da-86c9-ab3be98f7707,LION PLEASURE ACTIVA NEW MODEL METER CABLE,,METER CABLE HERO ALL,658840124278,,0.00,91,Inclusive,0,Inclusive,0,1,1.0,No,0,
5455f5bc-1356-4c45-8744-42920a8b0ac5,LION SCOOTY ES REAR BREAK CABLE,,BREAK CABLE MOPED,483867562583,,0.00,101,Inclusive,0,Inclusive,0,1,,No,0,
1fd76120-77a0-4257-b430-7f4ff7de5256,LION SS BREAK CABLE,,BREAK CABLE HERO,739444626419,,0.00,113,Inclusive,0,Inclusive,0,1,,No,0,
9683e9b4-d738-4be0-ad43-0413ddd1b023,LISPART DISC100 H PACING SET,,HALF PACKING SET BAJAJ,LAG1009,,0.00,70,Inclusive,0,Inclusive,0,2,,No,0,
11024b0d-5359-4558-a483-a2e0ed556938,LISPART STAR STRTER RELAY ,,STRTER  RELAY  ALL,726288460622,,0.00,200,Inclusive,0,Inclusive,0,2,,No,0,
50115373-ff64-4b3f-b4a6-07874b43ca3c,LITO SHINE WHITE INDI.,,INDICATOR HH,248621774205,,0.00,135,Inclusive,0,Inclusive,0,2,,No,0,
390da416-786f-46ff-9d7f-c16c6c138463,LOCK KIT PLATINA BS4  MINDA,,LOCK KIT BAJAJ,KT2268YZ,,0.00,952,Inclusive,0,Inclusive,0,2,,No,0,
688758f3-463d-43ac-a944-87c520a402b4,LUCAS ACTIVA/PLEASURE MOTOR,,STARTER MOTOR,26261568,,0.00,1155,Inclusive,0,Inclusive,0,2,,No,0,
593c5050-3af3-4fc3-9773-a84b4940812f,LUCAS ACTIVA\PLEASURE MOTOR,,STARTER MOTOR,26246096,,0.00,1393,Inclusive,0,Inclusive,0,1,,No,0,
3dbe5886-94d7-462c-aae1-d27608fd8138,LUCAS PLS 150/180 STARTOR MOTOR,,,26024440,,0.00,1369,Inclusive,0,Inclusive,0,1,,No,0,
3c13e3c4-1cda-4247-a405-c343e1e66d39,LUCAS SPL BS6 STARTER MOTOR,,STARTER MOTOR,26024794,,0.00,1454,Inclusive,0,Inclusive,0,2,,No,0,
3c548987-ab06-4e05-8fc7-fd343808d892,LUCAS STAR/JIVE MOTOR,,STARTER MOTOR,26024632,,0.00,2224,Inclusive,0,Inclusive,0,1,,No,0,
6d7a9ed3-edbd-4b31-bc4f-d297de5e15df,LUCAS TVS ACTIVA 5G STARTER MOTOR,,STARTER MOTOR,26024782,,0.00,1576,Inclusive,0,Inclusive,0,2,,No,0,
1e7f0dcb-985b-4a27-8d85-a4e13f396cc0,LUCAS TVS ACTIVA STARTER MOTOR,,STARTER MOTOR,26249514,,0.00,1200,Inclusive,0,Inclusive,0,1,,No,0,
22f34d49-e01c-49e6-bdf7-fb7b6aa9a257,LUCAS TVS PEP PLS MOTOR,,STARTER MOTOR,26025172A,,0.00,1366,Inclusive,0,Inclusive,0,0,,No,0,
e932ee2d-e73b-41a4-ba44-cbe924fcd2d2,LUCAS TVS WEGO JUPITOR STAR VICTOR MOTOR,,STARTER MOTOR,26024450,,0.00,2117,Inclusive,0,Inclusive,0,1,,No,0,
08a0ce04-acbc-45ac-8fa5-1c1099e9ed40,LUHRA DTSI CHAIN COVER BLK,,CHAIN COVER METEL,267983943885,,0.00,635,Inclusive,0,Inclusive,0,2,,No,0,
c1584395-ccd3-440f-a113-d93abc49d9c7,LUMAX ACTIVA  RH/LH FRONT,,INDICATOR MOPED,239BLA110FR,,0.00,342,Inclusive,0,Inclusive,0,1,,No,0,
b55df0f1-b241-4d05-9af0-798b9babf811,LUMAX CD DAWN HEAD LIGHT,,HEAD LIGHT HH,216HLACDDO,,0.00,413,Inclusive,0,Inclusive,0,2,,No,0,
83002035-cc21-44ae-ba52-6938ecf79bc3,LUMAX CT 100 ROUND HEAD LIGHT ,,HEAD LIGHT BAJAJ,243HLACTD,,0.00,462,Inclusive,0,Inclusive,0,1,,No,0,
bb0deda0-e564-4b4a-a198-5b9a3af73de0,LUMAX DIS 100 HEAD LIGHT ,,HEAD LIGHT BAJAJ,252HLUDTSM,,0.00,837,Inclusive,0,Inclusive,0,2,,No,0,
a88f6e95-73c3-424f-a09e-40d09e73bd3f,LUMAX PLEASURE5 HEAD LIGHT,,HEAD LIGHT MOPED ALL,216HLAP,,0.00,514,Inclusive,0,Inclusive,0,1,,No,0,
61118158-9ef4-4734-8546-f50bd4a74ab8,LUMAX PLN HEAD LIGHT ,,HEAD LIGHT BAJAJ,254HLUD,,0.00,560,Inclusive,0,Inclusive,0,1,,No,0,
04f1ec42-de95-4a69-b11a-62e155748e54,LUMAX PSN PLS HEAD LIGHT,,HEAD LIGHT HH,219HLUN,,0.00,432,Inclusive,0,Inclusive,0,1,,No,0,
932c37bb-9f24-4a14-ac68-7229dbcc2d81,LUMAX SPUR SPL HEAD LIGHT,,HEAD LIGHT HH,216HLUSS,,0.00,466,Inclusive,0,Inclusive,0,1,,No,0,
520cf07e-f0b9-4c6d-8c2c-86461a51dcc4,LUMAX STAR CITY PLUS HEAD LIGHT ,,HEAD LIGHT TVS,220HLUSTRCTP,,0.00,612,Inclusive,0,Inclusive,0,1,,No,0,
18c898b2-a346-4584-bbe0-3c33db8c7dc3,LUMAX STR CT WT PARKING HEAD LIGHT ,,HEAD LIGHT TVS,220HLUSC,,0.00,491,Inclusive,0,Inclusive,0,2,,No,0,
49b51ac0-66e4-4674-bedc-b9027a5a68e3,LUMAX UNICORN HEAD LIGHT ,,HEAD LIGHT HH,238HLU,,0.00,482,Inclusive,0,Inclusive,0,1,,No,0,
a227fcdc-bdb3-4cfa-ad1c-063ea88bb5f5,LUTHARA PSN METAL BLACK CHAIN  COVER,,CHAIN COVER METEL,551959135086,,0.00,600,Inclusive,0,Inclusive,0,2,,No,0,
a1cd1776-0d02-45ff-874f-595810adbc06,LUTHRA CD100 CHAIN COVER  SILVER,,CHAIN COVER METEL,862672857929,,0.00,630,Inclusive,0,Inclusive,0,1,,No,0,
0371610d-ba6e-4559-b87a-bd076555b1a0,LUTHRA CRUX CHAIN COVER,,CHAIN COVER METEL,831821679277,,0.00,860,Inclusive,0,Inclusive,0,4,,No,0,
37d5e9a3-0142-48e8-8fb3-a85d3ed62310,LUTHRA CT-100 17 WHEEL CHAIN COVER,,CHAIN COVER METEL,668372315875,,0.00,710,Inclusive,0,Inclusive,0,1,,No,0,
daea59e6-f7ba-46fe-b36c-cfcf33877604,LUTHRA CT-100 18 WHEEL CHAIN COVER,,CHAIN COVER METEL,233184254020,,0.00,710,Inclusive,0,Inclusive,0,2,,No,0,
4bfef1a2-e803-4843-9133-20b0bd90af48,LUTHRA CT100 CHAIN COVER,,CHAIN COVER METEL,93322509969,,0.00,710,Inclusive,0,Inclusive,0,2,,No,0,
2210b750-1795-4e7b-8485-5866723046ae,LUTHRA CT100 CHAIN COVER,,CHAIN COVER METEL,503920258127,,0.00,620,Inclusive,0,Inclusive,0,1,,No,0,
7b2d5611-ff87-4ccb-b2fb-58cd661d7a36,LUTHRA DIS 125 135 BLK CHAIN COVER,,CHAIN COVER METEL,795949270086,,0.00,740,Inclusive,0,Inclusive,0,1,,No,0,
e56fa16c-f116-41d0-82f0-7f1629638fcd,LUTHRA DIS 125 135 SILVER CHAIN COVER,,CHAIN COVER METEL,390156054312,,0.00,740,Inclusive,0,Inclusive,0,2,,No,0,
2909b690-0612-4511-9e52-f550cb82e956,LUTHRA DISC 100 CHAIN COVER BLK,,CHAIN COVER METEL,942386726255,,0.00,830,Inclusive,0,Inclusive,0,2,,No,0,
648bc7a0-e064-4d24-986a-b87e991af3f1,LUTHRA DISC 125 135 CHAIN COVER SIL ,,CHAIN COVER METEL,399311114821,,0.00,830,Inclusive,0,Inclusive,0,1,,No,0,
f3f8199e-f97b-400f-b75c-002d4c52fcf7,LUTHRA KB4S CHAIN COVER,,CHAIN COVER METEL,177057242074,,0.00,690,Inclusive,0,Inclusive,0,2,,No,0,
9e5950d4-08b2-4626-9f70-92c7ec580934,LUTHRA PLN CHAIN COVER ,,CHAIN COVER METEL,960290265594,,0.00,750,Inclusive,0,Inclusive,0,2,,No,0,
f6c6c5db-4327-4889-a5d6-b9936649c18a,LUTHRA PLN ES CHAIN COVER,,CHAIN COVER PVC,LUTHPLN,,0.00,560,Inclusive,0,Inclusive,0,1,,No,0,
53eff3c4-e659-4cde-b9ba-57c7bbb3038c,LUTHRA PSN CHAIN COVER BLK,,CHAIN COVER METEL,454223842421,,0.00,650,Inclusive,0,Inclusive,0,0,,No,0,
067e2721-5b24-41ca-8540-69b2297b96d2,LUTHRA SPL METAL GREY CHAIN COVER,,CHAIN COVER METEL,137721673528,,0.00,580,Inclusive,0,Inclusive,0,1,,No,0,
a0560884-804f-4769-8090-bcf02fcf4fc5,LUTHRA STAR PHOENIX BLK CHAIN COVER,,CHAIN COVER METEL,772663677562,,0.00,880,Inclusive,0,Inclusive,0,0,,No,0,
97fb6756-1873-4930-a95a-fa59abb92ff7,LUTHRA STAR SPORT CHAIN COVER,,CHAIN COVER METEL,371720365504,,0.00,760,Inclusive,0,Inclusive,0,1,,No,0,
6a0dbe78-1480-42e6-a22d-e20791ccac3c,LUTHRA UNICORN BLK CHAIN COVER,,CHAIN COVER METEL,684433849968,,0.00,880,Inclusive,0,Inclusive,0,1,,No,0,
bdc05b36-e5d9-48b7-ac29-94f00aaa2820,LUTHRA VICTOR CHAIN COVER ,,CHAIN COVER METEL,261974294207,,0.00,740,Inclusive,0,Inclusive,0,1,,No,0,
3c876c3f-be2d-4fc6-ae6d-3e5a7269a5ee,MACEO DREAM YUGA  CLUTCH CABLE,,CLUTCH CABLE H.H,807258672369,,0.00,110,Inclusive,0,Inclusive,0,3,1.0,No,0,
dc11789a-55de-479b-8912-898db351d0b1,MACEO XL100 CHOKE CABLE,,CHOKE CABLE,633344754147,,0.00,100,Inclusive,0,Inclusive,0,0,,No,0,
24810f0e-75cd-4eed-a75b-870fa2361bd2,MAGNET PACKING STAR CITY,,,GSKMG444S,,0.00,39,Inclusive,0,Inclusive,0,10,,No,0,
07fe5181-0968-4c22-94ab-16300ba1bc46,MAHESH 4S/BOXER KICK,,KICK ALL,MAC34,,0.00,332,Inclusive,0,Inclusive,0,2,,No,0,
5a44a1f4-2ca0-466f-83ff-f611f7745385,MAHESH ACCESS KICK ,,KICK ALL,MAC84,,0.00,384,Inclusive,0,Inclusive,0,1,,No,0,
0ea17639-f497-42ca-88c9-67770d155f1b,MAHESH CALIER  FOOTRACE,,FOOTRACE ALL,547874640579,,0.00,348,Inclusive,0,Inclusive,0,0,,No,0,
480b98d2-1533-47fc-97aa-d1dd9a23792a,MAHESH CT100N/M GEAR LEVER,,GEAR LEVER BAJAJ,MAC172A,,0.00,212,Inclusive,0,Inclusive,0,3,,No,0,
0ec98406-2ea9-42a7-8b71-932e8021430e,MAHESH DIS100 GEAR LEVER,,GEAR LEVER BAJAJ,MAC181,,0.00,172,Inclusive,0,Inclusive,0,-1,,No,0,
5bf160cd-7764-4be4-9f91-6a2028685c71,MAHESH DIS100M B PEDAL,,BRAKE PEDAL ALL,MAC300,,0.00,298,Inclusive,0,Inclusive,0,1,,No,0,
bdd9ea46-2d83-455f-a2ab-dfd6ecd7bcf3,MAHESH DIS 100 SIDE STAND,,SIDE STAND BAJAJ,MAC735,,0.00,140,Inclusive,0,Inclusive,0,1,,No,0,
8822bbee-fcf8-43bc-b254-dc4c5f45459f,MAHESH DIS125 MAIN STAND ,,MAIN STAND ALL,MAC804,,0.00,496,Inclusive,0,Inclusive,0,0,,No,0,
f1f48e88-3e19-4cd8-84b6-557e05c27f3c,MAHESH DISC 125 BRAKE PADEL,,BRAKE PEDAL ALL,MAC251,,0.00,308,Inclusive,0,Inclusive,0,2,,No,0,
2403ad55-2b62-4d81-8019-f2e385a32e0f,MAHESH HH/CD100 KICK,,KICK ALL,MAC01,,0.00,412,Inclusive,0,Inclusive,0,1,,No,0,
5228d63f-2482-4dbe-8ded-493619210ea5,MAHESH KB4S GEAR LEVER,,GEAR LEVER BAJAJ,MAC171,,0.00,152,Inclusive,0,Inclusive,0,0,,No,0,
5bf52585-d961-4296-a72d-e487e88d4a61,MAHESH MAX100 GEAR SHAFT,,GEAR SHAFT ALL,MAC971,,0.00,242,Inclusive,0,Inclusive,0,3,,No,0,
9d54e8e2-cca2-4604-9747-9028619da41a,MAHESH PLN100/ DIS100M  GEAR LEVER,,GEAR LEVER BAJAJ,MAC181A,,0.00,228,Inclusive,0,Inclusive,0,3,,No,0,
ac7f9491-0731-48b7-855f-3d409d94bf6e,MAHESH PLN BS6 B PEDAL ,,BRAKE PEDAL ALL,MAC242A,,0.00,442,Inclusive,0,Inclusive,0,3,,No,0,
853eba4d-8ecc-4872-9704-3cb669bb5161,MAHESH PLN HANDLE BAR,,HANDLE BAR,MAC1945A,,0.00,372,Inclusive,0,Inclusive,0,0,,No,0,
2adf08ca-3e2a-4574-ba80-4fc5497f8424,MAHESH PLN SIDE STAND,,SIDE STAND BAJAJ,MAC738,,0.00,132,Inclusive,0,Inclusive,0,3,,No,0,
2dc3f32a-6e47-4b5a-8610-416846319883,MAHESH PLSDTSI HANDLE BAR,,HANDLE BAR,HB1951,,0.00,412,Inclusive,0,Inclusive,0,1,,No,0,
37c35687-f46a-43bd-92b6-9abc2216d372,MAHESH RX100 SIDE STAND,,SIDE STAND TVS/HH/MOPED,MAC727,,0.00,184,Inclusive,0,Inclusive,0,1,,No,0,
55e23692-2029-41da-8296-927212af53d9,MAHESH SHINE BRAKE PADEL,,BRAKE PEDAL ALL,MAC281,,0.00,272,Inclusive,0,Inclusive,0,1,,No,0,
5151eb5b-7a5b-4fc1-95a7-c333f2f0ed95,MAHESH SHINE BS6 MAIN STAND ,,MAIN STAND ALL,MAC789A,,0.00,524,Inclusive,0,Inclusive,0,2,,No,0,
ffa2de54-8f50-48af-980b-182aabfccfaf,MAHESH SHINE HANDLE BAR,,HANDLE BAR,HB1955,,0.00,372,Inclusive,0,Inclusive,0,1,,No,0,
3c33162b-b643-4c6f-aa90-07e0c5afbe4a,MAHESH SPL SIDE STAND,,SIDE STAND TVS/HH/MOPED,MAC703,,0.00,132,Inclusive,0,Inclusive,0,0,,No,0,
436f465a-566b-4c01-ad56-9c2843ef7d30,MAHESH STAR CITY KICK,,KICK ALL,MAC18,,0.00,472,Inclusive,0,Inclusive,0,1,,No,0,
d61a42b0-fdfa-4447-b262-cee082e2be54,MAHESH STAR CITY MAIN STAND WITH PIN,,MAIN STAND ALL,MAC793K,,0.00,548,Inclusive,0,Inclusive,0,0,,No,0,
02f2d9c4-da85-4392-b5c8-a0e51595090a,MAHESH STAR MAIN STAND ,,MAIN STAND ALL,MAC793,,0.00,448,Inclusive,0,Inclusive,0,2,,No,0,
f125fc67-c5ba-45fb-acf2-a04ce10d81e8,MAHESH STAR+ /PHONIX GEAR LEVER,,GEAR LEVER TVS/HH,MAC226,,0.00,224,Inclusive,0,Inclusive,0,1,,No,0,
a75b5f08-c73f-430d-8040-46afe974e94f,MAHESH STAR SPORTGEAR LEVER,,GEAR LEVER TVS/HH,MAC195,,0.00,172,Inclusive,0,Inclusive,0,1,,No,0,
49e56803-1741-462b-b160-c903577427bd,MAHESH STAR SPORT KICK,,KICK ALL,MAC19,,0.00,432,Inclusive,0,Inclusive,0,1,,No,0,
c49ba55a-81ab-441b-a272-fe61513683a7,MAHESH STAR /VICTOR SIDE STAND,,SIDE STAND TVS/HH/MOPED,MAC717,,0.00,142,Inclusive,0,Inclusive,0,2,,No,0,
b9e7613c-e011-43fd-96aa-7bfd1a4bff7d,MAHESH SUZUKI KICK,,KICK ALL,MAC15,,0.00,364,Inclusive,0,Inclusive,0,2,,No,0,
7693c097-830c-426a-8316-4e546efc5438,MAHESH SUZUKI MAX 100 GEAR LEVER,,GEAR LEVER TVS/HH,MAC188,,0.00,142,Inclusive,0,Inclusive,0,3,,No,0,
7caa7674-4047-4dd3-b079-2943351a2471,MAHESH VICTOR GEAR LEVER,,GEAR LEVER TVS/HH,MAC189,,0.00,180,Inclusive,0,Inclusive,0,2,,No,0,
ad8ee692-e736-43f5-a966-783ac2c4dd13,MAHESH VICTOR MAIN STAND ,,MAIN STAND ALL,MAC791,,0.00,512,Inclusive,0,Inclusive,0,1,,No,0,
a6d454cf-3375-4b76-a579-047c4b7a3727,MAHESH XCD125 FOOTRACE,,FOOTRACE ALL,MAC1041,,0.00,368,Inclusive,0,Inclusive,0,1,,No,0,
abf427a6-e8b6-4d1d-bd11-d2d688d0afef,MAHLE  ACCESS VALVE SEAL KIT,,VALVE/VALVE SEAL HH,738VK,,0.00,337,Inclusive,0,Inclusive,0,3,,No,0,
6d00ca57-b6aa-4968-9af9-aa3c9f83ea5c,MAHLE PLN OLD BLOCK PISTON,,BLOCK PISTON,765AY40006090,,0.00,1638,Inclusive,0,Inclusive,0,1,,No,0,
a9c1776f-55e2-4a35-a22b-1e368a687e1c,MAKINO 4S PRESSURE PLATE ,,PRESSURE PLATE BAJAJ,3M3002PP,,0.00,144,Inclusive,0,Inclusive,0,1,,No,0,
43dee65b-5ec2-4402-b3ca-c1ae73159dfb,MAKINO CRUX CLUTCH PLATE,,CLUTCH PLATE TVS,301014M3005CP,,0.00,291,Inclusive,0,Inclusive,0,0,,No,0,
d0d9f01c-2326-46ae-8c29-86347fa7c9fc,MAKINO DISC 125 CLUTCH PLATE,,CLUTCH PLATE BAJAJ,492133305695,,0.00,277,Inclusive,0,Inclusive,0,3,,No,0,
3daec84c-9cb0-48d8-9791-b1bb1153a4dc,MAKINO PLS UG3 PRESSURE PLATE,,PRESSURE PLATE BAJAJ,003M3007PP,,0.00,234,Inclusive,0,Inclusive,0,4,,No,0,
bfaebd3e-659d-4ccf-aa75-b0cf588da0d9,MAKINO PLS UG4 PERSSURE PLATE,,PRESSURE PLATE BAJAJ,03M3009PP,,0.00,206,Inclusive,0,Inclusive,0,1,,No,0,
870dc9d1-b81a-42a2-b6ac-dda8bed86fa0,MAKINO SPL CLUTCH PLATE,,CLUTCH PLATES HERO,11M3001CP,,0.00,211,Inclusive,0,Inclusive,0,1,,No,0,
2c00a15c-5fe9-4720-85d4-260bae967898,MAKINO STAR PRESSURE PLATE,,PRESSURE PLATE HH/TVS,13M3001PP,,0.00,181,Inclusive,0,Inclusive,0,1,,No,0,
3195251a-33d9-49f1-b2e5-ecbc449e0a8b,MAKINO UNICORN CLUTCH PLATE,,CLUTCH PLATES HERO,301016M3002CP,,0.00,337,Inclusive,0,Inclusive,0,1,,No,0,
0cc6df7f-c152-4055-9160-a342a6f79c1c,MANESH SPL MAIN STAND ,,MAIN STAND ALL,MAC783A,,0.00,464,Inclusive,0,Inclusive,0,1,,No,0,
cc44cdf4-6a3e-455d-8ac6-9d83fafc22aa,MASTERPIECE ACCESS HAL PAC SET,,HALF PACKING SET MOPED,AGM01620,,0.00,57,Inclusive,0,Inclusive,0,2,,No,0,
0a181d5f-c4da-4d83-b03a-b55a263eac80,MASTER PIECE ACCESS N/M HALF PACKING SET,,HALF PACKING SET MOPED,AGM01792,,0.00,57,Inclusive,0,Inclusive,0,3,,No,0,
9ac91e67-6989-4268-8987-d900d778848c,MASTERPIECE ACTIVA 125 NEW HET HAL PAC SET,,HALF PACKING SET MOPED,AGM01778,,0.00,64,Inclusive,0,Inclusive,0,3,,No,0,
5b29c4b9-74d8-4146-b0c7-7927a1c98995,MASTERPIECE ACTIVA HET NEW HAL PAC SET,,HALF PACKING SET MOPED,AGM01665,,0.00,62,Inclusive,0,Inclusive,0,3,,No,0,
96e5e480-6f18-40a6-bde3-1c5612dd376c,MASTER PIECE ACTIVA NEW PLEASURE HAL PAC SET,,HALF PACKING SET MOPED,AGM01306,,0.00,62,Inclusive,0,Inclusive,0,2,,No,0,
daad0c99-5a26-47f5-a98d-14c1a81d911f,MASTERPIECE ACTIVA OLD HAL PAC SET,,HALF PACKING SET MOPED,AGM01293,,0.00,62,Inclusive,0,Inclusive,0,4,,No,0,
bcd22347-2c53-4fba-b802-ed1b0dee83eb,MASTERPIECE CRUX HAL PAC SET,,HALF PACKING SET TVS,AGM01412,,0.00,59,Inclusive,0,Inclusive,0,2,,No,0,
3e07d855-e00f-4bda-8329-04b59120d457,MASTER PIECE  CT 100 HALF SET,,,AGM01027,,0.00,54,Inclusive,0,Inclusive,0,2,,No,0,
eb5979f4-3578-49f4-9326-76206a333edf,MASTER PIECE DIS 100 HAL PAC SET,,HEAD GAS KIT,AGM01071,,0.00,30,Inclusive,0,Inclusive,0,10,,No,0,
0e67eeef-5f99-4214-8bec-6db1909b7fc0,MASTER PIECE DIS 100 HAL PAC SET,,HALF PACKING SET BAJAJ,AGM01078,,0.00,56,Inclusive,0,Inclusive,0,2,,No,0,
17e15505-8211-4936-893a-0a9d1e867c53,MASTERPIECE DIS 125 NEW HAL PAC SET,,HALF PACKING SET BAJAJ,AGM01087,,0.00,56,Inclusive,0,Inclusive,0,1,,No,0,
2dcad43a-3b88-42ae-abd0-dd0382bcf823,MASTER PIECE DIS 135 OLD HAL PAC SET,,HALF PACKING SET BAJAJ,AGM01040,,0.00,56,Inclusive,0,Inclusive,0,1,,No,0,
dbd75de2-c073-4d54-a4bd-3796ac35c186,MASTERPIECE DIS 150 BOX 150 HAL PAC SET,,HALF PACKING SET BAJAJ,AGM01104,,0.00,56,Inclusive,0,Inclusive,0,4,,No,0,
ada3e719-5fd5-4ce8-bc35-984a4c3d72c3,MASTER PIECE HH HALF PACKING SET ,,HALF PACKING SET HH,AGM01245,,0.00,100,Inclusive,0,Inclusive,0,1,,No,0,
fa7143ab-f0d9-454a-9be5-cc62867c258d,MASTERPIECE KB 4S HALF PACKING  SET,,HALF PACKING SET BAJAJ,AGM01020,,0.00,54,Inclusive,0,Inclusive,0,3,,No,0,
d795e9d0-ac4b-4ce1-9ed6-91aa37e36fc5,MASTERPIECE KB4S HAL PAC SET,,HALF PACKING SET BAJAJ,AGM1020,,0.00,54,Inclusive,0,Inclusive,0,0,,No,0,
1523a1fd-05bf-457f-a115-cd897e958d78,MASTERPIECE PEP HAL PAC SET,,HALF PACKING SET MOPED,AGM01348,,0.00,50,Inclusive,0,Inclusive,0,6,,No,0,
404d51b2-8580-4344-b6e8-a19c652875b1,MASTER PIECE PHOENIX  FULL PACKING SET,,FULL PACKING SET ALL,AGM01747,,0.00,187,Inclusive,0,Inclusive,0,2,,No,0,
8e56ce9f-a57f-45f5-931b-34fbcf63d6a0,MASTERPIECE PLEASURE FULL P SET ,,FULL PACKING SET ALL,AGM01304,,0.00,173,Inclusive,0,Inclusive,0,2,,No,0,
ea477c8c-8df9-4a04-a1c4-9351e7aaa839,MASTER PIECE PLN 125 ES HAL PAC SET,,HALF PACKING SET BAJAJ,AGM01093,,0.00,56,Inclusive,0,Inclusive,0,3,,No,0,
df8f4905-a13c-4991-86b5-17d05158f693,MASTER PIECE PLN125 ES HAL PAC SET,,HALF PACKING SET BAJAJ,AGM01758,,0.00,56,Inclusive,0,Inclusive,0,4,,No,0,
5c372e2d-8880-4d8b-8f53-0db8ea3f9ae5,MASTER PIECE PSN PRO HALF PACKING SET,,HALF PACKING SET HH,AGM01258,,0.00,107,Inclusive,0,Inclusive,0,2,,No,0,
6bed9f50-748a-49c9-8c70-15ba108db576,MASTER PIECE SANTRA HAL PAC SET,,HALF PACKING SET TVS,AGM01481,,0.00,57,Inclusive,0,Inclusive,0,3,,No,0,
cffdfbff-f734-4ac9-926b-d7e7db1dd2c7,MASTER PIECE SPL PSN PRO HAL PAC SET,,HALF PACKING SET HH,AGM01264,,0.00,99,Inclusive,0,Inclusive,0,2,,No,0,
09c43b0e-97c6-4652-90d4-fb9193ace959,MASTER PIECE STAR  CITY + CLUTCH PACKING,,CLUTCH PACKING ALL,AGM01726,,0.00,45,Inclusive,0,Inclusive,0,9,,No,0,
b238be53-da98-4ca1-904d-bc321f413973,MASTER PIECE STAR CITY +FULL PACKING SET,,FULL PACKING SET ALL,AGM01728,,0.00,184,Inclusive,0,Inclusive,0,2,,No,0,
76122f5a-e9eb-4c1d-bbb7-a1303c675954,MASTER PIECE STAR SPORT 110,,HALF PACKING SET TVS,AGM01391,,0.00,55,Inclusive,0,Inclusive,0,4,,No,0,
9e02701f-3802-4b80-8e17-24965b182bb3,MASTERPIECE STAR SPORTS FULL PACKING ,,FULL PACKING SET ALL,AGM01390,,0.00,184,Inclusive,0,Inclusive,0,2,,No,0,
e84a9ee8-8df8-4d24-934c-e969fc186f5d,MASTERPIECE SUZUKI HAL PAC SET,,HALF PACKING SET TVS,AGM01512,,0.00,45,Inclusive,0,Inclusive,0,5,,No,0,
4aaebfd1-9702-4b2a-9412-23d64a48e449,MASTER PIECE UNICORN/SHINE/CBZ MAG PAK,,MAGNET PACKING ALL,AGM01435,,0.00,33,Inclusive,0,Inclusive,0,9,,No,0,
7c30873d-ea67-4c87-90b6-fcd895cf51c3,MASTERPIECE  VICTOR CLUTCH PACKING ,,CLUTCH PACKING ALL,AGM01350,,0.00,45,Inclusive,0,Inclusive,0,9,,No,0,
fb336f71-52d5-4e39-8fc1-7909fd6faeb8,MASTER PIECE VICTOR HAL PAC SET,,HALF PACKING SET BAJAJ,AGM01362,,0.00,57,Inclusive,0,Inclusive,0,3,,No,0,
0dac1b8f-5d80-462c-9260-097231ed1812,MASTERPIECE YAMAHA CRUX F.PACK.SET,,FULL PACKING SET ALL,AGM01411,,0.00,137,Inclusive,0,Inclusive,0,3,,No,0,
504cf271-9662-44cb-b9f3-27b66297c32d,MAXXELL GOLD CRUX BLK,,SIDE PANEL CRUX,264722488474,,0.00,520,Inclusive,0,Inclusive,0,2,,No,0,
cb20d166-0650-4ab4-9296-c061f6ec823c,MAXXELL PSN PRO OLD BLK/BLUE,,VISOR HH,766619615515,,0.00,500,Inclusive,0,Inclusive,0,0,,No,0,
9103b646-572f-437d-8993-695e4cc8c83d,MAXXEL PLN OLD R.MUD,,REAR MUDGUARD FIBRE ALL,S19,,0.00,680,Inclusive,0,Inclusive,0,1,,No,0,
f413fc60-eb2c-4c73-8832-7765149a5001,MAXXEL SHINE BLK/GREY ,,VISOR HH,755594951314,,0.00,570,Inclusive,0,Inclusive,0,1,,No,0,
0a27886d-7018-4ef4-80c8-0e797668dc6e,MAXXEL SHINE BLK/SILVER,,VISOR HH,479995506280,,0.00,570,Inclusive,0,Inclusive,0,1,,No,0,
ac37a841-6c74-480e-af8e-a3b5e3b41bbd,MAXXEL SHINE R.MUD,,REAR MUDGUARD FIBRE ALL,S21,,0.00,850,Inclusive,0,Inclusive,0,2,,No,0,
48aef1ef-f50d-4cad-883e-3525cdf532db,MAXXEL SUZUKI R.MUD,,REAR MUDGUARD FIBRE ALL,996119938377,,0.00,200,Inclusive,0,Inclusive,0,1,,No,0,
e4397e63-1f9c-48a8-ad91-b73196752dea,MEBESTO 4.S STEERING CONE ,,STEERING CONE SET,MGC210,,0.00,289,Inclusive,0,Inclusive,0,11,,No,0,
9137dc81-be41-415a-84c8-0bc4b13f409b,MEBESTO ACTIVA STEER CONE SET,,STEERING CONE SET,MGC942,,0.00,369,Inclusive,0,Inclusive,0,9,,No,0,
9d14743a-14db-4b6b-84a4-6c118a8950a7,MEBESTO SPL STEERING CO SET,,STEERING CONE SET,MGC101,,0.00,259,Inclusive,0,Inclusive,0,1,,No,0,
444d7d6b-40b7-4260-a3f7-653238a8fce0,MEBESTO STAR STEER CONE SET,,STEERING CONE SET,MGC310,,0.00,289,Inclusive,0,Inclusive,0,7,,No,0,
e8a12e06-eebc-478d-a4cd-2398a22553a5,MEBESTO SUPER SPL STEERING CONE ,,STEERING CONE SET,MGC113,,0.00,359,Inclusive,0,Inclusive,0,2,,No,0,
a52b7b0f-8f1d-4211-8b7a-429f4a242a92,METER ASSY. CT100,,METER ASSLY ALL,DI6055,,0.00,1120,Inclusive,0,Inclusive,0,2,,No,0,
12e7d38a-fce2-4105-b012-aa7ceb0dcaa1,METER ASSY. CT100,,METER ASSLY ALL,DI6055A,,0.00,1310,Inclusive,0,Inclusive,0,1,,No,0,
8886a020-cd0d-44d3-a15b-488b203dcaae,METRO CT100 /CLBR F P SET,,FULL PACKING SET ALL,372497454054,,0.00,104,Inclusive,0,Inclusive,0,0,,No,0,
724b20a2-44ad-416e-b3b7-d6688dae360b,METRO SUPER XL C C PAK,,CLUTCH PACKING ALL,383761439585,,0.00,28,Inclusive,0,Inclusive,0,7,,No,0,
48e2ec66-ce35-41c7-bb6a-278d17725421,MGA RX 100 FRONT ,,INDICATOR TVS,M1055F,,0.00,126,Inclusive,0,Inclusive,0,1,,No,0,
2ef7b63c-7e27-492b-82d7-32c5beee3873,MGA SHINE WHITE INDICATOR,,INDICATOR HH,M1033,,0.00,112,Inclusive,0,Inclusive,0,0,,No,0,
6ff2ac64-cbd2-4232-8f99-0754eb8f84f0,MGA SUPER XL FRONT ,,INDICATOR TVS,M1040F,,0.00,84,Inclusive,0,Inclusive,0,2,,No,0,
6ecabdf6-f504-4800-a59e-94a0eeed3490,MGA SUPER XL REAR ,,INDICATOR TVS,M1040R,,0.00,84,Inclusive,0,Inclusive,0,2,,No,0,
5b4c1a16-3273-40a8-ae24-c9b666f43244,MG DISC FUEL TANK CAP,,FUEL TANK CAP,621583513758,,0.00,160,Inclusive,0,Inclusive,0,2,,No,0,
1c5433ca-2067-4370-ba83-38b95b0c41d4,MGNET COIL XL 70,,,51014,,0.00,680,Inclusive,0,Inclusive,0,2,,No,0,
62bd1e9d-7bb0-4355-bcd3-e4a5c9aec59a,MINDA 4S BOXER LH HANDLE BAR SWITCH,,HANDLE BAR SWITCH LH BAJAJ,SW0719R,,0.00,700,Inclusive,0,Inclusive,0,3,,No,0,
6dc0c361-858b-4037-98b8-70143457aa8f,MINDA ACTIVA 5G 2017 WIRING,,WIRING HARNESS HERO,WH9352R,,0.00,1388,Inclusive,0,Inclusive,0,1,,No,0,
312cecc0-abda-43b4-afda-5d7775173302,MINDA ACTIVA 5G 2017 WIRING,,WIRING HARNESS HERO,WH9352Q,,0.00,1523,Inclusive,0,Inclusive,0,1,,No,0,
d1604ccf-8af6-45ae-8074-983c2b5815a1,MINDA ACTIVA N/M  LH MIRROR,,MIRROR MOPED,RV4002LD,,0.00,135,Inclusive,0,Inclusive,0,11,,No,0,
76c14565-9a17-45d0-9e26-979b84492c45,MINDA ACTIVA N/M  RH MIRROR,,MIRROR MOPED,RV4002RD,,0.00,135,Inclusive,0,Inclusive,0,3,,No,0,
18b1222a-0bc7-4e45-9c90-e7a5ac5d858c,MINDA BOXER CT TAIL LIGHT ASSLY,,TAIL LIGHT ASSY.,6183-615,,0.00,79,Inclusive,0,Inclusive,0,1,,No,0,
177b9d8c-15a1-48e9-9fac-718c7f0a2a93,MINDA  BOXER MIRROR RH,,,RV1010R,,0.00,127,Inclusive,0,Inclusive,0,3,,No,0,
b39c84cc-2da6-47fb-8eda-320b266743f2,MINDA BOXER RH HANDLE BAR SWITCH,,HANDLE BAR SWITCH RH BAJAJ,SW0682,,0.00,495,Inclusive,0,Inclusive,0,1,,No,0,
a3047f6c-d334-4877-ab72-a3df91c1cc5a,MINDA CD-100/SS/CD DELUX FILTER,,,AF2007FO,,0.00,58,Inclusive,0,Inclusive,0,5,,No,0,
40ca1d6d-a6fe-4f8f-85d4-7c7fb9c8d7c0,MINDA CD 100 STERING LOCK,,IGNITION SWITCH HH,LK4271Z,,0.00,155,Inclusive,0,Inclusive,0,4,,No,0,
6adc0718-573a-4650-8d75-d47117b27b52,MINDA CT-100 KS N/M WIRING,,WIRING HARNESS BAJAJ,WH1094V,,0.00,809,Inclusive,0,Inclusive,0,4,,No,0,
f47af7f7-6f2e-4eb2-85ab-a5213eaf23af,MINDA  CT 100 TAIL LIGHT ASSLY,,TAIL LIGHT ASSY.,TL6175,,0.00,230,Inclusive,0,Inclusive,0,4,,No,0,
20fc601a-336f-4eeb-a86a-1387e0832dd6,MINDA DIS 100 METER ASSLY,,METER ASSLY ALL,DI6068,,0.00,1510,Inclusive,0,Inclusive,0,3,,No,0,
553f64d1-4c5d-49b1-a273-bc0dc5c630a6,MINDA DIS 100 TAIL LIGHT ASSLY,,TAIL LIGHT ASSY.,TL6201AM,,0.00,545,Inclusive,0,Inclusive,0,4,,No,0,
be0a5000-e37d-43e6-b547-944b16d0a97d,MINDA DIS 100T WIRING,,WIRING HARNESS BAJAJ,WH1088MQ,,0.00,1612,Inclusive,0,Inclusive,0,1,,No,0,
22a7c61d-e6eb-4992-bff3-8c06091d5a47,MINDA DIS/PLS IGNITION SWITCH,,IGNITION SWITCH BAJAJ,SW1226ZT,,0.00,552,Inclusive,0,Inclusive,0,4,,No,0,
ce45f231-2737-47e9-8f4d-f5c8ff5b7177,MINDA DIS TAIL  LIGHT ASSLY,,TAIL LIGHT ASSY.,TL6167M,,0.00,292,Inclusive,0,Inclusive,0,2,,No,0,
0e5ed913-32ec-4880-9c3c-cf455386f649,MINDA DREAM YUGA IGNITION LOCK,,IGNITION SWITCH HH,SW1278GZ,,0.00,561,Inclusive,0,Inclusive,0,2,,No,0,
1dd44242-7af3-42b4-8724-3d34f7c1f334,MINDA DREAM YUGA SS WIRING,,WIRING HARNESS HERO,WH9352YC,,0.00,1252,Inclusive,0,Inclusive,0,1,,No,0,
192f0bf2-4458-4e77-adfe-53dd6d24f7c4,MINDA JUPITER 4 WIRE LOCK KIT,,MOPED LOCK KIT ALL,KT2279Z,,0.00,853,Inclusive,0,Inclusive,0,1,,No,0,
a95e1505-edf7-40c1-b176-5aa8d6879e60,MINDA  JUPITER BS6 LOCK KIT,,MOPED LOCK KIT ALL,KT2276FZ,,0.00,731,Inclusive,0,Inclusive,0,1,,No,0,
17dd4d06-2da7-4511-b2ca-d3b65f45aefb,MINDA JUPITER HEAD LIGHT ASSLY,,HEAD LIGHT MOPED ALL,HL5291M,,0.00,563,Inclusive,0,Inclusive,0,0,,No,0,
723ed74d-7ba1-4b94-98b7-e233e43b61b8,MINDA JUPITER H LIGHT ASSLY,,HEAD LIGHT MOPED ALL,RT065HLU,,0.00,683,Inclusive,0,Inclusive,0,2,,No,0,
4fd1832b-2514-4e38-9a60-eece5a8cb396,MINDA JUPITER  IGNITION SWITCH 2 WIRE,,IGNITION SWITCH TVS,SW16004AZ,,0.00,802,Inclusive,0,Inclusive,0,2,,No,0,
aef2360a-1b3e-449b-a91d-d208ae3152ec,MINDA PLEASURE BS6 HEAD LIGHT ASSLY,,HEAD LIGHT MOPED ALL,RH117HLU,,0.00,607,Inclusive,0,Inclusive,0,1,,No,0,
be3c0b24-2c98-4f96-8906-82f6b96d8321,MINDA PLEASURE HEAD LIGHT ASSLY,,HEAD LIGHT MOPED ALL,RH113HLU,,0.00,636,Inclusive,0,Inclusive,0,2,,No,0,
57e52f3b-81c0-4841-8d74-958f05154345,MINDA PLN/CTT100/DIS RH HANDLE BAR SWITCH,,HANDLE BAR SWITCH RH BAJAJ,SW0672BH,,0.00,202,Inclusive,0,Inclusive,0,4,,No,0,
d8f75a26-64bb-49b1-85a7-ed6dca7e4a47,MINDA PLN IGNTION SWITCH,,IGNITION SWITCH BAJAJ,KIT 2142AZT,,0.00,592,Inclusive,0,Inclusive,0,2,,No,0,
e97572f0-1cf0-4989-a699-30ba6c4f9698,MINDA PLN TAIL GLASS,,,6169-615,,0.00,91,Inclusive,0,Inclusive,0,1,,No,0,
63feefe4-938b-4b73-aaaf-2e6ea4c886da,MINDA PLS DTS O/MHEAD LIGHT,,HEAD LIGHT BAJAJ,,,0.00,850,Inclusive,0,Inclusive,0,1,,No,0,
98012075-da00-46f9-b326-0bd41618b520,MINDA PLS O/M HEAD LIGHT ASSLY,,HEAD LIGHT BAJAJ,HL5267M,,0.00,487,Inclusive,0,Inclusive,0,2,,No,0,
2b9bf993-f33c-473e-a80d-1c2e7f37573c,MINDA PSN PRO DIGIT METER H BAR SWITCH,,HANDLE BAR SWITCH LH  HH,SW068SS,,0.00,459,Inclusive,0,Inclusive,0,1,,No,0,
2d5d4ce4-77d5-4c8c-989c-ad2433d4c44f,MINDA  PSN PRO RH MIRROR,,MIRROR HH,RV5010RD,,0.00,204,Inclusive,0,Inclusive,0,5,,No,0,
f69caa19-6534-4578-83a0-af431b152138,MINDA PSN PRO SELF WIRING,,WIRING HARNESS HERO,WH10878,,0.00,1133,Inclusive,0,Inclusive,0,1,,No,0,
41c33da7-a399-42f4-8573-e355da846d4e,MINDA PSN PRO TAIL LIGHT ASSLY,,TAIL LIGHT ASSY.,TL6204M,,0.00,478,Inclusive,0,Inclusive,0,1,,No,0,
150c79cf-9c1b-4137-af68-d74da300e76e,MINDA PSN PRO TAIL LIGHT ASSLY,,TAIL LIGHT ASSY.,TL6200M,,0.00,436,Inclusive,0,Inclusive,0,1,,No,0,
a7bc3ebd-1618-4c27-81ec-bb7c48095e2b,MINDA PSN PRO WH INDICATOR,,INDICATOR HH,TD5012UN,,0.00,136,Inclusive,0,Inclusive,0,10,,No,0,
478129bc-d801-4bdd-a1b1-349f979842cb,MINDA    PSN /PSN+ TAIL LIGHT ASSLY,,TAIL LIGHT ASSY.,TL6173M,,0.00,295,Inclusive,0,Inclusive,0,1,,No,0,
81f3bc05-a87b-426e-af09-e2080fba3d04,MINDA PSN + RED INDICATOR,,INDICATOR HH,TD5012UA,,0.00,133,Inclusive,0,Inclusive,0,10,,No,0,
2e590487-85aa-48ac-9c00-1706564e8861,MINDA RX 100  INDIGATOR,,,TD5003,,0.00,117,Inclusive,0,Inclusive,0,6,,No,0,
5ba305a0-4b1a-4540-b985-c202d2bccb86,MINDA SHINE125 2012/13 WIRING,,WIRING HARNESS HERO,WH9353SB,,0.00,1117,Inclusive,0,Inclusive,0,2,,No,0,
0c0f9506-8419-48eb-8e99-29aaeaa2e3a0,MINDA SHINE SP H BAR SWITCH,,HANDLE BAR SWITCH RH HH,SW0564ACM01,,0.00,310,Inclusive,0,Inclusive,0,2,,No,0,
d48fecc1-ee43-465e-92fe-2e0f04211b47,MINDA SHINE SP H BAR SWITCH,,HANDLE BAR SWITCH RH HH,SW0564AAM01,,0.00,315,Inclusive,0,Inclusive,0,2,,No,0,
3ecdb82b-03fa-4c7a-9b83-67d66266457b,MINDA SPL BS6 H BAR SWITCH,,HANDLE BAR SWITCH RH HH,SW0686AM,,0.00,135,Inclusive,0,Inclusive,0,11,,No,0,
f5596b69-3595-46ac-ba14-e9794d0f2ae9,MINDA SPL O/M TAIL ASSLY,,TAIL LIGHT ASSY.,TL6170M,,0.00,262,Inclusive,0,Inclusive,0,6,,No,0,
e855a562-7a10-4395-87e8-74f971c13c02,MINDA  SPL PRO 2WIRE LOCK KIT,,LOCK KIT HH,KT2291DZ,,0.00,657,Inclusive,0,Inclusive,0,1,,No,0,
79afc7c7-c173-4417-be51-3c8f4cdab4bf,MINDA SPL + TAIL LIGHT ASSLY,,TAIL LIGHT ASSY.,6171-615,,0.00,100,Inclusive,0,Inclusive,0,4,,No,0,
2f1d8265-0c9d-45fd-9ab7-515d399d60b3,MINDA SS/CD 100 STATOR COIL ASSLY,,,SCA209,,0.00,869,Inclusive,0,Inclusive,0,1,,No,0,
0417efd2-1b63-4ed3-a998-1a3fcb5f7309,MINDA STAR CITY  FRONT  LH RH INDICATOR,,INDICATOR TVS,TD5034B,,0.00,136,Inclusive,0,Inclusive,0,6,,No,0,
7e4f13db-2105-4b31-9fee-452c6b7cdd36,MINDA STAR CITY FRONT RED INDICATOR,,INDICATOR TVS,TD5034UF,,0.00,142,Inclusive,0,Inclusive,0,6,,No,0,
c43ccf2a-f2f4-4271-b4a5-b3a205459857,MINDA STAR CITY REAR RED INDICATOR,,INDICATOR TVS,TD5034UR,,0.00,142,Inclusive,0,Inclusive,0,6,,No,0,
0f254280-d6ab-44a4-9aa0-af4ec8ac5165,MINDA TAIL LIGHT ASSLY  XL,,,TL6150,,0.00,150,Inclusive,0,Inclusive,0,2,,No,0,
e0817076-effb-4ea5-9379-0e50450513d0,MINDA UNICORN BS6 LH HA BAR SWITCH,,HANDLE BAR SWITCH LH  HH,SW0659AZ-M01,,0.00,695,Inclusive,0,Inclusive,0,2,,No,0,
3689a79c-396b-485b-b934-504c448498e8,MINDA UNIVARSAL H.BAR SWITCH,,,SW0686AL,,0.00,74,Inclusive,0,Inclusive,0,2,,No,0,
35a2412e-6051-4ab6-82c7-72945fd2705b,MINDA WIRING DIS 135,,WIRING HARNESS BAJAJ,WH1088MU,,0.00,1403,Inclusive,0,Inclusive,0,1,,No,0,
67167f76-1360-4d53-8794-3fbb2b6ed5ca,MINDA WIRING PLN BS4,,WIRING HARNESS BAJAJ,WH-1088AI,,0.00,1208,Inclusive,0,Inclusive,0,1,,No,0,
d92a77d3-2c1a-4e55-815a-f7064fd2862a,MINDA XL SUPER 2 WIRE IGNITION SWITCH,,IGNITION SWITCH TVS,SW0112UZ,,0.00,225,Inclusive,0,Inclusive,0,2,,No,0,
bfd00d9f-e922-4eb7-bd53-c78dfb1ebfca,MINDA XL SUPER IGNITION SWITCH,,IGNITION SWITCH TVS,SW0111Z,,0.00,236,Inclusive,0,Inclusive,0,4,,No,0,
7f2b2e98-9f66-4c87-a08d-1dce06111179,MINDA XL TAIL LIGHT ASSLY,,,TL6194M,,0.00,170,Inclusive,0,Inclusive,0,2,,No,0,
09aca695-46be-474e-89a4-b3db17ec6f77,MK 4S CLUTCH PLATE ,,CLUTCH PLATE BAJAJ,MK1035,,0.00,231,Inclusive,0,Inclusive,0,4,,No,0,
0c54686a-dacb-48aa-9b58-a52a564503ab,MK CBZ CLUTCH PLATE,,CLUTCH PLATES HERO,MK1102,,0.00,202,Inclusive,0,Inclusive,0,1,,No,0,
78172ed0-d813-454c-b846-2350075f8590,MK CRUX/RX 100 CLUTCH PLATE,,CLUTCH PLATE TVS,1501,,0.00,323,Inclusive,0,Inclusive,0,2,,Yes,0,
6b7531bd-037b-44e1-b214-eb899de3ebab,MK CT100 CLUTCH PLATE,,CLUTCH PLATE BAJAJ,369963758795,,0.00,305,Inclusive,0,Inclusive,0,6,,No,0,
dfadf4d9-4aa4-40fe-9fbd-fe6963caa618,MK DREAM YUGA/NEO CLUTCH PLATE,,CLUTCH PLATES HERO,MK1205,,0.00,290,Inclusive,0,Inclusive,0,33,,No,0,
565c5e7d-72b4-4ae8-9ce9-a407fbaf4811,MK DREAM YUGA PRESSURE PLATE,,PRESSURE PLATE HH/TVS,MK3153,,0.00,133,Inclusive,0,Inclusive,0,1,,No,0,
e4eb53b0-3bd0-4612-821f-9e8ff390fac5,MK DREAM YUGA /TWESTER CLUTCH PLATE,,CLUTCH PLATES HERO,MK1204,,0.00,279,Inclusive,0,Inclusive,0,4,,No,0,
73e5753b-a0bc-49a7-a027-dcdb6ba982b7,MK MAX 100 CLUTCH PLATE,,CLUTCH PLATE TVS,MK1312,,0.00,269,Inclusive,0,Inclusive,0,2,,No,0,
5721e685-b37a-41c3-ad6a-9a1095f67811,MK PLN CLUTCH PLATE,,CLUTCH PLATE BAJAJ,MK1034,,0.00,298,Inclusive,0,Inclusive,0,10,,No,0,
2766dec5-4d4f-425e-a4cf-7cbb8df75ecc,MK PLN CLUTCH PLATE,,CLUTCH PLATE BAJAJ,MK1006,,0.00,296,Inclusive,0,Inclusive,0,14,,No,0,
67aef75c-8c62-42c7-a118-d5162bb88d6f,MK PLSR 150 UG 3 CLUTCH PLATE,,CLUTCH PLATE BAJAJ,MK1011,,0.00,339,Inclusive,0,Inclusive,0,8,,No,0,
2b68174a-7356-46cb-9f5f-b36df8ec242a,MK PLSR 150 UG 4 CLUTCH PLATE,,CLUTCH PLATE BAJAJ,MK1012,,0.00,336,Inclusive,0,Inclusive,0,7,,No,0,
71bc704b-eedc-40fe-abc4-859b7aa9647f,MK PLSR DTSI CLUTCH PLATE,,CLUTCH PLATE BAJAJ,MK1010,,0.00,276,Inclusive,0,Inclusive,0,10,,No,0,
e18ccbff-d976-48a1-9193-6bfa94527e70,MK RX100 PRESSURE PLATE,,PRESSURE PLATE HH/TVS,MK3351,,0.00,189,Inclusive,0,Inclusive,0,3,,No,0,
a5835493-d885-40d0-b207-757467ad50a6,MK SHINE CLUTCH PLATES ,,CLUTCH PLATES HERO,MK1203,,0.00,220,Inclusive,0,Inclusive,0,6,,No,0,
c689d5a4-5e83-4a03-9647-fcb2de490681,MK SPL CLUTCH PLATE,,CLUTCH PLATES HERO,MK1107,,0.00,222,Inclusive,0,Inclusive,0,25,,No,0,
54cc7fbb-d418-446e-957a-76f04a326c68,MK SPL CLUTCH PLATES ,,CLUTCH PLATES HERO,MK1106,,0.00,229,Inclusive,0,Inclusive,0,4,,No,0,
263a8020-a676-4bf5-8380-c1b45739708f,MK SPL PRESSURE PLATE,,PRESSURE PLATE HH/TVS,MK3101,,0.00,140,Inclusive,0,Inclusive,0,2,,No,0,
5c0bffec-81b2-4f01-9872-c6b93b95249c,MK STAR  PRESSURE PLATE,,PRESSURE PLATE HH/TVS,MK3202,,0.00,136,Inclusive,0,Inclusive,0,4,,No,0,
2251a7ea-c819-4110-b922-51cdc0a423db,MK UNICORN CLUTCH PLATES ,,CLUTCH PLATES HERO,MK1201,,0.00,270,Inclusive,0,Inclusive,0,1,,No,0,
cb382f75-694f-4220-adb9-8efbc0642f2c,MK VICTOR CLUTCH PLATE,,CLUTCH PLATE TVS,MK1313,,0.00,246,Inclusive,0,Inclusive,0,2,,No,0,
114b6e71-446f-4ca2-881b-06c771baee05,MK VICTOR CLUTCH PLATE,,CLUTCH PLATE TVS,MK1308,,0.00,258,Inclusive,0,Inclusive,0,2,,No,0,
fef89af5-7fde-4542-a19c-e7736c9f5f2f,MK XCD CLUTCH PLATE,,CLUTCH PLATE BAJAJ,MK1018,,0.00,294,Inclusive,0,Inclusive,0,3,,No,0,
4a7c04bc-b723-412a-bf28-10c7711096e7,MOTO BOXER CT BLK,,VISOR BAJAJ,484286014326,,0.00,680,Inclusive,0,Inclusive,0,1,,No,0,
17bc72a5-91e1-41f4-8948-580efed6df3f,MOTO CBZ RED,,MUDGUARD HH,830405660368,,0.00,425,Inclusive,0,Inclusive,0,1,,No,0,
b9f72386-16ec-478e-9207-02e406d3e550,MOTO CD DLX NEW RED,,MUDGUARD HH,M002,,0.00,405,Inclusive,0,Inclusive,0,0,,No,0,
6dbcb76d-aa62-464e-ba26-afa7add6546e,MOTO CD DLX SILVER,,MUDGUARD HH,223212728466,,0.00,420,Inclusive,0,Inclusive,0,1,,No,0,
b19833af-668e-4995-bb9e-94faf66db588,MOTO CENTRA BLACK SIDE PANEL ,,SIDE PANEL TVS,652867468819,,0.00,720,Inclusive,0,Inclusive,0,0,,No,0,
c30a7c21-5f00-4001-b4b3-ac4beffc12c9,MOTO CLBR 115 BLK/GREEN,,SIDE PANEL BOXER CALIBER 4S,545968046799,,0.00,600,Inclusive,0,Inclusive,0,2,,No,0,
a4697680-8d8f-47bf-8ba7-83da56ecebb7,MOTO CLBR 115 BLK/GREEN,,VISOR BAJAJ,391127436227,,0.00,510,Inclusive,0,Inclusive,0,1,,No,0,
2069e0b3-8ca2-4510-96d8-c82beef7626d,MOTO CLBR 115 BLK/RED,,VISOR BAJAJ,24932912850,,0.00,510,Inclusive,0,Inclusive,0,2,,No,0,
81836e1c-6442-4b54-a0c1-6ed458deb966,MOTO CRUX RED,,SIDE PANEL CRUX,608773839578,,0.00,670,Inclusive,0,Inclusive,0,2,,No,0,
2d19b76f-7e7a-496b-87c9-dc4a8c0773a0,MOTO CT100 BLK\BLUE,,SIDE PANEL CT 100,849621887973,,0.00,650,Inclusive,0,Inclusive,0,1,,No,0,
d0f3dc80-0f5d-41c1-829e-65f588d7cf53,MOTO CT100 RED,,SIDE PANEL CT 100,582618443187,,0.00,650,Inclusive,0,Inclusive,0,1,,No,0,
d5344851-6bca-4eec-8373-57f2b672b2c2,MOTO CT100 R.MUD,,REAR MUDGUARD FIBRE ALL,746021777334,,0.00,620,Inclusive,0,Inclusive,0,1,,No,0,
2153c6fc-1e2c-4332-b174-12630355a7f8,MOTO DREAM YUGA BLK/GREY ,,VISOR HH,459270400534,,0.00,560,Inclusive,0,Inclusive,0,0,,No,0,
cff90216-647e-4998-8e0d-8460a4021a03,MOTO DREAM YUGA BLK/GREY TP,,TAIL PANEL HH,81800322886,,0.00,1080,Inclusive,0,Inclusive,0,0,,No,0,
198fd23a-44df-4afd-aaba-b01f49edb4ef,MOTO HF DLX SILVER/RED TP,,TAIL PANEL HH,183135464179,,0.00,500,Inclusive,0,Inclusive,0,1,,No,0,
0e6f28d3-b89f-40de-bf1b-2e97057e7599,MOTO PLN ES BLK,,MUDGUARD BAJAJ,95677480039,,0.00,350,Inclusive,0,Inclusive,0,1,,No,0,
77a6ff31-51b1-498a-8894-47dc1c58845f,MOTO PLN ES R.MUD,,REAR MUDGUARD FIBRE ALL,484600117977,,0.00,620,Inclusive,0,Inclusive,0,2,,No,0,
fc0a61d0-72a6-4f6d-bb55-d8ebdc05c266,MOTO PLN OLD R.MUD ,,REAR MUDGUARD FIBRE ALL,172698849137,,0.00,620,Inclusive,0,Inclusive,0,2,,No,0,
08b1b61d-9f43-4c31-a3d9-6dadc2a65294,MOTO PLSR 220 BLK,,MUDGUARD BAJAJ,354744363514,,0.00,450,Inclusive,0,Inclusive,0,1,,No,0,
4a1096eb-bcae-46d5-8551-f68f18f49689,MOTO PSN PLS RED,,VISOR HH,907530192169,,0.00,420,Inclusive,0,Inclusive,0,1,,No,0,
c9a934de-4d9c-491f-bedc-6dd421f0dcef,MOTO PSN PLS RED,,MUDGUARD HH,414850512770,,0.00,410,Inclusive,0,Inclusive,0,1,,No,0,
52430372-d4db-4ec9-be02-cbaad4aab6bf,MOTOSEAL 4S F P SET,,FULL PACKING SET ALL,MSI101,,0.00,114,Inclusive,0,Inclusive,0,1,,No,0,
a2b5a51d-21dc-4efd-aed7-3b307aece982,MOTOSEAL ACCESS GEAR BOX PACKING,,CLUTCH PACKING ALL,MSI338,,0.00,22,Inclusive,0,Inclusive,0,10,,No,0,
022520df-7ac3-4bd8-93f7-5a4ca7c2d3ff,MOTOSEAL ACCESS HAL PAC SET,,HALF PACKING SET MOPED,330748064072,,0.00,50,Inclusive,0,Inclusive,0,2,,No,0,
2101504d-6bf6-4b02-b952-99131742b0cc,MOTOSEAL ACCESS MAG PAK,,MAGNET PACKING ALL,MSI319,,0.00,25,Inclusive,0,Inclusive,0,4,,No,0,
2662f63a-3ac2-410a-9d12-304ca414c361,MOTOSEAL ACTIVAGEAR BOX PAC,,CLUTCH PACKING ALL,95687820871,,0.00,27,Inclusive,0,Inclusive,0,5,,No,0,
fc3eeaf3-7d39-49c9-9769-f2f8a8571533,MOTOSEAL ACTIVA GEAR BOX  PAK,,MAGNET PACKING ALL,MSI1222,,0.00,20,Inclusive,0,Inclusive,0,10,,No,0,
a5e7ccf6-fb63-421b-ae2b-c8b1388621ae,MOTOSEAL ACTIVA HAL PAC SET,,HALF PACKING SET MOPED,253858439137,,0.00,32,Inclusive,0,Inclusive,0,2,,No,0,
31ec24c5-96e4-44ad-b4a9-3c55af9ec1a8,MOTOSEAL ACTIVA HET HALF PAC SET,,HALF PACKING SET MOPED,760325942961,,0.00,58,Inclusive,0,Inclusive,0,1,,No,0,
a0cfc183-415c-4b0b-bec1-3c331b7e3520,MOTOSEAL ACTIVA NEW HAL PAC SET,,HALF PACKING SET MOPED,151660574051,,0.00,48,Inclusive,0,Inclusive,0,1,,No,0,
22b80271-f813-4a7b-81b5-11dad88f6f86,MOTOSEAL ACTIVAOLD HAL PAC SET,,HALF PACKING SET MOPED,482897690262,,0.00,60,Inclusive,0,Inclusive,0,4,,No,0,
95dae940-8e3e-4995-a8e4-b58c19e8a843,MOTOSEAL DIS C C PAK,,CLUTCH PACKING ALL,804068670442,,0.00,33,Inclusive,0,Inclusive,0,0,,No,0,
834373cb-52e6-4a54-87dd-a8fd6069768d,MOTOSEAL DIS MAG PAK,,MAGNET PACKING ALL,MSI131A,,0.00,21,Inclusive,0,Inclusive,0,4,,No,0,
df22df24-b297-4ad4-a1ba-7acc3321cdd7,MOTOSEAL DREAM YUGA C C PAK,,CLUTCH PACKING ALL,770511538467,,0.00,33,Inclusive,0,Inclusive,0,7,,No,0,
5b213031-2fd7-4892-8243-45300efe70af,MOTOSEAL DREAMYUGA C C PAK,,CLUTCH PACKING ALL,628231806539,,0.00,33,Inclusive,0,Inclusive,0,10,,No,0,
8697fca4-89f0-4196-8ff7-e85c2b99e0c7,MOTO SEAL DREAM YUGA HAL PAC SET,,HALF PACKING SET HH,MSI214,,0.00,62,Inclusive,0,Inclusive,0,5,,No,0,
9c655f0f-b52b-455c-b8fe-c727624188e2,MOTOSEAL GERA BOX JUPITOR MAG PAK,,MAGNET PACKING ALL,349076733594,,0.00,30,Inclusive,0,Inclusive,0,10,,No,0,
2c2ab76f-c342-481f-9531-b5052489d018,MOTOSEAL JUPITOR HAL PAC SET,,HALF PACKING SET MOPED,982037567062,,0.00,58,Inclusive,0,Inclusive,0,1,,No,0,
80a3485b-7ba0-45b4-98bb-75a2df59aecb,MOTOSEAL PEP HAL PAC SET,,HALF PACKING SET MOPED,404016580387,,0.00,58,Inclusive,0,Inclusive,0,2,,No,0,
41957121-aff3-49a7-a4dd-55261fe3ee16,MOTOSEAL PLN C C PAK,,CLUTCH PACKING ALL,MSI1110,,0.00,35,Inclusive,0,Inclusive,0,0,,No,0,
1c6a9ac7-f1f2-478e-ad49-e473eea375b1,MOTOSEAL PLN CT100 HAL PAC SET,,HALF PACKING SET BAJAJ,MSI114,,0.00,62,Inclusive,0,Inclusive,0,2,,No,0,
ebd034fd-e058-4069-bc2e-60f9c481d6ce,MOTOSEAL PLN NEW HAL PAC SET,,HALF PACKING SET BAJAJ,611788880829,,0.00,58,Inclusive,0,Inclusive,0,1,,No,0,
87d7fe77-fd8a-4b23-a173-49e126754c79,MOTOSEAL PLSR 150 HAL PAC SET,,HALF PACKING SET BAJAJ,985152186875,,0.00,60,Inclusive,0,Inclusive,0,1,,No,0,
c654c659-9112-44dc-b58b-e0c07424d0d1,MOTOSEAL PLSR ALL MAG PAK,,MAGNET PACKING ALL,MASI133A,,0.00,28,Inclusive,0,Inclusive,0,8,,No,0,
2639c637-0f9e-490a-ae8c-6b2e601cf4d2,MOTOSEAL PSN PRO BS6 MAG PAC ,,MAGNET PACKING ALL,MSI061A,,0.00,25,Inclusive,0,Inclusive,0,9,,No,0,
512489ed-31e9-4416-b8c9-c552e56e2ccb,MOTOSEAL SHINE BS 6 C C PAK,,CLUTCH PACKING ALL,MSI1121,,0.00,35,Inclusive,0,Inclusive,0,19,,No,0,
8bc2a503-aeef-4eb4-8adc-af7614a3a628,MOTOSEAL SHINE F P SET,,FULL PACKING SET ALL,MSI207,,0.00,133,Inclusive,0,Inclusive,0,1,,No,0,
293d8888-3ba6-4d1c-bfb9-99d4b34a0c55,MOTO SEAL SHINE HAL PAC SET,,HALF PACKING SET HH,558185240300,,0.00,48,Inclusive,0,Inclusive,0,1,,No,0,
63351bb4-e253-4254-86b1-25e4a6662b33,MOTOSEAL SHINE MAG PAK,,MAGNET PACKING ALL,MSI224,,0.00,30,Inclusive,0,Inclusive,0,8,,No,0,
2e20b071-9d41-494d-a48d-8207e2b61a6c,MOTOSEAL SPL BS6 MAGNET PACKING ,,MAGNET PACKING ALL,MSI060A,,0.00,25,Inclusive,0,Inclusive,0,8,,Yes,0,
8e78fbfa-6579-4be7-96ba-8c9948718cef,MOTOSEAL SPL PLS BS6 C C PAK,,CLUTCH PACKING ALL,MSI057A,,0.00,31,Inclusive,0,Inclusive,0,4,,No,0,
498b9d7c-389c-4d7e-8a85-ef4a3909ca7b,MOTO SEAL STAR110 HAL PAC SET,,HALF PACKING SET TVS,898088385989,,0.00,50,Inclusive,0,Inclusive,0,1,,No,0,
1989ef9f-d779-42e0-8d66-14936774f8ff,MOTOSEAL STAR CITY MAG PAC,,MAGNET PACKING ALL,MSI436A,,0.00,40,Inclusive,0,Inclusive,0,1,,No,0,
0d60b5bb-403f-4738-91ab-46df03e93c3b,MOTOSEAL STAR CITY PLS HAL PAC SET,,HALF PACKING SET TVS,MSI417,,0.00,62,Inclusive,0,Inclusive,0,4,,No,0,
629008cf-861e-42ee-bcbe-98c30ea333e7,MOTOSEAL STAR F P SET,,,MSI405,,0.00,159,Inclusive,0,Inclusive,0,1,,No,0,
49f862c5-020e-4275-827b-7e7e883a0c81,MOTOSEAL SUPER XL C C PAK,,FULL PACKING SET ALL,745818840633,,0.00,30,Inclusive,0,Inclusive,0,5,,No,0,
04dc0835-f1d7-419a-8551-7e38300e7332,MOTOSEAL SUPER XL F P SET,,FULL PACKING SET ALL,MSI408,,0.00,60,Inclusive,0,Inclusive,0,2,,No,0,
87f92455-cb05-4795-8b09-ea36b722c92d,MOTO SEAL SUPER XL HAL PAC SET,,HALF PACKING SET BAJAJ,443238586905,,0.00,43,Inclusive,0,Inclusive,0,7,,No,0,
a13f4525-393d-4991-887e-1d65ac9020cb,MOTO SEAL UNICORN HAL PAC SET,,HALF PACKING SET HH,MSI218,,0.00,62,Inclusive,0,Inclusive,0,3,,No,0,
4d799166-da6b-4e85-920f-e52fac530abe,MOTOSEAL XL100 C C PAK,,CLUTCH PACKING ALL,317562436804,,0.00,33,Inclusive,0,Inclusive,0,9,,No,0,
873342ed-f1ef-4a30-9bc4-c317c35ee4de,MOTOSEAL XL100 F P SET,,FULL PACKING SET ALL,MSI412,,0.00,126,Inclusive,0,Inclusive,0,6,,No,0,
9e071d9f-3c7f-4b1d-b22b-cb87b10f4133,MOTO SHINE T5 R.MUD,,REAR MUDGUARD FIBRE ALL,116511793313,,0.00,655,Inclusive,0,Inclusive,0,0,,No,0,
e6a4a045-663e-4230-bec6-e6ce3ece4ee1,MOTO SHINE WINE RED,,MUDGUARD HH,380268539711,,0.00,460,Inclusive,0,Inclusive,0,0,,No,0,
7dbef685-4060-44e8-b5a7-ab1691b865bc,MOTOSIL STAR SPORT HALF SET,,FULL PACKING SET ALL,447134215787,,0.00,144,Inclusive,0,Inclusive,0,1,,No,0,
68b0cd8f-04b5-418c-b790-31521ae7682e,MOTO SPL +BK/GREY SIDE PANEL,,,MOTO,,0.00,485,Inclusive,0,Inclusive,0,1,,No,0,
1fafda46-7f02-4c52-82d3-e700de4f0060,MOTO STAR CITY PLS BLK/RED,,VISOR TVS,834091948442,,0.00,700,Inclusive,0,Inclusive,0,1,,No,0,
49fc2b41-f2ef-4f22-8fd1-1fb73c8ffca2,MOTO STAR CITY R.MUD,,REAR MUDGUARD FIBRE ALL,133439727270,,0.00,495,Inclusive,0,Inclusive,0,2,,No,0,
9f9b1f4e-4ede-42a6-a3e5-6d956b800929,MOTO STAR SPORT BLK,,MUDGUARD TVS,993658520607,,0.00,500,Inclusive,0,Inclusive,0,4,,No,0,
041b7a0e-3853-44a5-a6bc-44aaefe99d8d,MOTO STAR SPORT BLK/RED TP,,TAIL PANEL TVS,813554899476,,0.00,979,Inclusive,0,Inclusive,0,1,,No,0,
fa15b298-cd57-47da-8c1a-facb5308a78e,MOTO STAR SPORT NEW RED,,VISOR TVS,617480772648,,0.00,620,Inclusive,0,Inclusive,0,1,,No,0,
d8d3fd76-842b-4927-975a-764faab4bf28,MOTO SUPER SPL SIL/RED ,,SIDE PANEL SPLENDOR,562888858968,,0.00,650,Inclusive,0,Inclusive,0,1,,No,0,
e386c5ce-387d-4af5-a22f-918d3cf70262,MOTO UNICORN GREY,,MUDGUARD HH,800257431038,,0.00,520,Inclusive,0,Inclusive,0,1,,No,0,
f980e0e9-4f36-441a-9ce8-571ab851455c,MOTO VICTOR GL BLK/GOLDEN TP,,TAIL PANEL TVS,559884732159,,0.00,660,Inclusive,0,Inclusive,0,1,,No,0,
6349a0a1-feaf-41ee-adda-72508258eafb,MOTO VICTOR GOLDEN,,SIDE PANEL TVS,442863600716,,0.00,606,Inclusive,0,Inclusive,0,1,,No,0,
fcc72f35-9266-4eb0-ae6d-899f2e072de1,MP 4S C C PAK,,CLUTCH PACKING ALL,AGM01002,,0.00,30,Inclusive,0,Inclusive,0,16,,No,0,
9fdd4b8d-eb85-4e23-82ed-86b75af3402c,MP 4S MAG PAK,,MAGNET PACKING ALL,AGM01003,,0.00,20,Inclusive,0,Inclusive,0,8,,No,0,
34bf3136-254c-4039-8e17-cd4d79fe8f34,MP CENTRA F P SET,,FULL PACKING SET ALL,AGM01480,,0.00,153,Inclusive,0,Inclusive,0,3,,No,0,
83fc82ec-16df-4856-a8e4-a6b376de6b8c,MP  DIS 100 F P SET,,FULL PACKING SET ALL,AGM 01077,,0.00,115,Inclusive,0,Inclusive,0,1,,No,0,
b999698a-0f4b-4bce-bb67-52c9956380f0,MP DIS 125 NEW C C PAC,,CLUTCH PACKING ALL,AGM01067,,0.00,30,Inclusive,0,Inclusive,0,0,,No,0,
80f2f3c8-7733-40ac-ac12-7f40d609e007,MP I SMART 110 F P SET,,FULL PACKING SET ALL,AGM01817,,0.00,216,Inclusive,0,Inclusive,0,2,,No,0,
5a32508f-edf6-4be9-928c-557024c5354d,MP PEP F.P.SET,,FULL PACKING SET ALL,AGM01337,,0.00,136,Inclusive,0,Inclusive,0,2,,No,0,
a5cf1d0d-cef6-4e72-8c7a-37718a272f06,MP PEP GERA BOX PAK,,MAGNET PACKING ALL,AGM01331,,0.00,25,Inclusive,0,Inclusive,0,9,,No,0,
cd9c807e-942b-41a1-aa2d-537a0c87aed9,MP PEP PLS F.P.SET,,FULL PACKING SET ALL,AGM01346,,0.00,136,Inclusive,0,Inclusive,0,2,,No,0,
c8ba3541-321c-4d9b-bafa-e1e33d77c46f,MP PLN 125 ES F P SET,,FULL PACKING SET ALL,AGM01757,,0.00,112,Inclusive,0,Inclusive,0,5,,No,0,
69237581-38da-44a6-b100-94824d77250b,MP PLSR 150 C C PAK,,CLUTCH PACKING ALL,AGM01030,,0.00,40,Inclusive,0,Inclusive,0,7,,No,0,
7c67df06-f8b0-4ebb-a129-55a0d6b3d5e3,MP PLSR 150 F P SET,,FULL PACKING SET ALL,AGM01039,,0.00,147,Inclusive,0,Inclusive,0,2,,No,0,
bda7e479-a875-40dc-8c1b-81f9517283ca,MP PSNPRO /SPL PRO MAG PAK,,MAGNET PACKING ALL,AGM01260,,0.00,27,Inclusive,0,Inclusive,0,17,,No,0,
6678dd50-f000-4531-9824-8b00c7273d3e,MP SHINE BS6 F P SET,,FULL PACKING SET ALL,AGM01831,,0.00,96,Inclusive,0,Inclusive,0,2,,No,0,
786ec46e-0c51-4571-a774-f746c0d17cd0,MP SPL BS6 F P SET,,FULL PACKING SET ALL,AGM01837,,0.00,210,Inclusive,0,Inclusive,0,6,,No,0,
86f73ebc-ddcb-46a8-8a8f-19f12fef41a5,MP SPL BS6 MAG PAC,,MAGNET PACKING ALL,AGM01835,,0.00,40,Inclusive,0,Inclusive,0,0,,No,0,
071c98e1-9384-4471-a99a-56670a2cfb4c,MP SPL F P SET,,FULL PACKING SET ALL,AGM01243,,0.00,189,Inclusive,0,Inclusive,0,3,,No,0,
e05f0af5-a1c9-4881-a426-16c8e4a44251,MP SPL PRO F P SET,,FULL PACKING SET ALL,AGM01263,,0.00,219,Inclusive,0,Inclusive,0,2,,No,0,
06c3d41a-ce30-40b3-800b-061c9affe295,MP STAR CITY C C PAK,,CLUTCH PACKING ALL,AGM01368,,0.00,45,Inclusive,0,Inclusive,0,5,,No,0,
b3acbda1-07a3-4f32-8dea-f33a82a1752d,MP STAR CITY MAG PAK,,MAGNET PACKING ALL,AGM01369,,0.00,29,Inclusive,0,Inclusive,0,3,,No,0,
ba52a580-eee9-4de2-a65d-e0ac594c5349,MP STAR OLD F.P.SET,,FULL PACKING SET ALL,AGM01379,,0.00,183,Inclusive,0,Inclusive,0,4,,No,0,
20d68e70-faa3-4ae8-8a23-beca4afcc1bd,M.P VICTOR F.P SET,,FULL PACKING SET ALL,AGM01361,,0.00,150,Inclusive,0,Inclusive,0,3,,No,0,
81376563-50e8-40c2-aac7-5212695dec46,MP WEGO/JUPITOR F.P.SET,,FULL PACKING SET ALL,AGM01638,,0.00,181,Inclusive,0,Inclusive,0,1,,No,0,
c240a58c-814e-4bcb-9263-17dec51bc1bb,MS RACE UNIVERSAL SHORT HANDLE,,HANDLE BAR,575307590928,,0.00,840,Inclusive,0,Inclusive,0,1,,No,0,
457265ca-cd4d-4cf9-92d3-586ab5d3de78,MTACK ACTIVA OLD SIDE STAND,,SIDE STAND TVS/HH/MOPED,SS14,,0.00,140,Inclusive,0,Inclusive,0,1,,No,0,
38c4bc4e-e287-4da4-962b-e303b7b36d40,M TACK PLN YELLOW ,,INDICATOR BAJAJ,BLP12,,0.00,120,Inclusive,0,Inclusive,0,2,,No,0,
45814fa3-de33-49b9-9ff7-6e1d3a450f76,M TECH STAR CITY BRAKE PADEL,,BRAKE PEDAL ALL,BP03,,0.00,295,Inclusive,0,Inclusive,0,1,,No,0,
defef31f-5b10-4731-9c11-c8a0c6431ab7,MUDGUARD ACCESS GREY,,,SM0281,,0.00,1040,Inclusive,0,Inclusive,0,1,,No,0,
d5d0ef97-4f8e-420b-b472-0d6feea10c7f,MUKUT STAR CITY 110 CDI,,CDI TVS,M80530,,0.00,1250,Inclusive,0,Inclusive,0,1,,No,0,
55e93598-71fa-466d-98c3-f3a9b2c0d71f,MUKUT SUZUKI METER ASSLY,,METER ASSLY ALL,D303MA160,,0.00,923,Inclusive,0,Inclusive,0,1,,No,0,
3e9907bb-bbe2-4a15-b9e2-ca72d5ce2728,MY TVS HORN,,HORN ALL,330300144046,,0.00,190,Inclusive,0,Inclusive,0,3,,No,0,
ee19c4e6-ba16-45b6-a093-5cd6115fb254,MY TVS TRUMPET HORN,,HORN ALL,HO7,,0.00,1199,Inclusive,0,Inclusive,0,2,,No,0,
c2b12231-0fab-49cd-8b6e-9028b6dd1c8c,NATCO XL CHAIN COVER ,,CHAIN COVER PVC,NPS300,,0.00,140,Inclusive,0,Inclusive,0,3,,No,0,
0fcd657e-3236-43f9-917e-ad15cb31d308,NAVEENX  BOXER AT  METER CASE,,METER CASE ALL,NMC1237,,0.00,234,Inclusive,0,Inclusive,0,2,,No,0,
adbbbb22-3892-4c1b-a972-613860656cb1,NAVEENX BOXER CT METER CASE ,,METER CASE ALL,NMC1242,,0.00,293,Inclusive,0,Inclusive,0,3,,No,0,
8acc2fad-06f4-49a6-b9de-e2c5420394f9,NAVEENX CABIER OLD METER CASE,,METER CASE ALL,NMC1241,,0.00,302,Inclusive,0,Inclusive,0,1,,No,0,
393abfea-9bd6-4f51-ba3d-d21b795d3f98,NAVEENX CALIBER 115 METER CASE,,METER CASE ALL,NMC1250,,0.00,325,Inclusive,0,Inclusive,0,3,,No,0,
b45df2b3-0632-4c8a-8f3f-5f3497393967, NAVEENX CB SHINE METER CASE ,,METER CASE ALL,NMC1234,,0.00,390,Inclusive,0,Inclusive,0,4,,No,0,
ce2fdbd7-706f-4920-9da4-14355c697504,NAVEENX CD100 SS METER CASE,,METER CASE ALL,NMC1203,,0.00,189,Inclusive,0,Inclusive,0,5,,No,0,
db57fc66-6192-4d5a-b893-463bd9ed994f,NAVEENX CD DLX METER CASE,,METER CASE ALL,NMC1216,,0.00,270,Inclusive,0,Inclusive,0,1,,No,0,
a73f60e5-8c30-4229-ad1e-3186558dda52,NAVEENX CD DLX N/M METER CASE ,,METER CASE ALL,NMC1219,,0.00,270,Inclusive,0,Inclusive,0,1,,No,0,
c4404959-657c-4294-bea4-4f68db07762f,NAVEENX CT 100 OLD METER CASE ,,METER CASE ALL,NMC1244,,0.00,270,Inclusive,0,Inclusive,0,5,,No,0,
48c19d20-aec3-4238-ab49-ae6b08e73e34,NAVEENX CTDLX/AR METER CASE ,,METER CASE ALL,NMC1243,,0.00,260,Inclusive,0,Inclusive,0,1,,No,0,
320c78e4-0dfe-4583-a16d-609a7e09aff0,NAVEENX DIS N/M METER CASE,,METER CASE ALL,NMC1255,,0.00,325,Inclusive,0,Inclusive,0,2,,No,0,
c6329216-cbf3-4570-8d0d-daa272933b37,NAVEENX DIS O/M METER CASE,,METER CASE ALL,NMC1251,,0.00,325,Inclusive,0,Inclusive,0,2,,No,0,
f7b298c6-b15b-4046-b2b8-fa42ad1a801d,NAVEENX HF DLX BS6 METER CASE,,METER CASE ALL,NMC1218B,,0.00,315,Inclusive,0,Inclusive,0,1,,No,0,
725d0c1c-d461-423d-a1c1-5924ea0e5987,NAVEENX  HF DLX METER CASE,,METER CASE ALL,NMC1217,,0.00,296,Inclusive,0,Inclusive,0,1,,No,0,
b3bb9469-d879-423f-ac79-34feb3d7e452,NAVEENX HF DLX METER CASE ,,METER CASE ALL,NMC1218,,0.00,306,Inclusive,0,Inclusive,0,1,,No,0,
50ef7f5f-6594-4b20-8409-febc8c6efc65,NAVEENX HH METER CASE,,,NMC1204,,0.00,189,Inclusive,0,Inclusive,0,1,,No,0,
25cff7c9-21b5-4454-bec1-aad7798c0acc,NAVEENX METER CASE SPL,,,NMC1205,,0.00,273,Inclusive,0,Inclusive,0,10,,No,0,
54f7bc16-88cd-485d-a665-75b5b15aeec3,NAVEENX PLN METER CASE,,METER CASE ALL,NMC1248,,0.00,306,Inclusive,0,Inclusive,0,5,,No,0,
4653265b-09a2-4f29-b628-f933a264f779,NAVEENX PLS DTSI METER CASE,,METER CASE ALL,NMC1239,,0.00,312,Inclusive,0,Inclusive,0,2,,No,0,
d3f1e7ba-13c8-4645-9fef-e1ea88cb37f0,NAVEENX  SHINE OLD METER CASE,,METER CASE ALL,NMC1229,,0.00,325,Inclusive,0,Inclusive,0,1,,No,0,
641f6fc2-cad6-4905-9f10-7856b74d2e85,NAVEENX SPL PRO METER CASE,,METER CASE ALL,NMC1208,,0.00,351,Inclusive,0,Inclusive,0,3,,No,0,
5e83cdc6-4cb6-46c3-b175-415a6b72f2b0,NAVEENX  STAR CITY CVTI 110 METER CASE ,,METER CASE ALL,NMC1271,,0.00,260,Inclusive,0,Inclusive,0,1,,No,0,
939fb559-9119-421d-bd23-0c54e5679a4d,NAVEENX STAR CITY METER CASE,,METER CASE ALL,NMC1272,,0.00,263,Inclusive,0,Inclusive,0,2,,No,0,
7094fac6-bab5-48bd-ae94-a3f901c9d6e0,NAVEENX STAR METER CASE,,METER CASE ALL,NMC1269,,0.00,302,Inclusive,0,Inclusive,0,2,,No,0,
b6e68f13-ab41-4729-bc2e-61c17e2a3c83,NAVEENX STAR SPORTS METER CASE,,METER CASE ALL,NMC1274,,0.00,270,Inclusive,0,Inclusive,0,1,,No,0,
668c49ae-2efe-4fdc-8f61-92d5b2bed6f3,NAVEENX  XL 100  METER CASE,,METER CASE ALL,NMC1277A,,0.00,180,Inclusive,0,Inclusive,0,2,,No,0,
ef04ab13-3675-44d7-9bc2-8b69148c9b32,NAVEEVX PASS PRO METER CASE,,METER CASE ALL,NMC1215,,0.00,250,Inclusive,0,Inclusive,0,1,,No,0,
59cfdb22-011a-43a4-b1d5-0c9a89b5a8e4,NBC 6200 BEARING,,BEARING,NBC6200,,0.00,141,Inclusive,0,Inclusive,0,1,,No,0,
236988b3-63b1-498e-b4d7-458678a652d7,NBC 6201 BEARING,,BEARING,NBC6201,,0.00,133,Inclusive,0,Inclusive,0,1,,No,0,
8d419706-2a53-4dc2-a756-11ade6ed16fb,NEO BLACK,,MUDGUARD HH,SM0172,,0.00,540,Inclusive,0,Inclusive,0,7,,No,0,
2534c955-1f23-48a3-93f9-6052579efc50,NEXA STAR CITY FRONT RED,,INDICATOR TVS,652489082583,,0.00,84,Inclusive,0,Inclusive,0,10,,No,0,
166332f8-26a5-4a74-8fdd-145724556131,NEXT BOXER CT METER ASSLY,,METER ASSLY ALL,YA72,,0.00,999,Inclusive,0,Inclusive,0,1,,No,0,
7ec635f9-8347-4070-ac2a-c6d6ca401000,NEXT BOXER CT METER ASSLY,,METER ASSLY ALL,YA73,,0.00,981,Inclusive,0,Inclusive,0,1,,No,0,
daf6c503-d229-4cbb-8ee5-a55f099ab2e1,NEXT CALIBR OLD METER ASSLY ,,METER ASSLY ALL,YA75,,0.00,1924,Inclusive,0,Inclusive,0,1,,No,0,
6914d563-e190-4652-a294-0d0dac39173d,NEXT CBZ BLK,,MUDGUARD HH,569576304439,,0.00,407,Inclusive,0,Inclusive,0,3,,No,0,
82c0f803-ad94-4618-85ab-9426ea96b34b,NEXT CD DLX OLD  METER ASSLY,,METER ASSLY ALL,YA34,,0.00,829,Inclusive,0,Inclusive,0,1,,No,0,
4aa2be8b-8aaf-4cd9-b28b-ffe6c1f79dae,NEXT MAX 100  BLACK SIDE PANEL,,SIDE PANEL TVS,RISP456,,0.00,564,Inclusive,0,Inclusive,0,1,,No,0,
af0dd972-81d7-4a19-ad7b-fe4653c40350,NEXT VICTOR GL O/M BK-RED VISOR,,VISOR TVS,RIHM465,,0.00,529,Inclusive,0,Inclusive,0,1,,No,0,
c9c69fa0-9526-471a-a6c8-b5d375649174,NEXT XL SUPER METER ASSLY ,,METER ASSLY ALL,YA15,,0.00,799,Inclusive,0,Inclusive,0,1,,No,0,
3330b529-519c-454a-ae90-98ebb861fbc4,NEXXA CT100 RED ,,INDICATOR BAJAJ,610543980757,,0.00,135,Inclusive,0,Inclusive,0,2,,No,0,
ce4c247a-3034-4789-ab17-18a0a45be437,NGA  ACTIVA  OLD SIDE STAND,,SIDE STAND TVS/HH/MOPED,743235952104,,0.00,140,Inclusive,0,Inclusive,0,2,,No,0,
30456697-9e6f-46c2-b04b-b8179a6f9912,NIDDLE BEARING ,,BEARING,117294579067,,0.00,75,Inclusive,0,Inclusive,0,2,,No,0,
45fa5c22-df26-4333-be63-498fe4a34bd5,NIPPON ACCESS 125 B.SHOE,,BREAK SHOE HH/TVS,ABSSUZ56,,0.00,220,Inclusive,0,Inclusive,0,2,,No,0,
d6b5aa1d-7e8e-4bb2-a681-11d176415660,NIPPON ACTIVA 110CC MAGNET COIL ,,MAGNET COIL ASSY HH,51153,,0.00,1200,Inclusive,0,Inclusive,0,1,,No,0,
a4b3cecb-1054-4555-a5f5-7714d8eebca1,NIPPON ACTIVA 3G MAGNET COIL ,,MAGNET COIL ASSY HH,51168,,0.00,1025,Inclusive,0,Inclusive,0,3,,No,0,
72d12f55-fea7-48d1-8a4e-4323239d8d54,NIPPON ACTIVA BREAK SHOE ,,BREAK SHOE HH/TVS,ABSHAS61,,0.00,199,Inclusive,0,Inclusive,0,2,,No,0,
fce97e6f-011f-499e-a2a9-201af8741d75,NIPPON BULLET B.SHOE,,BREAK SHOE YAMAHA/BULLET,ABSJA15,,0.00,300,Inclusive,0,Inclusive,0,4,,No,0,
47f78975-7b1c-4b8d-a118-74a3cfd3e3fa,NIPPON DIS 100 MAG. COIL,,MAGNET COIL ASSY BAJAJ,51155,,0.00,989,Inclusive,0,Inclusive,0,2,,No,0,
16e97e3d-5885-4966-a049-4f03f27fc60b,NIPPON DREAM YUGA MAG. COIL 12POLE,,MAGNET COIL ASSY HH,51131,,0.00,960,Inclusive,0,Inclusive,0,0,,No,0,
092de172-4a9e-4c70-9e6a-187dbbbb4f43,NIPPON HF DLX BS4 MAG. COIL,,MAGNET COIL ASSY HH,51255,,0.00,1121,Inclusive,0,Inclusive,0,2,,No,0,
e534a291-4923-4fc4-a8bf-5f84327bdd74,NIPPON HF DLX/SPL ES BS6,,MAGNET COIL ASSY HH,51237,,0.00,1071,Inclusive,0,Inclusive,0,2,,No,0,
325feeec-854b-40ec-98ca-c17951bfa280,NIPPON PSN PRO/CD DLX MAG. COIL 8 POLE,,MAGNET COIL ASSY HH,51121,,0.00,1003,Inclusive,0,Inclusive,0,0,,No,0,
480d2348-1733-4144-b3b5-9b6bc5699055,NIPPON RX100/CRUX B.SHOE,,BREAK SHOE YAMAHA/BULLET,ABSRY61,,0.00,181,Inclusive,0,Inclusive,0,8,,No,0,
e3b176a2-673c-49a3-836c-de05a3c99c3e,NIPPON SCOOTY PEP B.SHOE,,BREAK SHOE HH/TVS,ABSPEP51,,0.00,160,Inclusive,0,Inclusive,0,2,,No,0,
0b370883-d2f2-4de3-83ff-a9e31d42f5a3,NIPPON SHINE 12 POLE MAG. COIL,,,51286,,0.00,928,Inclusive,0,Inclusive,0,2,,No,0,
a89fdc49-18db-4d64-a619-573329f22670,NIPPON STAR CITY ES MAG. COIL,,MAGNET COIL ASSY TVS,51009,,0.00,1052,Inclusive,0,Inclusive,0,5,,No,0,
fc1e7ead-09a6-4fcf-b5c3-c8883725aadb,NIPPON STAR KIT CDI,,CDI TVS,NIPPON53009,,0.00,892,Inclusive,0,Inclusive,0,4,,No,0,
977687db-7cd8-4643-9084-1d7ff2c7f17d,NIPPON STAR SPOER KS MAG. COIL,,MAGNET COIL ASSY TVS,51106,,0.00,911,Inclusive,0,Inclusive,0,2,,No,0,
adc544d3-d3f3-4838-a02f-db18ff6f7aad,NIPPON XL 100 MAGNET COIL,,,51278,,0.00,1424,Inclusive,0,Inclusive,0,1,,No,0,
fc6bafd1-07c2-4247-9bb4-f54e9fecf024,NISHA CD100 FUEL TANK CAP,,FUEL TANK CAP,AOO50,,0.00,154,Inclusive,0,Inclusive,0,2,,No,0,
9cf30f91-e4fc-4b6e-9026-9f6e7e2a8cf4,NOSE ACTIVA N/M WHITE,,,SN1757,,0.00,695,Inclusive,0,Inclusive,0,0,,No,0,
0ce9ad01-3829-4df1-a930-94418b221b5d,NOSE PLEASURE BLACK,,,SN1731,,0.00,1260,Inclusive,0,Inclusive,0,0,,No,0,
b18eab2e-4505-4680-9133-9d1c400ba8b3,NUTAT CRUX STEERING CONE SET,,STEERING CONE SET,839759880173,,0.00,170,Inclusive,0,Inclusive,0,2,,No,0,
1a8b87b1-7ddf-48ac-a252-0119e3884c1c,NUTAT SPL BREAK CABLE,,BREAK CABLE HERO,44745961499,,0.00,135,Inclusive,0,Inclusive,0,1,,No,0,
af812c07-6ad3-4142-b224-75b3b9ebac16,OE SPARE PLN CT100 CHAIN COVER,,CHAIN COVER PVC,MAM0022CT100,,0.00,590,Inclusive,0,Inclusive,0,2,,No,0,
61a068d4-aa19-4c86-b754-d8f2057bd10a,OE SPARES SPL PLS CHAIN COVER,,CHAIN COVER PVC,MAM0022,,0.00,480,Inclusive,0,Inclusive,0,3,,No,0,
d424c107-6e4c-4840-ab85-43892109ed52,ONG LIFE DIS 125 VALVE KIT ,,VALVE KIT BAJAJ,951776745369,,0.00,398,Inclusive,0,Inclusive,0,1,,No,0,
1f7353b1-d859-4a8a-acaa-66333e6cbe9e,ONSET CRUX VALVE,,,EVS152,,0.00,150,Inclusive,0,Inclusive,0,2,,No,0,
5c14c310-2d9a-410d-b4ee-add737063ed6,ONSET SPL TIMING CHAIN,,TIMING CHAIN HH,598799827467,,0.00,125,Inclusive,0,Inclusive,0,2,,No,0,
245574ae-02fc-45bc-b5e2-3d38102eb793,ONSET SUPER SPL TIMING CHAIN,,TIMING CHAIN HH,TC592L,,0.00,200,Inclusive,0,Inclusive,0,3,,No,0,
905e6a2f-c484-4cab-a1db-c1dd1ba853a0,ONSET SUP SPL TIM.PAD,,OIL PUMP HH,TGS4,,0.00,138,Inclusive,0,Inclusive,0,2,,No,0,
463f4d94-2e4f-4a66-a346-0ff8b970040b,ORIGNAL ACCESS OLS MAG. COIL,,MAGNET COIL ASSY HH,675116442413,,0.00,1195,Inclusive,0,Inclusive,0,1,,No,0,
05dce037-f46e-4ddf-8643-6e1064762eb7,OSPREY CD100 NEW METER CASE,,METER CASE ALL,OMC02,,0.00,190,Inclusive,0,Inclusive,0,1,,No,0,
d8d33cc4-7259-49d5-b307-01e369652509,OSPREY DREAM YUGA OLD METER CASE,,METER CASE ALL,OMC50,,0.00,380,Inclusive,0,Inclusive,0,1,,No,0,
a761b850-59df-4750-81f6-197d28f6de61,OSWIN  RX100 HAL PAC SET,,HALF PACKING SET TVS,451908946313,,0.00,42,Inclusive,0,Inclusive,0,4,,No,0,
53911d47-2702-4379-89f3-f1be0013d6df,OTEN HF DLX NEW BLK/BLUE ,,SIDE PANEL HF DLX,OT695,,0.00,410,Inclusive,0,Inclusive,0,1,,No,0,
faf53c79-98c0-4b5d-9870-1b774eedc801,PAE XL SUPER KICK,,KICK ALL,907078864269,,0.00,237,Inclusive,0,Inclusive,0,1,,No,0,
a93f8ccb-74b2-4df6-8a6f-29ab1bcf1c4b,PALTINUM CRUX S CLUTCH CABLE,,CLUTCH CABLE TVS,710 C1,,0.00,184,Inclusive,0,Inclusive,0,6,1.0,No,0,
b6afd3c3-b5d4-450a-93b3-0f1c001542ff,PARASH PUL SIDE STAND,,SIDE STAND BAJAJ,490342665523,,0.00,165,Inclusive,0,Inclusive,0,1,,No,0,
5d45d2f4-6f29-4ac7-9278-5d6f2cf7fed5,PASSION PLUS BK/BLUE,,SIDE PANEL PASSION,SP0955,,0.00,660,Inclusive,0,Inclusive,0,1,,No,0,
bf2d5920-0d40-478e-a549-2095a4e0f314,PASSION PRO METER CASE ,,METER CASE ALL,212205797735,,0.00,360,Inclusive,0,Inclusive,0,2,,No,0,
a4b733ed-1ccd-4f01-bddf-1999effd5e95,PASSION PRO S ONE WAY KIT ,,STARTER ONE WAY KIT ALL,940234606642,,0.00,80,Inclusive,0,Inclusive,0,5,,No,0,
b1112c83-1523-4d09-a4e8-b27e73e5f2be,PAVNA 4S LOCK KIT ,,LOCK KIT BAJAJ,A1111R000P,,0.00,530,Inclusive,0,Inclusive,0,2,,No,0,
7d28c119-0bd6-42b0-904e-7b0e91c70c60,PAVNA ACCESS LOCK KIT ,,MOPED LOCK KIT ALL,A9884000P,,0.00,660,Inclusive,0,Inclusive,0,1,,No,0,
4e9a661b-520e-4e20-9ca0-23c53ce87861,PAVNA ACTIVA OLD LOCK KIT ,,MOPED LOCK KIT ALL,A9628000P,,0.00,410,Inclusive,0,Inclusive,0,1,,No,0,
066bd4b0-3d09-4c6a-9873-a4d9e2bcad49,PAVNA APACHE 4 WR ,,IGNITION SWITCH TVS,A7433,,0.00,330,Inclusive,0,Inclusive,0,1,,No,0,
642d0574-e0ff-4a01-a5ab-999e0be7223b,PAVNA BOXER AT LOCK KIT ,,LOCK KIT BAJAJ,A0469R000P,,0.00,320,Inclusive,0,Inclusive,0,1,,No,0,
b48598c8-ffa4-4be5-99bb-492d87bfec5f,PAVNA CD 100 FUEL TANK CAP,,FUEL TANK CAP,A0358R000P,,0.00,205,Inclusive,0,Inclusive,0,0,,No,0,
8fb3b955-f8dd-4a8c-bf4d-ac55c714cd89,PAVNA CD DWN 2 WR ,,IGNITION SWITCH HH,A9680,,0.00,140,Inclusive,0,Inclusive,0,2,,No,0,
3c6975df-b57b-439e-9ed2-659dee973d3a,PAVNA CLBR FUEL TANK CAP,,FUEL TANK CAP,A0236R000P,,0.00,370,Inclusive,0,Inclusive,0,0,,No,0,
0ef66c9a-c2d0-4503-aab5-a1b324bafce8,PAVNA COMMON HELMET LOCK,,HELMET LOCK,A1171,,0.00,290,Inclusive,0,Inclusive,0,3,,No,0,
c18fe6b5-9be6-452d-8677-7763dd32547b,PAVNA CT100 OLD FUEL TANK CAP,,FUEL TANK CAP,A0637R000P,,0.00,310,Inclusive,0,Inclusive,0,0,,No,0,
32993339-660c-4aff-b501-76488b2ebef6,PAVNA CT100 P. TAP,,PETROL TAP,PABJ127EM,,0.00,135,Inclusive,0,Inclusive,0,1,,No,0,
d8282c51-a300-4deb-8edb-6d1803414709,PAVNA CT100 P. TAP KEY,,PETROL TAP,PABJ127L,,0.00,215,Inclusive,0,Inclusive,0,3,,No,0,
7c3101c9-814c-4bcd-9f11-b5aa2bf492ac,PAVNA DIS 100M OLD ,,IGNITION SWITCH BAJAJ,A9618,,0.00,420,Inclusive,0,Inclusive,0,1,,No,0,
88967c67-e96e-4960-98d9-7d64be8a00aa,PAVNA DIS /PLSR P. TAP,,PETROL TAP,PABJ126,,0.00,165,Inclusive,0,Inclusive,0,0,,No,0,
8e646a06-4136-4d0b-aad8-babe34edc731,PAVNA DIS/PLSR P. TAP,,PETROL TAP,PABJ126L,,0.00,200,Inclusive,0,Inclusive,0,1,,No,0,
f47befc2-491b-43c0-b091-fb30e7226cd7,PAVNA HF DLX N/M FUEL TNK CAP,,FUEL TANK CAP,A9867000P,,0.00,370,Inclusive,0,Inclusive,0,0,,No,0,
3a4b38aa-f5b8-4548-8ca5-dcfe5a69a020,PAVNA JUPITOR/WEGO FUEL TANK CAP,,FUEL TANK CAP,A1687000P,,0.00,450,Inclusive,0,Inclusive,0,2,,No,0,
7bf926bd-26f7-4615-a6b0-9bb72c652931,PAVNA NEW STAR FUEL TANK CAP,,FUEL TANK CAP,A9871000P,,0.00,350,Inclusive,0,Inclusive,0,1,,No,0,
e4a11d88-33fa-4d67-bf1e-e74fb53f8517,PAVNA PLN 125 2 WR,,IGNITION SWITCH BAJAJ,A8047R,,0.00,490,Inclusive,0,Inclusive,0,0,,No,0,
2d40aa4f-13e2-4415-8d80-ed8b17ccea61,PAVNA PLN BS4 FUEL TANK CAP,,FUEL TANK CAP,A9861000P,,0.00,470,Inclusive,0,Inclusive,0,1,,No,0,
f4d9979a-950a-440f-ae80-3d94d7328441,PAVNA SHINE /DREAM YUGA 2 WR,,IGNITION SWITCH HH,A9655,,0.00,400,Inclusive,0,Inclusive,0,1,,No,0,
7f90e596-d560-41b8-bf6a-1cef46ae795b,PAVNA SHINE OLD 2 WR,,IGNITION SWITCH HH,A9654,,0.00,370,Inclusive,0,Inclusive,0,1,,No,0,
ca1ea3ae-256b-4401-af65-300074b4cb38,PAVNA SPL LOCK KIT,,LOCK KIT HH,A0824R000P,,0.00,325,Inclusive,0,Inclusive,0,1,,No,0,
02c24f1e-5fdb-4ac9-9a7e-df20842cfc78,PAVNA STAR ALL P. TAP,,PETROL TAP,PASU333,,0.00,155,Inclusive,0,Inclusive,0,1,,No,0,
70997c7c-97f9-4bb7-ac26-cc8f941d01ce,PAVNA STAR CITY ALL 4 WR,,IGNITION SWITCH TVS,A7429,,0.00,290,Inclusive,0,Inclusive,0,1,,No,0,
5aa95afa-ddab-4bc0-b99a-3d18c51b6478,PAVNA STAR CITY /CENTRA ALL P. CAP,,PETROL TAP,PASU333L,,0.00,185,Inclusive,0,Inclusive,0,2,,No,0,
66dff443-f110-4f4e-a2cf-102e70e315a7,PAVNA STAR CITY KS 4 WR,,IGNITION SWITCH TVS,A7445,,0.00,290,Inclusive,0,Inclusive,0,0,,No,0,
11963ca9-3ea7-4430-830d-989e91bd7ac3,PAVNA STAR CITY NEW / JIVE ,,IGNITION SWITCH TVS,A9871,,0.00,350,Inclusive,0,Inclusive,0,2,,No,0,
958b99b5-fdd8-4baa-b3ae-5369a08f1dd1,PAVNA UNIVERSAL HELMET LOCK,,HELMET LOCK,P194K,,0.00,240,Inclusive,0,Inclusive,0,2,,No,0,
47d65841-d44d-42d2-9a2a-185185ffa614,PAVNA XL P. TAP ,,PETROL TAP,PASU330,,0.00,90,Inclusive,0,Inclusive,0,2,,No,0,
b7c8b378-ee27-48bb-9c9b-fcf9324e19ff,PAYEN UNICORN F P SET,,FULL PACKING SET ALL,626774896772,,0.00,121,Inclusive,0,Inclusive,0,1,,No,0,
482559a4-80dc-4ae7-af2c-f7e83fa2e116,PEHCHAN ACCESS B.SHOE,,BREAK SHOE HH/TVS,455786322388,,0.00,225,Inclusive,0,Inclusive,0,0,,No,0,
efe898e4-ac01-40a9-9525-fd36e4e382c7,PEP F.P.SET,,FULL PACKING SET ALL,660289118670,,0.00,180,Inclusive,0,Inclusive,0,1,,No,0,
a3db3c76-c1dd-496e-b280-28e5011d5e3e,PEP REAR BR CABLE,,BREAK CABLE MOPED,ASKTRB96,,0.00,220,Inclusive,0,Inclusive,0,4,,No,0,
9371569d-fd19-49bb-b60e-1fd48fe7752e,PERFECT JUPITOR LH ,,MIRROR MOPED,710900716104,,0.00,135,Inclusive,0,Inclusive,0,1,,No,0,
d5ac7694-dba9-4faf-87b4-b15e11c19d35,PINNACLE PSN PRO OLD BLK/BLUE,,VISOR HH,383386204679,,0.00,580,Inclusive,0,Inclusive,0,1,,No,0,
e9200264-c54c-4d3b-b258-a8d380458155,PLASTEEK CBZ RED/BLK TP,,TAIL PANEL HH,PLK299,,0.00,1034,Inclusive,0,Inclusive,0,1,,No,0,
5a159b48-5346-492f-9e96-75213a8b5323,PLASTEEK HF DLX BLK/RED TP,,TAIL PANEL HH,PLK500BP,,0.00,555,Inclusive,0,Inclusive,0,0,,No,0,
d93886b7-e5e2-4cdb-bb23-ec83ae997004,PLASTEEK PLN 125 3D BLK/RED TP,,TAIL PANEL BAJAJ,PLK322A,,0.00,744,Inclusive,0,Inclusive,0,1,,No,0,
8f83ac39-6211-4ef9-9536-c50b305d0d73,PLASTEEK PLN OLD BLK/SILVER TP,,TAIL PANEL BAJAJ,PLK147,,0.00,773,Inclusive,0,Inclusive,0,1,,No,0,
01b31c42-4568-450d-9689-85de035ece32,PLASTEEK PLN TOTAL RED TP,,TAIL PANEL BAJAJ,PLK147C,,0.00,773,Inclusive,0,Inclusive,0,1,,No,0,
0ac5f780-82f5-42cb-aee4-700ef32e9707,PLASTEEK SPL PLS BLK/BLUE TP,,TAIL PANEL HH,PLK116BP,,0.00,460,Inclusive,0,Inclusive,0,2,,No,0,
39eba07b-67d8-479c-8d38-e76e5b921ba7,PLASTEEK SPL PRO BLK/GREY TP,,TAIL PANEL HH,PLK239B,,0.00,480,Inclusive,0,Inclusive,0,2,,No,0,
bcdca7e7-1b61-4582-8538-7774913095a0,PLASTEK ACTIVA NEW  WHITE VISOR,,,PLK194E,,0.00,442,Inclusive,0,Inclusive,0,1,,No,0,
754f1ae8-feaf-49a1-8977-9624896c5e74,PLASTEK BOXER AT BLK/RED,,SIDE PANEL BOXER CALIBER 4S,PLK288,,0.00,774,Inclusive,0,Inclusive,0,1,,No,0,
9ff75d19-a3a1-46e3-9446-5fc3cc509947,PLASTEK CB SHINE BK/GRAY,,VISOR HH,PLK501,,0.00,994,Inclusive,0,Inclusive,0,1,,No,0,
3930947b-7ac3-4116-869b-0b34535d4ba0,PLASTEK CT 100N/M  BK/BLUE VISOR,,VISOR BAJAJ,PLK402A,,0.00,638,Inclusive,0,Inclusive,0,1,,No,0,
39141267-4dcd-413e-900f-3d37901d50d4,PLASTEK DIS 100 BLK/BLUE,,VISOR BAJAJ,PLK178A,,0.00,744,Inclusive,0,Inclusive,0,2,,No,0,
26707252-8997-4cf3-a029-41581413f3cb,PLASTEK DIS 125 3D BLK/RED,,SIDE PANEL DISCOVER,PLK321A,,0.00,739,Inclusive,0,Inclusive,0,1,,No,0,
1700a4a7-f977-423a-b461-8c2bf3413196,PLASTEK DIS OLD BLK/BLUE,,VISOR BAJAJ,PLK104A,,0.00,725,Inclusive,0,Inclusive,0,1,,No,0,
3361c26e-0507-4294-b84a-0a27417fdc52,PLASTEK PLN BS6 LED BLK/SILVER,,VISOR BAJAJ,PLK763,,0.00,706,Inclusive,0,Inclusive,0,1,,No,0,
d4e20221-76e1-4f5b-a878-83df2f47051a,PLASTEK PLN LED BLK/SILVER,,VISOR BAJAJ,PLK582,,0.00,605,Inclusive,0,Inclusive,0,0,,No,0,
5f924db0-d45b-42e1-8bf2-094d3d1385c4,PLASTEK PLN LED RED,,VISOR BAJAJ,PLK582A,,0.00,605,Inclusive,0,Inclusive,0,1,,No,0,
ce09adfd-c1a8-469f-b3e3-06b92a137c00,PLASTEK PSN /PSN+ SILVER MUDGARD,,MUDGUARD HH,PLK75D,,0.00,437,Inclusive,0,Inclusive,0,1,,No,0,
1bc672f5-887b-43d2-93bb-deb7ac7fbfa3,PLASTEK SHINE BK/RED VISOR,,VISOR HH,PLK673,,0.00,1152,Inclusive,0,Inclusive,0,1,,No,0,
78726969-4250-4506-b266-e15071c651ba,PLASTEK SHINE GREY RED VISOR,,VISOR HH,PLK601D,,0.00,994,Inclusive,0,Inclusive,0,2,,No,0,
da6a1825-ec06-46e3-80de-6c0519b301b6,PLASTEK  STAR CITY SIDE PANNEL,,,PLK405,,0.00,864,Inclusive,0,Inclusive,0,2,,No,0,
2a798f76-afd8-4a27-aa68-3ac27f875584,PLASTEK SUPER SPL BLK/MAJANTA ,,SIDE PANEL SPLENDOR,PLK145A,,0.00,749,Inclusive,0,Inclusive,0,1,,No,0,
d62bbff3-5e3a-41d1-99af-47ce23085266,PLASTEK SUP SPL BK/RED SIDE PANEL,,,PLKK145,,0.00,749,Inclusive,0,Inclusive,0,1,,No,0,
8ac5e862-8b34-444d-9d3e-86b7a0bd073a,PLASTTEK DIS 100 BK-RED TAIL PANEL,,TAIL PANEL BAJAJ,PLK199,,0.00,672,Inclusive,0,Inclusive,0,1,,No,0,
7ed021a1-75bb-418a-95ae-f59d9be14c4b,PLASTTEK DIS 112 BLACK ,,MUDGUARD BAJAJ,PLK82,,0.00,514,Inclusive,0,Inclusive,0,4,,No,0,
f26e97c0-dace-477c-9a4a-30b1a091870f,PLASTTEK DISC100 CHAIN COVER,,CHAIN COVER PVC,PCC013,,0.00,504,Inclusive,0,Inclusive,0,1,,No,0,
0ac679b2-e8ff-4632-98fb-a3b7607126bc,PLASTTEK HF DLX BK/RED  S PANEL,,SIDE PANEL HF DLX,PLK352A,,0.00,571,Inclusive,0,Inclusive,0,2,,No,0,
4915771e-6d88-48ce-aef9-3eaf680a8567,PLASTTEK HF DLX BS6 BK/RED TAIL PANAL,,TAIL PANEL HH,PLK731,,0.00,614,Inclusive,0,Inclusive,0,1,,No,0,
82f48318-f7f5-4ebc-8f1d-8515f0a258f1,PLASTTEK KRZM BLACK ,,MUDGUARD TVS,PLK23,,0.00,667,Inclusive,0,Inclusive,0,3,,No,0,
a1cf802f-e15e-46f6-ad7b-4d9c1497fb07,PLASTTEK PLN BLACK OLD MUDGUARD ,,MUDGUARD BAJAJ,PLK80BP,,0.00,428,Inclusive,0,Inclusive,0,2,,No,0,
93cfb8c1-9127-4cb5-9df4-bcadc0dbc3ff,PLASTTEK PLS UG8 150 RED STK ,,MUDGUARD BAJAJ,PLK607,,0.00,522,Inclusive,0,Inclusive,0,3,,No,0,
7fcb5981-2345-4fd9-8f73-4221f83088f1,PLASTTEK PSN PRO BK/BLUE VISOR,,VISOR HH,PLK169BP,,0.00,790,Inclusive,0,Inclusive,0,1,,No,0,
d5b27ddc-ef4a-4b00-87c9-2d44cdb401ca,plasttek side panel pln 100 es,,SIDE PANEL PLATINA,PLK577A,,0.00,720,Inclusive,0,Inclusive,0,1,,No,0,
671f3bf3-3345-4a09-9b51-40c83e38cddd,PLASTTEK SPL BLK/BLUE,,VISOR HH,PLK91ABP,,0.00,373,Inclusive,0,Inclusive,0,2,,No,0,
8f5e250d-c6b6-4f36-992e-bf0e092a6d56,PLASTTEK SPL PLUS  BLK SILVER  TAIL PANNEL,,,PLK141I,,0.00,480,Inclusive,0,Inclusive,0,1,,No,0,
8281b6f3-0ccf-4176-a9f5-8b300c17984f,PLASTTEK SPL PRO BLK/BLUE STICKER,,SIDE PANEL SPLENDOR,PLK238,,0.00,581,Inclusive,0,Inclusive,0,2,,No,0,
deda3b73-1946-4553-8056-b4f191fb6398,PLASTTEK SPL RED MUDGUARD ,,MUDGUARD HH,PLK73A,,0.00,437,Inclusive,0,Inclusive,0,2,,No,0,
9c487cbe-ae16-4133-9275-8bfc2b61ab0a,PLASTTEK SUPER SPL BLK/RED,,VISOR HH,PLK11,,0.00,710,Inclusive,0,Inclusive,0,0,,No,0,
106d551e-9e07-42c6-bce4-b432abefdd13,PLASTTEK UNICORN BLK,,VISOR HH,PLK195,,0.00,1104,Inclusive,0,Inclusive,0,2,,No,0,
fc65a727-824d-495d-abd6-6020443ca089,PLATINA BS6 INDICATO0R MINDA,,INDICATOR BAJAJ,TD5075,,0.00,205,Inclusive,0,Inclusive,0,4,,No,0,
35868483-7ce5-4196-b49f-76f868ab8997,PLATINUM 4S BOXR CLUTCH CABLE,,CLUTCH CABLE BAJAJ ALL,103C,,0.00,100,Inclusive,0,Inclusive,0,3,1.0,No,0,
28954839-be88-48e0-bd43-321ab4788615,PLATINUM 4S METER CABLE,TVS SUZUKI,METER CABLE BAJAJ,402-E,,0.00,134,Inclusive,0,Inclusive,0,1,1.0,No,0,
e4180f4e-8823-4a66-86a6-2f9becb1f04e,PLATINUM ACCESS FRO BREAK CABLE,,BREAK CABLE MOPED,419D,,0.00,188,Inclusive,0,Inclusive,0,1,,No,0,
78b989e0-6480-4b8d-a889-cf1a65220c0d,PLATINUM ACCESS METER CABLE,,METER CABLE MOPED ALL,419E,,0.00,150,Inclusive,0,Inclusive,0,2,1.0,No,0,
5989ff26-bb2f-4a5a-a975-8debff08b46d,PLATINUM ACCESS NEW ACC CABLE,,ACC CABLE TVS,423A,,0.00,184,Inclusive,0,Inclusive,0,2,,No,0,
740ba318-ad42-41fe-825c-e5a7174e7339,PLATINUM ACTIVA ACC CABLE,,ACC CABLE ALL MOPED,036A,,0.00,200,Inclusive,0,Inclusive,0,2,,No,0,
b4b1ed59-40e2-454f-869e-fed259988c8a,PLATINUM ACTIVA CHOKE CABLE,,CHOKE CABLE,037B,,0.00,112,Inclusive,0,Inclusive,0,0,,No,0,
34f04856-7174-426e-ad4c-031b2bc325ed,PLATINUM ACTIVA FRO COM LH BREAK CABLE,,BREAK CABLE MOPED,036D1,,0.00,176,Inclusive,0,Inclusive,0,4,,No,0,
bb981ada-b3f0-46fd-ab76-177c5b166a67,PLATINUM ACTIVA FRO COM RH BREK CABLE,,BREAK CABLE MOPED,036D2,,0.00,176,Inclusive,0,Inclusive,0,3,,No,0,
9b5f3f83-4c14-49a9-88c7-4f0cc57561cf,PLATINUM ACTIVA NEW FRO BREAK CABLE,,BREAK CABLE MOPED,036D,,0.00,146,Inclusive,0,Inclusive,0,4,,No,0,
7db93906-5fb7-4388-b569-16b780fc1fcc,PLATINUM CITY 110 CLUTCH CABLE,,CLUTCH CABLE TVS,407C,,0.00,133,Inclusive,0,Inclusive,0,0,1.0,No,0,
2e1793c0-a57d-4ac7-ba11-8bbf55f99c97,PLATINUM CRUX CLUTCH CABLE,,CLUTCH CABLE TVS,710C1,,0.00,147,Inclusive,0,Inclusive,0,1,1.0,No,0,
55aaadad-4ba5-4fd3-9a01-4dd9fadc1872,PLATINUM CRUX CLUTCH CABLE ,,CLUTCH CABLE TVS,710 C,,0.00,208,Inclusive,0,Inclusive,0,3,1.0,No,0,
52a8651c-142f-48d2-95aa-5a61a12aee7d,PLATINUM DIS 100 ACC CABLE,,ACC CABLE BAJAJ,124A,,0.00,146,Inclusive,0,Inclusive,0,2,1.0,No,0,
63577adb-c398-4cc4-b2fb-2fd3b1d16688,PLATINUM DIS 112 ACC CABLE,,ACC CABLE BAJAJ,DX191003,,0.00,170,Inclusive,0,Inclusive,0,0,1.0,No,0,
684af97f-3e40-47f1-a042-91d5a75e41cb,PLATINUM DIS 125 135 CHOKE CABLE,,CHOKE CABLE,117B,,0.00,80,Inclusive,0,Inclusive,0,5,,No,0,
19a36a2c-f749-4946-a11d-fd0f2270d647,PLATINUM DISC112 CLUTCH CABLE,,CLUTCH CABLE BAJAJ ALL,125C,,0.00,212,Inclusive,0,Inclusive,0,7,1.0,No,0,
ca9b5772-e5b8-422f-8e5f-88f9e2858832,PLATINUM DREAM YUGA CLUTCH CABLE,,CLUTCH CABLE H.H,306C,,0.00,140,Inclusive,0,Inclusive,0,2,1.0,No,0,
de5efc22-209a-4f48-8059-c69b386dd2cf,PLATINUM DREAM YUGA FRO BREAK CABLE,,BREAK CABLE HERO,306D,,0.00,143,Inclusive,0,Inclusive,0,5,,No,0,
eb055ad9-eeed-472e-9be0-2dad493a2891,PLATINUM DRTEAM YUGA METER CABLE,,METER CABLE HERO ALL,306E,,0.00,109,Inclusive,0,Inclusive,0,0,1.0,No,0,
f302b374-ec2f-4071-8ad7-547e5f9d79a2,PLATINUM FZ CLUTCH CABLE,,YAMAHA CLUTCH CABLE,714 C,,0.00,232,Inclusive,0,Inclusive,0,5,1.0,No,0,
54ad0829-5a23-48b4-9622-f50d9f275270,PLATINUM NEW PLN125 BREAK CABLE,,BAJAJ BREAK CABLE,127D,,0.00,154,Inclusive,0,Inclusive,0,2,1.0,No,0,
9c697e80-e36a-4834-bc3b-cd576c14b9df,PLATINUM PEP FRONT BREAK CABLE,,BREAK CABLE MOPED,C78D,,0.00,138,Inclusive,0,Inclusive,0,1,,No,0,
5536b959-888c-42db-90e6-45755ee8203b,PLATINUM PLN ES ACC CABLE,,ACC CABLE BAJAJ,833A,,0.00,146,Inclusive,0,Inclusive,0,1,1.0,No,0,
7d42cb44-044f-48b4-b595-aa977e1db278,PLATINUM PLN ES CLUTCH CABLE,,CLUTCH CABLE BAJAJ ALL,833C,,0.00,150,Inclusive,0,Inclusive,0,7,1.0,No,0,
53940079-7549-4e3a-bf4a-181ff0b4e42d,PLATINUM PLSR 150 CLUTCHCABLE,,CLUTCH CABLE BAJAJ ALL,110C,,0.00,112,Inclusive,0,Inclusive,0,1,1.0,No,0,
efea29a6-1701-43d7-9981-efdca711c64c,PLATINUM PLSR METER CABLE,ALL PLSR,METER CABLE BAJAJ,108E,,0.00,91,Inclusive,0,Inclusive,0,1,1.0,No,0,
496f2faf-ea02-4bea-8fef-df5d4252007b,PLATINUM SHINE FRO BREAK CABLE,,BREAK CABLE HERO,214D,,0.00,129,Inclusive,0,Inclusive,0,3,,No,0,
db96a5ba-7d35-4b19-85ec-13ee9698859e,PLATINUM SPL BS6 COM LH BREAK CABLE,,BREAK CABLE HERO,220DI,,0.00,1,Inclusive,0,Inclusive,0,280,,No,0,
910b6d3b-d745-470c-b047-3599e6a8ce05,PLATINUM SPL CLUTCH CABLE,,CLUTCH CABLE H.H,214C,,0.00,106,Inclusive,0,Inclusive,0,2,1.0,No,0,
83b6263b-e6cb-459e-9cba-4aa4cbea6307,PLATINUM SPL PSN ACC CABLE,,ACC CABLE HH,214A,,0.00,80,Inclusive,0,Inclusive,0,2,,No,0,
b4088b44-e236-42a6-a8b6-7c860f66b128,PLATINUM STAR 110 ACC CABLE,,ACC CABLE TVS,604A,,0.00,198,Inclusive,0,Inclusive,0,0,,No,0,
85284b67-7a52-4ad7-b766-eca36eeb6f2b,PLATINUM STAR110 METER CABLE,,METER CABLE TVS ALL,604E,,0.00,134,Inclusive,0,Inclusive,0,0,1.0,No,0,
47965df5-92d3-4d68-a0f2-c33df1247895,PLATINUM STAR CITY CHOKE CABLE,,CHOKE CABLE,407B,,0.00,79,Inclusive,0,Inclusive,0,1,,No,0,
5a48286d-4e60-405d-902b-09e607e7f8f9,PLATINUM STAR CITY CLUTCH CABLE,,CLUTCH CABLE TVS,827C,,0.00,158,Inclusive,0,Inclusive,0,1,1.0,No,0,
4db2d6b5-5feb-4f50-b223-fbd714a2bc9b,PLATINUM STAR CITY DLX ACC CABLE,,ACC CABLE TVS,407A,,0.00,93,Inclusive,0,Inclusive,0,2,,No,0,
be2f830d-8c90-4c24-b054-20b7eddb1a59,PLATINUM STAR CITY METER CABLE,,METER CABLE TVS ALL,409E,,0.00,98,Inclusive,0,Inclusive,0,5,1.0,No,0,
3f07b7da-6e30-4d24-81dd-c4b790970d21,PLATINUM STAR CLUTCH CABLE,,CLUTCH CABLE TVS,407 C,,0.00,166,Inclusive,0,Inclusive,0,1,1.0,No,0,
6b38e65a-a162-4014-b3ed-39475f5622b6,PLATINUM STAR METER CABLE,,METER CABLE TVS ALL,407E,,0.00,91,Inclusive,0,Inclusive,0,3,1.0,No,0,
85c3b7f1-d440-4e10-996a-052ae576d43e,PLATINUM STAR SPORT METER CABLE,,METER CABLE TVS ALL,408E,,0.00,98,Inclusive,0,Inclusive,0,4,1.0,No,0,
af348fdd-3686-40c8-a366-2edb143b6e4c,PLATINUM SUZUKI 4S METER CABLE,,METER CABLE TVS ALL,402E,,0.00,134,Inclusive,0,Inclusive,0,0,1.0,No,0,
d4b4a5a9-cf0d-4077-bd36-fa737562c561,PLATINUM SUZUKI CLUTCH CABLE,,CLUTCH CABLE SUZUKI,401C,,0.00,102,Inclusive,0,Inclusive,0,1,1.0,No,0,
588759e9-273f-4f2e-a1a4-c963048166b8,PLATINUM SUZUKI MAX 100  METER CABLE,,METER CABLE TVS ALL,103E,,0.00,91,Inclusive,0,Inclusive,0,3,1.0,No,0,
9c41f69f-f8e2-4751-a594-ef49fc15b5d1,PLATINUM SUZUKI OLD FRO BREAK CABLE,,BREAK CABLE TVS,401D,,0.00,104,Inclusive,0,Inclusive,0,1,,No,0,
e73777b0-2b1b-4928-ace5-5304b4c450e7,PLATINUM VICTOR CHOKR CABLE,,CHOKE CABLE,405B,,0.00,46,Inclusive,0,Inclusive,0,3,,No,0,
dee246fc-81aa-4a50-bdcd-79923dca54c9,PLATINUM WEGO JUPITOR CHOKE CABLE,,CHOKE CABLE,094B,,0.00,142,Inclusive,0,Inclusive,0,2,,No,0,
3ff51feb-72f7-4275-a18a-ec845a603fd6,PLATINUM XL100 ACC CABLE,,ACC CABLE ALL MOPED,084A,,0.00,104,Inclusive,0,Inclusive,0,2,,No,0,
d88fe83d-e88a-4063-9df1-0962ff096a3c,PLATINUM XL ACC CABLE,,ACC CABLE ALL MOPED,075A,,0.00,102,Inclusive,0,Inclusive,0,0,,No,0,
011fd5fc-6020-441c-bc1a-46afe77b0d6f,PLATINUM XL SUPER CHOKE CABLE,,CHOKE CABLE,075B,,0.00,90,Inclusive,0,Inclusive,0,3,,No,0,
cb53e342-4545-4f42-ad6b-91ce8341a484,PLATIUM DIS150 ACC CABLE,,ACC CABLE BAJAJ,119A,,0.00,100,Inclusive,0,Inclusive,0,0,1.0,No,0,
f421a7b6-278e-4676-b829-ad756e16395e,PLATO 4S BXR BREAKE PADEL,,BRAKE PEDAL ALL,P370,,0.00,291,Inclusive,0,Inclusive,0,6,,No,0,
fa0d00dc-9a82-4636-b643-3de8efefac68,PLATO ACCESS 125 KICK,,KICK ALL,P142,,0.00,298,Inclusive,0,Inclusive,0,2,,No,0,
ca70c5cd-965b-40f6-859b-3bc793698345,PLATO ACTVA O/M SAID STAND,,SIDE STAND TVS/HH/MOPED,P557,,0.00,132,Inclusive,0,Inclusive,0,4,,No,0,
f4333720-8af6-48c2-a9e3-2e36afa96be4,PLATO CALBER KICK,,KICK ALL,P003,,0.00,214,Inclusive,0,Inclusive,0,2,,No,0,
1dd75968-513d-4299-9c04-ff45fdfbcfe7,PLATO CD DELUX P.PRO GEAR SHAFT,,GEAR SHAFT ALL,P101,,0.00,252,Inclusive,0,Inclusive,0,2,,No,0,
b480c7f9-92ad-4c9e-8a39-10d77ead874b,PLATO CRUX GEAR LIVER,,GEAR LEVER TVS/HH,P204,,0.00,175,Inclusive,0,Inclusive,0,2,,No,0,
358f6389-3695-4399-a2a4-4ba6a10668cf,PLATO DIS100 GEAR LEVER,,GEAR LEVER BAJAJ,P031,,0.00,164,Inclusive,0,Inclusive,0,3,,No,0,
adc3d3fa-b43b-4e31-b473-f6e429a9e7dc,PLATO DIS 100 KICK ,,KICK ALL,P006,,0.00,319,Inclusive,0,Inclusive,0,1,,No,0,
b5a9686d-f77c-489d-9070-30b93a2c7048,PLATO DIS 100 SIDE STAND ,,SIDE STAND BAJAJ,P391,,0.00,142,Inclusive,0,Inclusive,0,3,,No,0,
51ce5f0c-96d0-49e0-8f06-c626e15d1916,PLATO DIS-100/XCD-135 GEAR LEVER,,GEAR SHAFT ALL,P-044,,0.00,249,Inclusive,0,Inclusive,0,1,,No,0,
8dbd38f6-8d85-4284-b101-8dc51cd7dc16,PLATO  DIS 112 FOOTREST ROD,,FOOTRACE ALL,P364,,0.00,491,Inclusive,0,Inclusive,0,1,,No,0,
ca759741-621f-458e-9de0-b4f3b0ff49a2,PLATO DIS 125/135 GEAR  LEVER,,GEAR SHAFT ALL,P035,,0.00,274,Inclusive,0,Inclusive,0,2,,No,0,
51500a87-065c-48fd-9e61-b54bd6aff6c8,PLATO DIS125 KICK,,KICK ALL,P013,,0.00,415,Inclusive,0,Inclusive,0,2,,No,0,
cb680def-3c04-4127-bd35-0ef76cc6bf36,PLATO DISC 112 BRAKE PADEL,,BRAKE PEDAL ALL,324533170030,,0.00,340,Inclusive,0,Inclusive,0,1,,No,0,
aab8b939-8203-462c-8945-862d9c0d0236,PLATO DISC 125/135 BRAKE PADEL,,BRAKE PEDAL ALL,P373,,0.00,262,Inclusive,0,Inclusive,0,2,,No,0,
584208df-09c8-416f-bf00-dc5a193e2e1f,PLATO DREAM YUGAGEAR SHAFT ,,GEAR SHAFT ALL,P2017,,0.00,398,Inclusive,0,Inclusive,0,3,,No,0,
2698005e-dce3-43c8-ab9e-a3446b2dea40,PLATO D YUGA SIDE STAND,,SIDE STAND TVS/HH/MOPED,P602,,0.00,144,Inclusive,0,Inclusive,0,5,,No,0,
79250636-bca9-42f0-a512-afa1a3a8c48a,PLATO  GEAR SHAFT 4S BOXER,,GEAR SHAFT ALL,P037,,0.00,220,Inclusive,0,Inclusive,0,1,,No,0,
1f50e00a-8f6c-48ae-ab6f-114943c4c497,PLATO KB4S MAIN STAND ,,MAIN STAND ALL,P700,,0.00,370,Inclusive,0,Inclusive,0,2,,No,0,
8534748a-bb6f-4972-9231-5409727c8d76,PLATO KICK LEVER,,KICK ALL,P249,,0.00,300,Inclusive,0,Inclusive,0,0,,No,0,
48730c0e-c114-419b-99f8-ea514d5f8f1a,PLATO PLESR S STAND,,SIDE STAND TVS/HH/MOPED,P450,,0.00,143,Inclusive,0,Inclusive,0,1,,No,0,
56064df4-40d8-4a0e-a4e4-45be0d04c64b,PLATO PLN 125/XCD FOOTRACE BAR,,FOOTRACE ALL,P361,,0.00,455,Inclusive,0,Inclusive,0,0,,No,0,
c939bc7c-7035-4f5a-8f2d-4231f1c45ab8,PLATO PLN BS6 GEAR LEVER,,GEAR LEVER BAJAJ,P15977,,0.00,450,Inclusive,0,Inclusive,0,1,,No,0,
c2e0d33e-fb81-42c2-93bd-29d605572329,PLATO PLN GEAR LEVER,,GEAR LEVER BAJAJ,P028,,0.00,150,Inclusive,0,Inclusive,0,7,,No,0,
35715088-d2c0-4333-afd7-9f98564cd017,PLATO PLN  GEAR SHAFT ,,GEAR SHAFT ALL,P038,,0.00,210,Inclusive,0,Inclusive,0,4,,No,0,
6fd98ed3-7765-4851-9ff8-e82ac92dc496,PLATO PLN KICK,,KICK ALL,P007,,0.00,342,Inclusive,0,Inclusive,0,6,,No,0,
0c55d52b-51bc-46c3-904f-7351b49afe4c,PLATO PLN SIDE STAND,,SIDE STAND BAJAJ,P393,,0.00,133,Inclusive,0,Inclusive,0,11,,No,0,
ba5b4fb1-4290-4c11-9f03-4f8c4041b699,PLATO PLS DTSI KICK,,KICK ALL,P008,,0.00,534,Inclusive,0,Inclusive,0,1,,No,0,
1ecb6551-d064-4725-b568-fb33943f6376,PLATO PUL 150 SIDE STAND ,,SIDE STAND BAJAJ,P400,,0.00,171,Inclusive,0,Inclusive,0,3,,No,0,
1ffd136c-f87d-43a1-ada9-0f7eee7df945,PLATO PUL NEW ,,SIDE STAND BAJAJ,P390,,0.00,169,Inclusive,0,Inclusive,0,2,,No,0,
8c5c92c6-cdeb-4a6b-94ed-a14949d6c30f,PLATO RX100 SIDE STAND,,SIDE STAND TVS/HH/MOPED,P530,,0.00,174,Inclusive,0,Inclusive,0,1,,No,0,
7dc65a54-c19e-412c-89b1-442b9b1a39ef,PLATO SHINE BLACK KICK,,KICK ALL,P245A,,0.00,465,Inclusive,0,Inclusive,0,3,,No,0,
eb5672b8-e1d9-49f6-9e26-19d6a26bc125,PLATO SHINE BREAK PADAL,,,P550,,0.00,273,Inclusive,0,Inclusive,0,1,,No,0,
d58db2bc-0c25-48ae-8032-fcb793d577f1,PLATO SHINE BREAK PADLE,,,P15945,,0.00,375,Inclusive,0,Inclusive,0,2,,No,0,
11440a83-7c0d-459b-8c42-0a9b446f8478,PLATO SHINE FOOTRACE ROD,,FOOTRACE ALL,P422,,0.00,295,Inclusive,0,Inclusive,0,1,,No,0,
4e03e35f-d1f4-40e0-be13-bc27b0d7c1cf,PLATO SIDE STAND SHINE UNICORN,,,P556,,0.00,145,Inclusive,0,Inclusive,0,7,,No,0,
45972cc8-f70c-4bad-91dd-d188a11be339,PLATO SPL BRAKE PADAL,,BRAKE PEDAL ALL,P429,,0.00,285,Inclusive,0,Inclusive,0,7,,No,0,
f53c0e85-ed8a-4654-acda-e9045b3ffcf3,PLATO SPL GEAR LEVER,,GEAR LEVER TVS/HH,P94,,0.00,161,Inclusive,0,Inclusive,0,5,,No,0,
2ddb547f-02c3-4b27-9070-df041a62b7ca,PLATO SPL GEAR LIVER,,GEAR LEVER TVS/HH,PLATO94,,0.00,161,Inclusive,0,Inclusive,0,1,,No,0,
b85a002f-45e5-48af-96f8-6a38b83cbd6f,PLATO SPL GEAR SHAFT ,,GEAR SHAFT ALL,P102,,0.00,256,Inclusive,0,Inclusive,0,6,,No,0,
512d542a-75eb-4e76-a2d9-abf8643309a5,PLATO SPL KICK,,KICK ALL,P070,,0.00,287,Inclusive,0,Inclusive,0,4,,No,0,
f1557b87-6d43-4dd4-8884-2e2049f0ac91,PLATO SPL SIDE STAND ,,SIDE STAND TVS/HH/MOPED,P445,,0.00,147,Inclusive,0,Inclusive,0,5,,No,0,
baac1ef1-fb07-4e20-8471-e906fa4ae017,PLATO SS BRAKE PADEL,,BRAKE PEDAL ALL,P428,,0.00,207,Inclusive,0,Inclusive,0,3,,No,0,
e0365b1f-3568-4a07-8b0e-dc0a6e160947,PLATO SS FOOTRACE BAR,,FOOTRACE ALL,P420,,0.00,305,Inclusive,0,Inclusive,0,1,,No,0,
7fde6eb9-d39b-407c-acd1-481d117a6b90,PLATO STAR 110 GEAR LEVER,,,P157A,,0.00,167,Inclusive,0,Inclusive,0,6,,No,0,
020488dc-bc71-40d4-9d89-ac221972861d,PLATO STAR CITY BRAKE PADEL,,BRAKE PEDAL ALL,P481,,0.00,273,Inclusive,0,Inclusive,0,3,,No,0,
81f2f18f-e896-4a7c-a364-a2cdbd7bfed5,PLATO STAR CITY FOOTRACE BAR,,FOOTRACE ALL,P472,,0.00,325,Inclusive,0,Inclusive,0,3,,No,0,
45fb12e2-7fbf-4014-bffd-a81c630d9c93,PLATO STAR CITY GEAR LEVER,,,P156,,0.00,167,Inclusive,0,Inclusive,0,4,,No,0,
62550fd2-ccbe-41d7-bb02-54498ea1e0d7,PLATO STAR CITY KICK,,KICK ALL,P134,,0.00,421,Inclusive,0,Inclusive,0,4,,No,0,
6ca743e6-ba6d-412d-ab3f-c218cf9aa763,PLATO STAR CITY PLUS 110 FOOTRACE BAR,,FOOTRACE ALL,P15069,,0.00,375,Inclusive,0,Inclusive,0,6,,No,0,
2d40ee9a-6f02-4870-aa19-20aff0f932bc,PLATO STAR CITY PLUS BRAKE PADEL,,BRAKE PEDAL ALL,P10220,,0.00,308,Inclusive,0,Inclusive,0,3,,No,0,
d865882a-0fba-4353-a8f8-34d7e853766b,PLATO STAR CITY PLUS  GEAR LEVER ,,GEAR LEVER TVS/HH,P6800,,0.00,175,Inclusive,0,Inclusive,0,8,,No,0,
8566a044-95b6-4a34-a607-172f41dc6b87,PLATO STAR CITY SIDE STAND,,SIDE STAND TVS/HH/MOPED,P494,,0.00,137,Inclusive,0,Inclusive,0,5,,No,0,
20e1f04e-c3a2-4eb3-bffa-c6eac13d9f6a,PLATO STAR CITY/SPORT GEAR SHIFT,,GEAR SHAFT ALL,P167,,0.00,256,Inclusive,0,Inclusive,0,3,,No,0,
efcb75f2-f5fa-4f3f-be36-7f2cec50adfc,PLATO STAR/VICTOR FOOTRACE BAR,,FOOTRACE ALL,P15988,,0.00,451,Inclusive,0,Inclusive,0,2,,No,0,
47dca2fe-0a93-4f3c-a320-b98cda943586,PLATO SUPER SPL KICK,,KICK ALL,P073,,0.00,538,Inclusive,0,Inclusive,0,2,,No,0,
e712d9e2-88aa-4962-aeaf-aefb07372b7a,PLATO SUZUKI  SIDE STAND ,,SIDE STAND TVS/HH/MOPED,P490,,0.00,129,Inclusive,0,Inclusive,0,3,,No,0,
82cf0121-be1b-4761-b8f6-efce3da3756f,PLATO VICTOR BRAKE PADEL,,BRAKE PEDAL ALL,P483,,0.00,273,Inclusive,0,Inclusive,0,3,,No,0,
19207d90-4dc2-4557-9f0d-c092dfca7e96,PLATOVICTOR GL GEAR LEVER,,GEAR LEVER TVS/HH,P157,,0.00,167,Inclusive,0,Inclusive,0,4,,No,0,
4575d73c-2679-4676-8241-581cc117f93c,PLATO VICTOR KICK,,KICK ALL,P133,,0.00,421,Inclusive,0,Inclusive,0,2,,No,0,
c6e84e8c-8393-409b-958a-7a1a54c780cd,PLATO XL 100 SIDE STAND,,SIDE STAND TVS/HH/MOPED,P15955,,0.00,130,Inclusive,0,Inclusive,0,2,,No,0,
21745277-6613-49f6-ac48-44dcd86c6314,PLEASURE M STAND,,MAIN STAND ALL,953999576758,,0.00,670,Inclusive,0,Inclusive,0,1,,No,0,
27c71f79-c224-4aaa-ad50-bb61dfe5bde3,PLN BLACK CHAIN COVER BAJAJ,,CHAIN COVER METEL,36DZ0001,,0.00,948,Inclusive,0,Inclusive,0,1,,No,0,
d003803d-b52d-4fbe-a4d5-7b4dd2b250cc,PLN BS6 TAIL LAMP ASSY.,,,TL6216M,,0.00,278,Inclusive,0,Inclusive,0,3,,No,0,
f30efe90-f19a-4980-892b-2d00dcd2d963,PLN COMFORT ENDURANCE,,SHOCK PIPE FRONT BAJAJ,F20205005M,,0.00,771,Inclusive,0,Inclusive,0,7,,No,0,
0bfd1442-6516-4ce0-8040-95a9f1d00b17,PLN  CT100 HALF PACKING SET,,HALF PACKING SET BAJAJ,440428645921,,0.00,60,Inclusive,0,Inclusive,0,3,,No,0,
02377d7f-10c6-4996-a65a-ade615b93612,PLN LED BLK/RED,,VISOR BAJAJ,141297431152,,0.00,335,Inclusive,0,Inclusive,0,1,,No,0,
6de6c857-5146-47b0-b6c7-cd0b102fc871,PLN SILVER ,,VISOR BAJAJ,906458943049,,0.00,666,Inclusive,0,Inclusive,0,1,,No,0,
5b291f99-3af8-4aee-8961-65ab13c8fad0,PLS135/150 2017 MODEL HANDLE BAR SWITCH LEFT ,,HANDLE BAR SWITCH LH BAJAJ,SW0647C,,0.00,593,Inclusive,0,Inclusive,0,1,,No,0,
497d1e22-d197-4377-b86d-5d4d9c6aaef7,PLS 150 BS4 CDI ,,CDI COIL BAJAJ,52113,,0.00,1193,Inclusive,0,Inclusive,0,2,,No,0,
016c31fd-c262-45ea-bb3a-1a70b5f213e2,PLSR DRUM RUBBER,,DRUM RUBBER ALL,34395665141,,0.00,100,Inclusive,0,Inclusive,0,0,,No,0,
e871e447-e38f-49f0-ad40-d3777adc30f1,PLS UG3 H.L ASSY MINDA,,HEAD LIGHT BAJAJ,HL5200M,,0.00,955,Inclusive,0,Inclusive,0,2,,No,0,
76670b46-ce5a-48af-a25a-528a96fec6b9,POWER CBZ B.SHOE ,,BREAK SHOE HH/TVS,NAPBS005,,0.00,190,Inclusive,0,Inclusive,0,4,,No,0,
024a32ee-69bc-43e5-8c0f-70784458273b,POWER DIS 100  DTSI 4G CDI,,CDI COIL BAJAJ,CDI035,,0.00,899,Inclusive,0,Inclusive,0,1,,No,0,
229dada6-313f-480e-a2ed-e0af97081486,POWER HF DLX/SPL PRO HT COIL,,H.T.COIL ALL,POWER521,,0.00,261,Inclusive,0,Inclusive,0,2,,No,0,
dd4519bf-4be9-4aee-9993-490131c4dc2f,POWER PLEASURE B.SHOE,,BREAK SHOE HH/TVS,NAPBS038,,0.00,220,Inclusive,0,Inclusive,0,3,,No,0,
11730bcc-d683-4cb1-b6b7-7d91585567be,POWER SHINE HT COIL,,H.T.COIL ALL,ICA609,,0.00,286,Inclusive,0,Inclusive,0,1,,No,0,
71cf3ef2-e637-41a8-940d-b03b9292899a,POWER SPL POR  HT COIL,,H.T.COIL ALL,ICA521,,0.00,300,Inclusive,0,Inclusive,0,3,,No,0,
b7c6f031-e59d-4d99-a788-18c2a3f979de,POWER SPL/Y2K HT COIL ,,H.T.COIL ALL,IGC116,,0.00,251,Inclusive,0,Inclusive,0,1,,No,0,
20714bd9-49e5-4091-8402-8d2ed58c1ad2,POWER STAR CITY 110 CDI COIL,,CDI TVS,CDI013,,0.00,620,Inclusive,0,Inclusive,0,1,,No,0,
615e0366-9220-470c-abc9-00828ea0461e,POWER STAR CITY 110 MAG. COIL,,MAGNET COIL ASSY TVS,SAS027,,0.00,630,Inclusive,0,Inclusive,0,1,,No,0,
de1287bc-83fb-4412-b682-4c6678d325ea,POWER STAR CITY PRESSURE PLATE,,PRESSURE PLATE HH/TVS,03401FG,,0.00,132,Inclusive,0,Inclusive,0,3,,No,0,
9283718a-6f81-4d93-bc40-274e2b3ead6a,POWER STAR SPORT ES 8 POLE MAG. COIL,,MAGNET COIL ASSY BAJAJ,SAS052,,0.00,752,Inclusive,0,Inclusive,0,1,,No,0,
4b00f852-02db-45eb-8d8a-a98b89178d0a,POWER UNICORN HT COIL,,H.T.COIL ALL,POWER610,,0.00,252,Inclusive,0,Inclusive,0,1,,No,0,
e7a2040d-047b-45d0-8c5b-7319ab799abb,POWER VICTOR GLX RR UNIT,,RR UNIT TVS,RRU005,,0.00,380,Inclusive,0,Inclusive,0,2,,No,0,
e3cd2cd5-8f4b-4b1e-807d-c59b608a5a9c,POWER XL SUPER FOOTRACE BAR,,FOOTRACE ALL,2831346651,,0.00,363,Inclusive,0,Inclusive,0,0,,No,0,
abc090ee-1358-4394-a62d-bb86937668e4,PRESSURE PLATE BAJAJ PLN BS6,,PRESSURE PLATE BAJAJ,36JZ0199,,0.00,135,Inclusive,0,Inclusive,0,5,,No,0,
a4a57f6d-659b-4625-b701-766e2d4c3564,PRICOI  SHINE HEAD LIGHT,,HEAD LIGHT HH,214651464318,,0.00,580,Inclusive,0,Inclusive,0,2,,No,0,
5e81a4f7-ed97-49df-8387-66685158957c,PRICOL 4S OIL PUMP,,OIL PUMP BAJAJ STAR,PRI8503,,0.00,167,Inclusive,0,Inclusive,0,1,,No,0,
3054406a-4730-49e3-8d6a-4e95b2dad50f,PRICOL ACCESS 125 P. TAP,,PETROL TAP,10151,,0.00,453,Inclusive,0,Inclusive,0,4,,No,0,
6c93316f-2b7f-4634-91fc-1d416e239c7f,PRICOL ACCESS  OIL PUMP,,OIL PUMP HH,10149,,0.00,355,Inclusive,0,Inclusive,0,2,,No,0,
19f1595e-f0a8-4d46-9ec9-9a7cc143125d,PRICOL BOXER/4.S METER ASSLY ,,METER ASSLY ALL,P5546,,0.00,1038,Inclusive,0,Inclusive,0,1,,No,0,
972c6f7e-4445-4e3b-b7c5-8207150a1877,PRICOL CD 100/S.S METER ASSLY ,,METER ASSLY ALL,P5703,,0.00,901,Inclusive,0,Inclusive,0,1,,No,0,
f216bdee-01c9-435f-a162-6c35fdf215fc,PRICOL CT100 METER ASSY,,METER ASSLY ALL,5719,,0.00,1527,Inclusive,0,Inclusive,0,1,,No,0,
d5ada207-47d7-4aef-86b2-41efc018f9ee,PRICOLDIS 100 [9 PIN] METER ASSLY ,,METER ASSLY ALL,P5829,,0.00,1783,Inclusive,0,Inclusive,0,1,,No,0,
bb243235-3c89-4a3c-8363-d3361d5ce16b,PRICOL DIS 100 METER ASSLY ,,METER ASSLY ALL,P5732,,0.00,1368,Inclusive,0,Inclusive,0,1,,No,0,
819569e5-8878-466f-bcbb-5b51008523ff,PRICOL DISC 100 OIL PUMP,,OIL PUMP BAJAJ STAR,PRI10163,,0.00,251,Inclusive,0,Inclusive,0,3,,No,0,
6547ee1c-ff08-401d-b125-06a02819b1b7,PRICOL DIS METER MACHNIE ,,METER ASSLY ALL,P7698,,0.00,660,Inclusive,0,Inclusive,0,1,,No,0,
53bdf13f-ccc7-46dc-93b1-ca7a8ec4b88d,PRICOL PLN 100 METER ASSY,,METER ASSLY ALL,70596,,0.00,1668,Inclusive,0,Inclusive,0,0,,No,0,
56ec00a0-b3f2-42f7-8872-9ff40382b5cc,PRICOL PLN METER ASSY,,METER ASSLY ALL,PRICOL5774,,0.00,1542,Inclusive,0,Inclusive,0,1,,No,0,
4a301fda-b274-40a7-9700-b53e45c419fa,PRICOL PLN METER MACHINE,,METER ASSLY ALL,P7717,,0.00,617,Inclusive,0,Inclusive,0,1,,No,0,
1538e6a3-d34a-4fc9-aa4d-bddf38563837,PRICOL PLS METER ASSLY,,,5863,,0.00,3421,Inclusive,0,Inclusive,0,1,,No,0,
828dc3dd-90fb-4c4d-8cde-88e2c49cf8a9,PRICOL PLSR  ACTIOA  OIL PUMP,,OIL PUMP HH,8625,,0.00,163,Inclusive,0,Inclusive,0,3,,No,0,
140779ea-8894-4693-a060-cdabd1fc1178,PRICOL SHINE OIL PUMP,,OIL PUMP HH,8626,,0.00,206,Inclusive,0,Inclusive,0,3,,No,0,
fc434bcb-6537-44ec-a44b-38b48e4a4281,PRICOL SPL METER ASSLY ,,METER ASSLY ALL,P5841,,0.00,1528,Inclusive,0,Inclusive,0,1,,No,0,
ea7714a8-3027-4782-b75c-b7fb88be3432,PRICOL SPL NEW METER MACHINE,,METER ASSLY ALL,P70786,,0.00,501,Inclusive,0,Inclusive,0,2,,No,0,
769925e6-f4bd-46ba-93c1-f73b756197d9,PRICOL SPL OIL PUMP,,OIL PUMP HH,8506,,0.00,298,Inclusive,0,Inclusive,0,2,,No,0,
6f27e7f1-474f-42c8-85a3-e7d2938f38b1,PRICOL STAR OIL PUMP,,OIL PUMP BAJAJ STAR,PRI70624,,0.00,420,Inclusive,0,Inclusive,0,2,,No,0,
7748e643-5888-40ec-ac35-25461d0cd35a,PRICOL STAR PLUS METER ASSLY=======================,,,71002,,0.00,2319,Inclusive,0,Inclusive,0,1,,No,0,
5272c601-efb3-49cb-8e2f-2f6247e6cfcb,PSN PLUS BK/BLUE,,TAIL PANEL HH,ST1261,,0.00,690,Inclusive,0,Inclusive,0,3,,No,0,
5c41a54e-a8cc-4b97-ac46-b45a99ff0705,PSN PRO DRUM RUBBER,,DRUM RUBBER ALL,945487529765,,0.00,70,Inclusive,0,Inclusive,0,0,,No,0,
fe155cbf-96ce-4d22-9333-c716e866084b,PSN PRO H.L ASSY MINDA,,HEAD LIGHT HH,HL5272M,,0.00,467,Inclusive,0,Inclusive,0,0,,No,0,
5d0f21e6-f1bc-4a48-a244-b3c257080b1b,PSN PRO INDICATOR MINDA,,,TD5070,,0.00,148,Inclusive,0,Inclusive,0,4,,No,0,
4ad9bb3c-177d-4f41-a0e3-4103e7649f23,PSN R.MUD,,REAR MUDGUARD FIBRE ALL,22853711320,,0.00,560,Inclusive,0,Inclusive,0,1,,No,0,
f1f2fb78-f9a2-4729-bfd1-c6ecde18cf36,R1 HORN,,HORN ALL,868251404484,,0.00,158,Inclusive,0,Inclusive,0,1,,No,0,
c0d181e6-de68-4008-8c5f-3565c99cfd72,R1 PLN VALVE KIT ,,VALVE KIT BAJAJ,537741624427,,0.00,331,Inclusive,0,Inclusive,0,1,,No,0,
e85dd4b4-5959-4725-bbab-40c476312c1a,RAJAT STAR CITY C C PAK,,CLUTCH PACKING ALL,356659231253,,0.00,35,Inclusive,0,Inclusive,0,0,,No,0,
8d6382f9-2ca1-4305-8574-faa77b9b5c28,RAMSONS UNICORN CLUTCH CABLE,,CLUTCH CABLE H.H,2HM07CC,,0.00,128,Inclusive,0,Inclusive,0,2,1.0,No,0,
a6852514-891b-4393-8de9-a37dfa81b36e,REAR VIEW MIRROR ACTIVA BK,,MIRROR MOPED,RV4001LD,,0.00,110,Inclusive,0,Inclusive,0,10,,No,0,
2bffb476-beb4-46a7-94c2-42ef6e60888d,REDLINK BOXER 4S BREAKE  PADEL,,BRAKE PEDAL ALL,BP008,,0.00,330,Inclusive,0,Inclusive,0,1,,No,0,
e6928a7b-55da-470f-a94c-cc989ca54753,RED LINK DIS 100 SIDE STAND,,SIDE STAND BAJAJ,SS014,,0.00,140,Inclusive,0,Inclusive,0,0,,No,0,
c20d63e6-9157-481f-b1da-68b1aa705ce1,RED LINK DREAM YUGA BRAKE PADEL,,BRAKE PEDAL ALL,BP049,,0.00,278,Inclusive,0,Inclusive,0,1,,No,0,
4a460568-2669-4125-9b2e-55e717f66e37,RED LINK  HH SS SIDE STAND,,SIDE STAND TVS/HH/MOPED,SS018,,0.00,159,Inclusive,0,Inclusive,0,1,,No,0,
65bf471a-4d0e-4d99-9273-4f2a9ee03e45,RED LINK PLN OLD BRAKE PADEL,,BRAKE PEDAL ALL,BP009,,0.00,261,Inclusive,0,Inclusive,0,1,,No,0,
e98322b4-f473-4c19-993e-46324014acec,RED LINK SHINE FOOTRACE ,,FOOTRACE ALL,FRR018,,0.00,322,Inclusive,0,Inclusive,0,1,,No,0,
67dbb7cd-680e-4bcd-9132-0935a226c34d,RED LINK SHINE GEAR LIVER,,GEAR LEVER TVS/HH,GL030,,0.00,185,Inclusive,0,Inclusive,0,4,,No,0,
efe4e897-9fd4-47e2-aee8-e65d8ddb8ebe,REDLINK SPL SIDE STAND,,SIDE STAND TVS/HH/MOPED,SS019A,,0.00,158,Inclusive,0,Inclusive,0,0,,No,0,
e9d0e377-5384-4df4-b526-d1b97bb6cb18,RED LINK SS BRAKE PADEL,,BRAKE PEDAL ALL,952416930729,,0.00,185,Inclusive,0,Inclusive,0,2,,No,0,
68afef91-5d7e-4ff7-9a28-1994c4fc2466,RED LINK STAR CITY FOOTRACE BAR,,FOOTRACE ALL,881970452059,,0.00,452,Inclusive,0,Inclusive,0,2,,No,0,
2d831c24-0beb-4fd6-8f96-fdfb45925b7c,RED LINK STAR SPORT BRAKE PADEL,,BRAKE PEDAL ALL,382161158429,,0.00,330,Inclusive,0,Inclusive,0,1,,No,0,
f8591e7c-f68f-44bf-ae71-a610fca93fbe,RED STAR CITY PLUS GEAR LEVER,,GEAR LEVER TVS/HH,GL020A,,0.00,282,Inclusive,0,Inclusive,0,-1,,No,0,
59b84b8d-c355-4a2c-b0f1-7a80512b7267,REMSONS ACTIVA I REAR BREAK CABLE,,BREAK CABLE MOPED,2HM08RB,,0.00,200,Inclusive,0,Inclusive,0,3,,No,0,
fce935f5-1df5-493a-8f9d-72201f82929e,REMSONS ALL BAJAJ BREAK CABLE,,BAJAJ BREAK CABLE,2BAD3FB,,0.00,124,Inclusive,0,Inclusive,0,1,1.0,No,0,
79c58d0d-960b-4b5d-b916-3633829b6995,RICO SPL CLITCH PLATE ASSY,,CLUTCH PLATES HERO,MAHM114,,0.00,924,Inclusive,0,Inclusive,0,2,,No,0,
6c55d6b7-0aac-423f-891e-1c70e3d0e8d3,RICO SPL CLUTCH PLATE,,CLUTCH PLATES HERO,AMHM100,,0.00,230,Inclusive,0,Inclusive,0,2,,No,0,
1fddbdbf-f3e8-4ff1-a2d6-9046579274c3,RINDER U MINDA CT 100 HEAD LIGHT,,HEAD LIGHT BAJAJ,RB016HLA,,0.00,745,Inclusive,0,Inclusive,0,1,,No,0,
4e1a5990-ded2-4685-86e4-3384353b8a09,RMP ACCESS 125 STEER CON SET,,STEERING CONE SET,RT1073WC,,0.00,352,Inclusive,0,Inclusive,0,1,,No,0,
8ff8bf76-0b48-4f95-8a73-ac4a22b4265d,RMP SCOOTY PEP STEERING CONE SET,,STEERING CONE SET,RT1064,,0.00,346,Inclusive,0,Inclusive,0,2,,No,0,
16d7d88a-2c53-4d20-8665-d1ce817c2261,RMP SHINE UNICORN ROCKER SET,,,RT3043,,0.00,498,Inclusive,0,Inclusive,0,2,,No,0,
83915f70-d695-4042-8801-90216c20023c,RMT ACCESS NEW STEER CONE SET,,STEERING CONE SET,RT1075,,0.00,373,Inclusive,0,Inclusive,0,3,,No,0,
27382d5d-bfd4-4e2c-87f1-95a3af22e0db,RN STAR S STAND,,SIDE STAND TVS/HH/MOPED,58835109550,,0.00,110,Inclusive,0,Inclusive,0,1,,No,0,
2fd40244-a284-431e-9332-cf4eeb34767c,ROCKER  SPL/PSN/CD100,,ROCKER,520AM00414,,0.00,198,Inclusive,0,Inclusive,0,1,,No,0,
959a770d-0726-45da-9a5c-0ca3721307df,ROLAR COMP CAM CHAIN,BIG ROLLER OE HERO,ROLLER HH,14610086000RS,,0.00,90,Inclusive,0,Inclusive,0,4,1.0,No,0,
4852e402-b936-417d-a3fb-e03506d27a4e,ROLLER CAM CHAIN TENSIONAR,OE HERO CHAIN TENSIONER,ROLLER HH,14502086000RS,,0.00,75,Inclusive,0,Inclusive,0,4,1.0,No,0,
02e4a6d4-ef8e-4a60-9c4a-184c69f393e4,ROLLON ACTIVA PLEASURE TIMING CHAIN,,TIMING CHAIN HH,B25HSBSD86-2,,0.00,134,Inclusive,0,Inclusive,0,1,,No,0,
62b63657-b5af-4aec-bf5f-33de235fcca0,ROLLON PHOENIX 125 CHAIN SPOKET,,,KITBS191,,0.00,911,Inclusive,0,Inclusive,0,1,,No,0,
8872b88c-8183-4daf-8083-6df81ac9a44f,ROLLON SHINE 125 BS4 HD CHAIN KIT,,CHAIN SPROCKET HERO,BS172SG,,0.00,1118,Inclusive,0,Inclusive,0,2,,No,0,
de530cdc-8c89-4ec8-9faf-4714f00c6d51,ROLON BOXER TIMING CHAIN ,,TIMING CHAIN BAJAJ,B25HSCSD882,,0.00,141,Inclusive,0,Inclusive,0,5,,No,0,
0d412822-00d1-4f0d-907f-2d98951c8e02,ROLON BXR CHAMPION 13/44 CHAIN SPO,,CHAIN SPOCKET BAJAJ,KITRGC08,,0.00,985,Inclusive,0,Inclusive,0,4,,No,0,
3840ccd3-5874-4bd3-84a4-cdb642ba3051,ROLON CB SHINE 14/41 CHAIN KIT,,CHAIN SPROCKET HERO,KITBS97,,0.00,957,Inclusive,0,Inclusive,0,2,,No,0,
5b54e9e5-7dc7-4ef7-87d9-3942b6e777b8,ROLON CBZ 14/43 CHAIN KIT,,CHAIN SPROCKET HERO,CSBKITF122,,0.00,981,Inclusive,0,Inclusive,0,2,,No,0,
3443536e-cbec-40c7-a6f9-2a782c344f31,ROLON CD100SS 14/44 CHAIN KIT ,,CHAIN SPROCKET HERO,CSBKITF05,,0.00,721,Inclusive,0,Inclusive,0,3,,No,0,
7bd83b48-24bf-460c-b3f6-dff7b10d93cb,ROLON CD DAWN 14/42 CHAIN KIT ,,CHAIN SPROCKET HERO,CSBKITF40,,0.00,670,Inclusive,0,Inclusive,0,4,,No,0,
a8102308-f660-45d0-9cfd-12b16113d536,ROLON CLBR 115 13/43 CHAIN SPO 6HOLE,,CHAIN SPOCKET BAJAJ,KITRG64,,0.00,988,Inclusive,0,Inclusive,0,2,,No,0,
62935306-28e8-4644-b2e7-fcdc7b6160b2,ROLON CLBR OLD 13/44 CHAIN SPO,,CHAIN SPOCKET BAJAJ,KITRG27,,0.00,1017,Inclusive,0,Inclusive,0,2,,No,0,
440de653-f38e-4ac1-9f1e-4b8b53c3e53b,ROLON CRUX 14/42 CHAIN KIT,,CHAIN SPROCKET TVS,CSBKITF46,,0.00,987,Inclusive,0,Inclusive,0,1,,No,0,
5604d7c7-aa0c-4927-934b-73f2980dd02c,ROLON CT100 BXR 13/47 CHAIN SPO,,CHAIN SPOCKET BAJAJ,KITRG52,,0.00,1023,Inclusive,0,Inclusive,0,3,,No,0,
07831901-f5fc-4ed3-9145-5993965bd475,"ROLON CT100 BXR CT ,AR 13/46 CHAIN SPO",,CHAIN SPOCKET BAJAJ,KITRG52A,,0.00,919,Inclusive,0,Inclusive,0,1,,No,0,
e039e9e9-4ad8-4ccf-aa76-ebf589300d46,ROLON CT100 DLX 13/47 4 HOLE CHAIN SPO,,CHAIN SPOCKET BAJAJ,KITRG96A,,0.00,1055,Inclusive,0,Inclusive,0,4,,No,0,
607d7937-4bf7-4bd1-8bde-6a4852b57513,ROLON CT100 DLX NEW 14/42 CHAIN SPO,,CHAIN SPOCKET BAJAJ,KITRG95,,0.00,930,Inclusive,0,Inclusive,0,7,,No,0,
240b31ae-8028-4c39-94bc-5a44408f234a,ROLON CT100 ES 14/43 CHAIN SPO,,CHAIN SPOCKET BAJAJ,CSBKITF260,,0.00,994,Inclusive,0,Inclusive,0,4,,No,0,
99ca53ad-8b81-4ae5-94e4-0f8fb7f64b8b,ROLON CT110 14/41 CHAIN SPO ,,CHAIN SPOCKET BAJAJ,CSBKITF360,,0.00,988,Inclusive,0,Inclusive,0,3,,No,0,
8d9e3df3-3365-41b2-81e8-3a988c54ba36,ROLON  CT110 CHAIN KIT,,CHAIN SPOCKET BAJAJ,KIT F381,,0.00,1087,Inclusive,0,Inclusive,0,3,,No,0,
bb3b66d9-e327-448a-8173-9a0e68a08df7,ROLON CT110 CHAIN KIT,,CHAIN SPOCKET BAJAJ,KITF335,,0.00,1014,Inclusive,0,Inclusive,0,3,,No,0,
98aa8015-ed5e-4d9d-9ecb-3e296f9529cb,ROLON DIS 100 DTSI 14/42 CHAIN SPO ,,CHAIN SPOCKET BAJAJ,KITBS149,,0.00,890,Inclusive,0,Inclusive,0,8,,No,0,
6d7dfbaf-ab0d-4c79-9e80-361a51c84ff3,ROLON DIS 100 M 14/42 CHAIN SPO,,CHAIN SPOCKET BAJAJ,CSBKITF365SG,,0.00,946,Inclusive,0,Inclusive,0,1,,No,0,
8e9e8791-5c1e-4c12-823b-98a1dcadec03,"ROLON DIS 100M, PN ES 14/42 CHAI SPO",,CHAIN SPOCKET BAJAJ,KITBS205,,0.00,948,Inclusive,0,Inclusive,0,5,,No,0,
d1fb159a-4165-46b3-be7d-ea7c520e3659,ROLON DIS 110 14/42 CHAIN SPO,,CHAIN SPOCKET BAJAJ,KITRG88,,0.00,944,Inclusive,0,Inclusive,0,1,,No,0,
ad75b1ea-3a01-4f54-83d7-ceb7c921face,ROLON DIS125  DTSI NEW 14/43 CHAIN SPO,,CHAIN SPOCKET BAJAJ,CSBKITF170,,0.00,1071,Inclusive,0,Inclusive,0,5,,No,0,
4ce26c86-d79e-4e3f-8ccb-5a56b95000cf,ROLON DIS 125 TIMING CHAIN ,,TIMING CHAIN BAJAJ,B25HBSC922,,0.00,164,Inclusive,0,Inclusive,0,2,,No,0,
8408a32f-5c13-4b09-8aea-a27fd70c46d2,ROLON GLAMOUR 14/43 CHAIN KIT ,,CHAIN SPROCKET HERO,CSBKITF81,,0.00,730,Inclusive,0,Inclusive,0,2,,No,0,
f81eaac1-616e-426e-8f8a-9ccf92736805,ROLON HF DLX 14/44  CHAIN KIT ,,CHAIN SPROCKET HERO,KITBS120,,0.00,813,Inclusive,0,Inclusive,0,6,,No,0,
c52f8a6a-46b6-470d-ac35-b87575f158fa,ROLON HH DRUM RUBBER,,DRUM RUBBER ALL,CRHMC0001,,0.00,65,Inclusive,0,Inclusive,0,3,,No,0,
ca4865f9-79a3-42c1-ab42-9f89a8227d0b,ROLON MAX 100 13/41 CHAIN KIT,,CHAIN SPROCKET TVS,KITRG18,,0.00,807,Inclusive,0,Inclusive,0,4,,No,0,
67138752-a8fd-4974-afa1-9c3f11ca26af,ROLON PLN 125 DTSI 15/42 CHAIN SPO,,CHAIN SPOCKET BAJAJ,KITBS144,,0.00,842,Inclusive,0,Inclusive,0,5,,No,0,
2c0bfd96-0fd6-4f9c-b889-db245530dadd,ROLON PLN COMFORT 110 14/41 CHAIN SPO,,CHAIN SPOCKET BAJAJ,KITBS296,,0.00,898,Inclusive,0,Inclusive,0,3,,No,0,
cd3f95f2-fc1e-4836-97cf-c80621cc905e,ROLON PLN OLD 14/42 CHAIN SPO,,CHAIN SPOCKET BAJAJ,KITRG92,,0.00,948,Inclusive,0,Inclusive,0,5,,No,0,
6dce1f97-d708-4c07-83fe-fc7a6e8f34ab,ROLON PLS NS125 CHAIN KIT,,CHAIN SPOCKET BAJAJ,KITNORF382,,0.00,1371,Inclusive,0,Inclusive,0,1,,No,0,
777e2ae7-411d-448c-ba63-a00e3a2d389c,ROLON PLSR 135 15/43 CHAIN SPO,,CHAIN SPOCKET BAJAJ,KITBS159,,0.00,891,Inclusive,0,Inclusive,0,1,,No,0,
90da76fb-d69b-433b-aec3-e7e641d7e523,"ROLON PLSR 150,180 6HOLE 15/44 CHAIN SPO",,CHAIN SPOCKET BAJAJ,CSBKITF77,,0.00,1103,Inclusive,0,Inclusive,0,2,,No,0,
33344905-1b77-464f-b261-2e1ffcf4a7b0,ROLON PLSR 150 NEW 4 HOLE 15/44 CHAIN SPO,,CHAIN SPOCKET BAJAJ,CSBKITF105,,0.00,1039,Inclusive,0,Inclusive,0,3,,No,0,
98348b23-1baa-4482-9415-de3536833ccc,ROLON PLSR UG4 15/44 CHAIN SPO ,,CHAIN SPOCKET BAJAJ,KITHBS166,,0.00,1094,Inclusive,0,Inclusive,0,2,,No,0,
79c48b4b-11eb-4984-a80b-6eb4c46056e1,ROLON PSN OLD 14/44 CHAIN KIT ,,CHAIN SPROCKET HERO,CSBKITF44,,0.00,728,Inclusive,0,Inclusive,0,3,,No,0,
08d46802-06d5-4efd-aa56-f77b150ca4a7,ROLON PSN PLS 14/44 CHAIN KIT ,,CHAIN SPROCKET HERO,CSBKITF111,,0.00,611,Inclusive,0,Inclusive,0,5,,No,0,
6cf0fe5f-63b1-40a9-80cc-6da03b6cded9,ROLON RAIDER 125 CHAIN SPOCKET,,CHAIN SPOCKET BAJAJ,KITORF407,,0.00,1522,Inclusive,0,Inclusive,0,2,,No,0,
3370f258-8d63-4780-bb28-b34900d6a3b2,ROLON SHINE BS6 14/41 CHAIN KIT,,CHAIN SPROCKET HERO,KITORF368,,0.00,1114,Inclusive,0,Inclusive,0,8,,No,0,
2e9ad15f-986a-4173-b219-1ec7881f9725,ROLON SHINE/SP 125 BS6 CHAIN SPROCKET,,CHAIN SPROCKET HERO,KITBSF370SG,,0.00,1139,Inclusive,0,Inclusive,0,2,,No,0,
d92ad765-5405-4359-8318-c3c7e369f4be,ROLON SHINE TIMING CHAIN,,TIMING CHAIN HH,B25HSCS942,,0.00,175,Inclusive,0,Inclusive,0,1,,No,0,
b38347c3-b526-4f7d-92d8-b08ffd70bf24,ROLON SHINE TIMING CHAIN,,TIMING CHAIN HH,B25HSBSD942,,0.00,144,Inclusive,0,Inclusive,0,3,,No,0,
9d9ad8b9-eb7d-4e6e-afbd-d34491264f5d,ROLON SPL PRO 14/43 CHAIN KIT ,,CHAIN SPROCKET HERO,KITBS174,,0.00,817,Inclusive,0,Inclusive,0,3,,No,0,
d6d41c9a-09b0-403d-9b2c-15f3ffca8028,ROLON SPL PRO 14/44 CHAIN KIT,,CHAIN SPROCKET HERO,CSBKITF111IH,,0.00,720,Inclusive,0,Inclusive,0,7,,No,0,
33a667de-68de-4285-bcbe-57737cd7ac22,ROLON SPL TIMING CHAIN,,TIMING CHAIN HH,D25HBS842,,0.00,107,Inclusive,0,Inclusive,0,5,,No,0,
b7dfa6cb-d40b-49bd-b374-99072b8f350d,ROLON SPL Y2K 14/43 CHAIN KIT ,,CHAIN SPROCKET HERO,CSBF41IH,,0.00,720,Inclusive,0,Inclusive,0,1,,No,0,
e741e112-83f2-4ff5-8fd8-eae6d5553ebe,ROLON SPL Y2K  CHAIN SPROCKET,,CHAIN SPROCKET HERO,KITF41LH,,0.00,664,Inclusive,0,Inclusive,0,6,,No,0,
e5658100-1286-40d0-bead-42b5292be861,ROLON SPORT  CVTI 13/39 CHAIN KIT,,CHAIN SPROCKET TVS,CSBKITF158,,0.00,864,Inclusive,0,Inclusive,0,5,,No,0,
ca1cbaff-53e9-4d6d-a5ad-8928c023d5e3,ROLON STAR 14/44 CHAIN KIT,,CHAIN SPROCKET TVS,KITRG72,,0.00,864,Inclusive,0,Inclusive,0,2,,No,0,
9b123f0d-1eee-479e-a88e-da84911db1eb,ROLON STAR CITY 100 13/41 CHAIN KIT,,CHAIN SPROCKET TVS,KITRG87,,0.00,838,Inclusive,0,Inclusive,0,8,,No,0,
ee533fb7-1a0c-49cc-8159-e26e1fdfaa02,ROLON STAR CITY +11014/40 CHAIN KIT ,,CHAIN SPROCKET TVS,CSBKITF156,,0.00,878,Inclusive,0,Inclusive,0,5,,No,0,
0d61702d-2df7-40bc-89ed-f1ea5c3cef2d,ROLON STAR CITY 110 CVTI 14/40 CHAIN KIT,,CHAIN SPROCKET TVS,KITRG153,,0.00,784,Inclusive,0,Inclusive,0,3,,No,0,
88e38aa2-926f-438c-aaf9-fbee9fa9974f,ROLON STAR CITY ALLOY WHEEL CHAIN SPOCKET,,CHAIN SPROCKET TVS,KITRG118,,0.00,867,Inclusive,0,Inclusive,0,3,,No,0,
884f56b7-6969-4ad9-b317-4063af7cc19f,ROLON STAR CITY  TIMING CHAIN ,,TVS ALL ENGINE SPARE,B25HSCS882,,0.00,141,Inclusive,0,Inclusive,0,2,,No,0,
bea53a6f-a23b-44f0-a453-3d472f98c4f2,ROLON SUPER SPL TIMING CHAIN,,TIMING CHAIN HH,SL00623N09202,,0.00,231,Inclusive,0,Inclusive,0,3,,No,0,
3fb50b8d-0d12-478c-a160-0c9e7740d1b5,ROLON UNICORN 15/43 CHAIN KIT ,,CHAIN SPROCKET HERO,CSBKITF121,,0.00,1073,Inclusive,0,Inclusive,0,3,,No,0,
ad50dd87-ecf2-4ed6-a36e-ae1b53dbd1c3,ROLON VICTOR GL 13/43 CHAIN KIT,,CHAIN SPROCKET TVS,KITRG48,,0.00,635,Inclusive,0,Inclusive,0,3,,No,0,
6ea20dc8-dfa4-4d59-b68a-66a5684a297a,ROLON XL 10013/42  CHAIN KIT ,,CHAIN SPROCKET TVS,KITBS230SG,,0.00,798,Inclusive,0,Inclusive,0,3,,No,0,
7b868e83-9590-4b2b-9543-b45d5e98e922,ROLON XL SUPER 13/50 CHAIN KIT ,,CHAIN SPROCKET TVS,CSBKITF43,,0.00,616,Inclusive,0,Inclusive,0,1,,No,0,
584ca10b-9fb3-4695-bce0-f87dfd4a49a3,ROLON XL SUPER 13/50 CHAIN KIT ,,CHAIN SPROCKET TVS,CSBKITF43APS1,,0.00,715,Inclusive,0,Inclusive,0,2,,No,0,
ecae7e77-3cbc-4720-8cb2-ac8a82feb8f2,ROLON YBR 14/45 CHAIN KIT,,CHAIN SPROCKET TVS,CSBKITF56,,0.00,974,Inclusive,0,Inclusive,0,2,,No,0,
ea19e5f6-d34d-4d0b-953b-ca53762f98fc,ROOTS S70 HORN,,HORN ALL,765936359105,,0.00,227,Inclusive,0,Inclusive,0,2,,No,0,
a89b07b8-afe4-463e-a11d-dbfdf9775924,ROOTS VIBROMINI 12W HORN,,HORN ALL,673943531890,,0.00,1160,Inclusive,0,Inclusive,0,1,,No,0,
fcc36f40-c05a-418c-bc1f-da467739547e,ROOTS VIBROMINI 6W HORN,,HORN ALL,529899368494,,0.00,1160,Inclusive,0,Inclusive,0,0,,No,0,
4067f417-17b0-4c6c-a55a-42bbf0a91a0d,ROOTS VIBROSONIC 12W HORN,,HORN ALL,577761470998,,0.00,1168,Inclusive,0,Inclusive,0,2,,No,0,
bf5ab46a-c8b2-4288-9068-cb19b04b27d2,ROOTS WINDTONE 12V HORN,,HORN ALL,174117198832,,0.00,875,Inclusive,0,Inclusive,0,2,,No,0,
bbf84716-381a-45df-a0cd-868a21e894da,ROOTS WINDTONE 6V HORN,,HORN ALL,351456017340,,0.00,876,Inclusive,0,Inclusive,0,3,,No,0,
429103f5-2946-490b-bdcc-a7b31b4e9357,RP MIRROR,,MIRROR STEEL,90414221801,,0.00,447.5,Inclusive,0,Inclusive,0,0,,No,0,
3c8ea1d9-4c17-4041-b219-d4684b441aa1,RUDRA SHICON DIS WHITE FRONT,,INDICATOR BAJAJ,S1385,,0.00,145,Inclusive,0,Inclusive,0,4,,No,0,
8a3df10d-b3de-40af-919b-7bb3b4d8230c,SAADIA CHAIN STATIONAR SPRING,,GEAR CHANGER PATTI/OIL PUMP ROD/STATIONAR SPRING,011576,,0.00,10,Inclusive,0,Inclusive,0,16,,No,0,
b013cbdb-c2af-49bd-9107-b080ce976a70,SAHIL HH DRUM RUBBER,,DRUM RUBBER ALL,493993825884,,0.00,100,Inclusive,0,Inclusive,0,2,,No,0,
a173c68e-8da2-4868-a0c6-60ff7e42cafe,SAI ACCESS HAL PAC SET,,HALF PACKING SET MOPED,764629928215,,0.00,50,Inclusive,0,Inclusive,0,7,,No,0,
fc958b9e-e137-468c-9034-b6ad79e7e6c2,SAI DIS100 F P SET,,FULL PACKING SET ALL,738062660798,,0.00,90,Inclusive,0,Inclusive,0,1,,No,0,
078cbce1-7919-4d2c-81a1-82c4b6397678,SAI K 4S CHAIMPION BLK/GREEN,,VISOR BAJAJ,SV0691D,,0.00,480,Inclusive,0,Inclusive,0,2,,No,0,
3f7a49ea-91b2-4289-9916-b5cb244f7528,SAI K 4S CHAMPION RED/BLUE,,VISOR BAJAJ,SV0691E,,0.00,770,Inclusive,0,Inclusive,0,1,,No,0,
796d436b-6d39-4a0e-aa5e-c4ef6bd40fb0,SAI K 4S CHAMPION WINE RED,,VISOR BAJAJ,SV0691F,,0.00,480,Inclusive,0,Inclusive,0,2,,No,0,
e40dc7dc-553e-4103-ad4f-8551069dcdf8,SAI K ACCESS VQ GREY ,,VISOR HH,SV0826,,0.00,550,Inclusive,0,Inclusive,0,0,,No,0,
18533af1-9776-4771-ad5e-34d8300f113c,SAI K ACHIVER/AMBITION TAIL PANEL,,TAIL PANEL BAJAJ,ST1337A,,0.00,930,Inclusive,0,Inclusive,0,1,,No,0,
62e4d0e9-1032-47cc-9580-4a4f120d596a,SAI K ACTIVA 5G WHITE ,,VISOR HH,SV0598C,,0.00,510,Inclusive,0,Inclusive,0,0,,No,0,
32829581-9502-494d-8fd6-a19f0ba399aa,SAI K AVIATOR BLK,,VISOR HH,SV0618,,0.00,530,Inclusive,0,Inclusive,0,1,,No,0,
6042c090-898b-477d-a83a-9c6c2f4e23ad,SAI K BOXER AT BLK/SILVER/RED ,,SIDE PANEL BOXER CALIBER 4S,SP1113,,0.00,680,Inclusive,0,Inclusive,0,4,,No,0,
784e59e9-e3c4-4e73-aed3-ed06c38dc5f6,SAI K BOXER CT BLK,,SIDE PANEL BOXER CALIBER 4S,SP1115,,0.00,690,Inclusive,0,Inclusive,0,2,,No,0,
c6041995-79e9-4ac9-bdac-c6b0cfe763d5,SAI K BOXER CT WINE/RED,,SIDE PANEL BOXER CALIBER 4S,SP1116,,0.00,690,Inclusive,0,Inclusive,0,4,,No,0,
8ee3fc2c-98a6-46e7-a6ae-ae7cfa133aa8,SAI K CB SHINE BLK/RED TP,,TAIL PANEL HH,ST1404B,,0.00,905,Inclusive,0,Inclusive,0,2,,No,0,
9917b003-85be-4efd-b7e3-1262183fd12d,SAI K CB SHINE BS6 BLK ,,MUDGUARD HH,SM0115A,,0.00,570,Inclusive,0,Inclusive,0,5,,No,0,
1d9af9e1-b65f-4553-9b83-ad202a6266a5,SAI K CB SHINE BS 6 GREY,,VISOR HH,SV0570B,,0.00,1260,Inclusive,0,Inclusive,0,2,,No,0,
76bf7e8a-ba1d-43f8-8d8c-33535eb64fbc,SAI K CB SHINE BS6 GREY,,MUDGUARD HH,SM0115B,,0.00,775,Inclusive,0,Inclusive,0,4,,No,0,
71c82948-3064-44e1-83d2-d844acf11452,SAI K CB SHINE DX T6 BLK/RED,,VISOR HH,SV0581H,,0.00,840,Inclusive,0,Inclusive,0,3,,No,0,
33a0a3aa-a3c4-4a8f-aa07-c4082562e4fd,SAI K  CB SHINE T4 BLK/RED,,VISOR HH,SV0572,,0.00,530,Inclusive,0,Inclusive,0,3,,No,0,
3b593446-1a46-4f50-a40a-40c10d8613e3,SAI K CB SHINE T4 T5 BLK/GREY,,SIDE PANEL SHINE,SP1039,,0.00,860,Inclusive,0,Inclusive,0,4,,No,0,
7546e532-216a-4a75-b11b-b2e7e2b9fb4c,SAI K CB SHINE T4 T5 BLK/GREY TP,,TAIL PANEL HH,ST1401A,,0.00,765,Inclusive,0,Inclusive,0,2,,No,0,
dac555ec-652f-4fb4-89a3-a0b74850ff70,"SAI K CB SHINE T4,T5 BLK/RED",,SIDE PANEL SHINE,SP1038,,0.00,775,Inclusive,0,Inclusive,0,1,,No,0,
a4db32e0-a31d-44b5-a352-2c2902d781b6,SAI K CB SHINE T4 T5 BLK/RED TP,,TAIL PANEL HH,ST1401,,0.00,765,Inclusive,0,Inclusive,0,2,,No,0,
11a5ee9e-2b89-4704-a5c1-305ad3faa402,SAI K CB SHINE T4 T5 GENY GREY TP,,TAIL PANEL HH,ST1404,,0.00,720,Inclusive,0,Inclusive,0,2,,No,0,
b775c0c2-1919-452a-966f-4a8952b96b2d,SAI K CB SHINE T4 T5 MANSOON/GREY TP,,TAIL PANEL HH,ST1404A,,0.00,720,Inclusive,0,Inclusive,0,1,,No,0,
2f2d4275-5a84-4a7a-bfb7-f3a75d5be44c,SAI K CB SHINE T4 T5 SILVER TP,,TAIL PANEL HH,ST1403,,0.00,720,Inclusive,0,Inclusive,0,1,,No,0,
e63b74a5-f5e7-4d80-ac6a-adfb88d1da94,SAI K CB SHINE T5 BLK/RED,,VISOR HH,SV0577,,0.00,520,Inclusive,0,Inclusive,0,3,,No,0,
8cd7a40d-79a9-44b7-941d-ef8c51867e5b,SAI K CB SHINE T5 BLK/SILVER,,VISOR HH,SV0581A,,0.00,520,Inclusive,0,Inclusive,0,5,,No,0,
fc461dd0-a72f-419a-a767-bec69abb5137,SAI K CB SHINE T5 GENY/GREY,,VISOR HH,SV0580,,0.00,520,Inclusive,0,Inclusive,0,3,,No,0,
3e9ca384-9732-4d3e-ba19-45fe719832af,SAI K CB SHINE T5 SILVER,,VISOR HH,SV0579,,0.00,520,Inclusive,0,Inclusive,0,2,,No,0,
d62f4845-e68c-4a9a-b4f0-79c5bca0572c,SAI K CB SHINE T5 WINE RED ,,VISOR HH,SV0578,,0.00,520,Inclusive,0,Inclusive,0,6,,No,0,
d295c10a-10b3-4a8c-b5e7-382a161dcf9a,SAI K CB SHINE T6 ,,SIDE PANEL SHINE,SP1042G,,0.00,1100,Inclusive,0,Inclusive,0,1,,No,0,
f7dd35fb-2b1c-4010-8955-318c5ac59730,SAI K CB SHINE T7 BLK/RED,,SIDE PANEL SHINE,SP1043A,,0.00,1135,Inclusive,0,Inclusive,0,2,,No,0,
b6ab9f6d-ee46-4484-86e0-5a22beb45689,SAI K CB SHINE T7 BLK/RED TP,,TAIL PANEL HH,ST1404K,,0.00,920,Inclusive,0,Inclusive,0,2,,No,0,
50786a4f-32bb-4416-b7c0-a19b5ed50061,SAI K CB UNICORN BLK TP,,TAIL PANEL HH,ST1396,,0.00,1220,Inclusive,0,Inclusive,0,3,,No,0,
39fe47fe-8dd5-4ef4-bdb5-adcff11bc9ee,SAI K CBZ BLK,,VISOR HH,SV0494,,0.00,1170,Inclusive,0,Inclusive,0,1,,No,0,
ce60a4ff-bc70-41b8-85f5-4b87ae178e5b,SAI K CBZ RED/BLK TP,,TAIL PANEL HH,ST1345A,,0.00,960,Inclusive,0,Inclusive,0,1,,No,0,
9840e993-f91f-408d-be4e-9251c8c17ea6,SAI K CD DLX AW T2 BLK/BLUE,,VISOR HH,SV0468,,0.00,440,Inclusive,0,Inclusive,0,2,,No,0,
df07ecb2-2d59-40a7-a107-829a48c882b8,SAI K CD DLX AW T2 BLK/RED,,VISOR HH,SV0467,,0.00,440,Inclusive,0,Inclusive,0,4,,No,0,
9a43453d-00c9-4606-853e-293644f19961,SAI K CD DLX AW T2 SILVER/BLUE,,VISOR HH,SV0471,,0.00,425,Inclusive,0,Inclusive,0,1,,No,0,
27d2a50b-b544-45e3-ab52-c24cbafd79b3,SAI K CD DLX AW T2 WINE RED ,,VISOR HH,SV0470,,0.00,425,Inclusive,0,Inclusive,0,1,,No,0,
f4d9b057-ef12-4cb0-b3f6-256f58d411d0,SAI K CD DLX BLK/BLUE,,SIDE PANEL CD DWN/ CD DLX,SP1008,,0.00,530,Inclusive,0,Inclusive,0,4,,No,0,
2251c426-0d75-415b-b1cf-7380ab1d8a3a,SAI K  CD DLX BLK/BLUE TP,,TAIL PANEL HH,ST1312,,0.00,530,Inclusive,0,Inclusive,0,2,,No,0,
b6778502-95c5-41d3-901f-20051e7ae3ac,SAI K CD DLX BLK/RED,,SIDE PANEL CD DWN/ CD DLX,SP1007,,0.00,510,Inclusive,0,Inclusive,0,4,,No,0,
8dafc87c-99cc-4087-9a8d-32cfc38e13ce,SAI K CD DLX BLK/RED TP,,TAIL PANEL HH,ST1311,,0.00,530,Inclusive,0,Inclusive,0,3,,No,0,
35c972bb-1936-44a1-9258-3cd3c4e633ad,SAI K CD DLX SPL PRO SILVER,,MUDGUARD HH,SM0080,,0.00,465,Inclusive,0,Inclusive,0,3,,No,0,
c9f6050d-38cc-4eed-acea-0e3bdfe22a15,SAI K CD DLX SPL TYPE BLK,,VISOR HH,SV0462,,0.00,425,Inclusive,0,Inclusive,0,4,,No,0,
edfa5894-2a10-4a66-97f6-d3f41994a628,SAI K CD DLX T4 BLK/RED,,VISOR HH,SV0473,,0.00,450,Inclusive,0,Inclusive,0,4,,No,0,
4d3c67b7-6ab8-4424-bf6e-331f404aed1f,SAI K CD DWN DLX BLK/GOLDEN,,SIDE PANEL CD DWN/ CD DLX,SP1012,,0.00,530,Inclusive,0,Inclusive,0,1,,No,0,
48a5956c-48df-4212-834b-4586a37f5aae,SAI K CD DWN DLX BLK/PURPLE,,SIDE PANEL CD DWN/ CD DLX,SP1013,,0.00,540,Inclusive,0,Inclusive,0,3,,No,0,
b20f9ae6-9d86-4dcb-a923-4360c08e82cf,SAI K CD DWN NEW BLK/BLUE,,SIDE PANEL CD DWN/ CD DLX,SP1001A,,0.00,520,Inclusive,0,Inclusive,0,1,,No,0,
48351ec3-b357-4b7b-849d-8518bc9f9f47,SAI K CD DWN OLD BLK/BLUE,,SIDE PANEL CD DWN/ CD DLX,SP0996,,0.00,540,Inclusive,0,Inclusive,0,3,,No,0,
108dea07-7fae-48f6-9420-f5ceb8f2302f,SAI K CD DWN OLD BLK/RED ,,SIDE PANEL CD DWN/ CD DLX,SP0995,,0.00,530,Inclusive,0,Inclusive,0,1,,No,0,
338692a6-34a0-4953-ade2-b4ec84b73eeb,SAI K CD DWN OLD/CD DLX OLD BLK TP,,TAIL PANEL HH,ST1306,,0.00,370,Inclusive,0,Inclusive,0,3,,No,0,
bb651fe4-ed60-4ee5-85d8-646015d8032e,SAI K CD DWN OLD RED,,SIDE PANEL CD DWN/ CD DLX,SP0997,,0.00,520,Inclusive,0,Inclusive,0,1,,No,0,
bfe6044f-23d1-4c0d-8fee-510bed96f278,SAI K CD DWN OLD WINE RED,,SIDE PANEL CD DWN/ CD DLX,SP0998,,0.00,520,Inclusive,0,Inclusive,0,1,,No,0,
540d433b-fc27-4ebc-968b-30ae0cfecde2,SAI K CENTRA STAR CITY BLK,,MUDGUARD TVS,SM0230,,0.00,470,Inclusive,0,Inclusive,0,9,,No,0,
a48a4d24-fc43-4003-b6e5-0d847b57f757,SAI K CENTRA STAR CITY STAR DLX RED,,MUDGUARD TVS,SM0231,,0.00,450,Inclusive,0,Inclusive,0,4,,No,0,
5faf5c0d-2dbd-4661-8f46-c4e78f01c5f0,SAI K CLBR 115 BLK/GREEN TP,,TAIL PANEL BAJAJ,ST1482B,,0.00,595,Inclusive,0,Inclusive,0,1,,No,0,
7d2397d2-2135-4196-8ef1-b0c70a3fe046,SAI K CLBR 115 BLK/RED,,SIDE PANEL BOXER CALIBER 4S,SP1109,,0.00,630,Inclusive,0,Inclusive,0,1,,No,0,
e5011e73-d086-4b18-b7ef-9f17bcbca2b7,SAI K CLBR 115 BLK/RED TP,,TAIL PANEL BAJAJ,ST1482A,,0.00,630,Inclusive,0,Inclusive,0,1,,No,0,
b01f65a4-dd6b-478a-a439-8b829695b235,SAI K CLBR 115 CC BLK/GREEN,,SIDE PANEL BOXER CALIBER 4S,SP1108,,0.00,630,Inclusive,0,Inclusive,0,1,,No,0,
bec2e9ec-d636-474f-8dd0-e46d8a678ba1,SAI K CLBR OLD BLK/GREEN,,SIDE PANEL BOXER CALIBER 4S,SP1105,,0.00,640,Inclusive,0,Inclusive,0,4,,No,0,
ab5e32fc-b5b6-4eb4-a3ef-221af462ae92,SAI K CLBR OLD BLK/GREEN TP,,TAIL PANEL BAJAJ,ST1480,,0.00,630,Inclusive,0,Inclusive,0,1,,No,0,
a79d4ef6-6f64-4bb2-97cf-8771d1452b81,SAI K CLBR OLD RED,,SIDE PANEL BOXER CALIBER 4S,SP1107,,0.00,610,Inclusive,0,Inclusive,0,1,,No,0,
e6105893-ef82-4021-b323-267dbedbdb04,SAI K CLBR OLD RED TP,,TAIL PANEL BAJAJ,ST1482,,0.00,560,Inclusive,0,Inclusive,0,1,,No,0,
ae513c14-0cb5-4a27-8b5c-3544b28d972d,SAI K CRUX WINE/RED,,SIDE PANEL TVS,SP1198,,0.00,640,Inclusive,0,Inclusive,0,1,,No,0,
56302e24-4823-4539-a5dc-bbd144f40130,SAI K CT100 BLK/BLUE,,SIDE PANEL CT 100,SP1099,,0.00,670,Inclusive,0,Inclusive,0,2,,No,0,
1e2dd61e-47ad-44e5-a4a5-d944c8d12e2f,SAI K CT100 BLK/GREY,,SIDE PANEL CT 100,SP1100,,0.00,665,Inclusive,0,Inclusive,0,5,,No,0,
2c8cce97-dae3-4aa8-bbfa-ddd050f0e9ac,SAI K CT100 BLK/GREY TP,,TAIL PANEL BAJAJ,ST1485,,0.00,590,Inclusive,0,Inclusive,0,1,,No,0,
2c22886c-864d-4134-8c3b-8be91fb3650c,SAI K CT100 BLK/RED ,,SIDE PANEL CT 100,SP1098,,0.00,660,Inclusive,0,Inclusive,0,2,,No,0,
0b29505d-7664-4e5c-b4c3-6751cf562def,SAI K CT100 BLK/RED TP,,TAIL PANEL BAJAJ,ST1484,,0.00,590,Inclusive,0,Inclusive,0,2,,No,0,
0d0f1546-4f8b-40ba-bb67-58e75199a293,SAI K CT100 BLUE,,SIDE PANEL CT 100,SP1104,,0.00,660,Inclusive,0,Inclusive,0,2,,No,0,
56f8e52f-f92a-47c8-b9e7-f70c139db455,SAI K CT100 BLUE TP,,TAIL PANEL BAJAJ,ST1488,,0.00,660,Inclusive,0,Inclusive,0,3,,No,0,
2d4606be-9e98-4d32-8992-9088ab837232,SAI K CT100 BS4 RED,,VISOR BAJAJ,SV0690B,,0.00,690,Inclusive,0,Inclusive,0,1,,No,0,
74b5d428-9553-4208-8dbd-05064d561fe2,SAI K CT100 BS6 BLK/BLUE,,VISOR BAJAJ,SV0691G,,0.00,690,Inclusive,0,Inclusive,0,3,,No,0,
a84c37df-83b4-46d5-8a90-249c3063a81f,SAI K CT100 BS6 BLK/RED,,VISOR BAJAJ,SV0691H,,0.00,680,Inclusive,0,Inclusive,0,2,,No,0,
88d1cd35-5852-4224-bb8f-d56f6582eb53,SAI K CT100 DLX BLK/BLUE,,VISOR BAJAJ,SV0685,,0.00,620,Inclusive,0,Inclusive,0,9,,No,0,
c5abc360-a006-41ac-bdf7-c96723f1eea8,SAI K CT100 DLX BLK/GREY,,VISOR BAJAJ,SV0686,,0.00,580,Inclusive,0,Inclusive,0,4,,No,0,
7f1975e9-df95-46e4-b4f1-39a85175c9c3,SAI K CT100 DLX BLK/RED,,VISOR BAJAJ,SV0684,,0.00,590,Inclusive,0,Inclusive,0,5,,No,0,
62ab9be4-71db-4795-b7ca-95fda0f1e569,SAI K CT100 DLX BLUE,,VISOR BAJAJ,SV0689,,0.00,675,Inclusive,0,Inclusive,0,5,,No,0,
569d99bf-4352-4b91-857d-67e3d1bc32f3,SAI K CT100 DLX PURPLE,,VISOR BAJAJ,SV0690,,0.00,580,Inclusive,0,Inclusive,0,2,,No,0,
a4a3a183-12de-4f8c-ab87-c8699a187aee,SAI K CT100 DLX RED,,VISOR BAJAJ,SV0687,,0.00,610,Inclusive,0,Inclusive,0,7,,No,0,
228bf147-581e-48bc-a56d-5efb37e99b95,SAI K CT100 HEENA GREEN,,MUDGUARD BAJAJ,SM0197,,0.00,455,Inclusive,0,Inclusive,0,3,,No,0,
56c3fda3-5227-4ff2-a436-ef37d707289a,SAI K CT100 NEW 2015 BLK/RED,,VISOR BAJAJ,SV0691A,,0.00,675,Inclusive,0,Inclusive,0,4,,No,0,
fe94e624-e365-43cb-9576-6ae189f12cfc,SAI K CT100 NEW 2015 BLK/RED,,SIDE PANEL CT 100,SP1104B,,0.00,690,Inclusive,0,Inclusive,0,4,,No,0,
0a0ab6f1-d7ea-4cd8-81dd-62db81a306da,SAI K CT100 NEW 2015 BLK/RED TP,,TAIL PANEL BAJAJ,ST1490A,,0.00,660,Inclusive,0,Inclusive,0,2,,No,0,
9a7387de-7f38-4245-8cd7-7b93e324cc5e,SAI K CT 100 PLN BLK,,MUDGUARD BAJAJ,SM0192,,0.00,455,Inclusive,0,Inclusive,0,15,,No,0,
75771733-1b86-42c4-8841-c1c2da6a7727,SAI K CT100 PURPLE ,,SIDE PANEL CT 100,SP1103,,0.00,660,Inclusive,0,Inclusive,0,3,,No,0,
a720defb-81cb-4681-82a0-b92f06d1f650,SAI K CT100 PURPLE TP,,TAIL PANEL BAJAJ,ST1490,,0.00,630,Inclusive,0,Inclusive,0,1,,No,0,
d6395373-2e56-4b66-9e65-eae2c4746fd0,SAI K CT100 RED,,MUDGUARD BAJAJ,SM0193,,0.00,445,Inclusive,0,Inclusive,0,3,,No,0,
1d5c71d1-2c8a-4804-9155-86fab6222445,SAI K CT100 RED,,SIDE PANEL CT 100,SP1101,,0.00,660,Inclusive,0,Inclusive,0,3,,No,0,
ff2329d5-1ddc-47fc-b55a-f749bb731297,SAI K CT100 RED TP,,TAIL PANEL BAJAJ,ST1487,,0.00,630,Inclusive,0,Inclusive,0,1,,No,0,
3d328986-d98e-43a4-a39e-bcf7bedc58bb,SAI K DIS 100 3D BLK/GREEN,,SIDE PANEL DISCOVER,SP1080,,0.00,680,Inclusive,0,Inclusive,0,1,,No,0,
e27e7479-2753-43f5-bf1a-86472d8b72ba,SAI K DIS 100 3D BLK/GREEN TP,,TAIL PANEL BAJAJ,ST1467,,0.00,710,Inclusive,0,Inclusive,0,1,,No,0,
d0ef18c8-651b-4895-b876-fd8947a127c8,SAI K DIS 100 3D BLK/PURPLE,,SIDE PANEL DISCOVER,SP1079,,0.00,610,Inclusive,0,Inclusive,0,1,,No,0,
cb8d9d1d-29ce-44ad-9d15-0b93f1e08693,SAI K DIS 100 3D BLK/PURPLE,,VISOR BAJAJ,SV0669,,0.00,635,Inclusive,0,Inclusive,0,3,,No,0,
e8b0774f-90e4-4608-8cc6-c26e3488341f,SAI K DIS 100 3D BLK/PURPLE TP,,TAIL PANEL BAJAJ,ST1466,,0.00,610,Inclusive,0,Inclusive,0,1,,No,0,
67e67763-74ce-4123-8c0c-7c80603a8d47,SAI K DIS 100BK BLUE TAIL PANNEL,,TAIL PANEL BAJAJ,ST1465D,,0.00,820,Inclusive,0,Inclusive,0,2,,No,0,
97c5619c-382f-47c8-9bbb-2b9baabacb33,SAI K DIS 100 BLK/BLUE,,VISOR BAJAJ,SV0665,,0.00,675,Inclusive,0,Inclusive,0,3,,No,0,
d6b9cd78-65ca-4715-870a-628657a12773,SAI K DIS 100 BLK/ BLUE,,SIDE PANEL DISCOVER,SP1075,,0.00,690,Inclusive,0,Inclusive,0,2,,No,0,
deb36001-b045-444d-9d25-c9450a9ff653,SAI K  DIS 100 BLK/BLUE TP,,TAIL PANEL BAJAJ,ST1462,,0.00,620,Inclusive,0,Inclusive,0,2,,No,0,
3a5b6cfc-9dfd-4e9b-ba97-e34fa12884f9,SAI K DIS 100 BLK/RED,,VISOR BAJAJ,SV0664,,0.00,675,Inclusive,0,Inclusive,0,4,,No,0,
6e84dd54-987c-440e-8685-057c182c1de3,SAI K DIS 100 BLK/RED ,,SIDE PANEL DISCOVER,SP1074,,0.00,690,Inclusive,0,Inclusive,0,5,,No,0,
ba5dadc5-0aa5-40a8-a170-5e5c2aaa675c,SAI K DIS 100 BLK/RED TP,,TAIL PANEL BAJAJ,ST1461A,,0.00,790,Inclusive,0,Inclusive,0,4,,No,0,
c818ac65-0273-4733-aace-0ae2ee652f28,SAI K DIS 100CC 3D (JOINT OE) BK-GREEN,,TAIL PANEL BAJAJ,ST1467A,,0.00,820,Inclusive,0,Inclusive,0,2,,No,0,
efe9b669-b13c-4f71-8311-5ab3b3313b02,SAI K DIS 100 M BLK/BLUE,,VISOR BAJAJ,SV0672,,0.00,775,Inclusive,0,Inclusive,0,1,,No,0,
4aa5fe9c-0598-4872-aa0a-91bfcd0cf10e,SAI K DIS 100 M BLK/RED,,VISOR BAJAJ,SV0671,,0.00,775,Inclusive,0,Inclusive,0,1,,No,0,
d8471265-2294-4ef3-bcf1-6927a827ca33,SAI K DIS 100 RED ,,VISOR BAJAJ,SV0667,,0.00,675,Inclusive,0,Inclusive,0,3,,No,0,
de44bcfb-503e-4a98-bac3-a240df9fd36d,SAI K DIS 100 RED TP,,TAIL PANEL BAJAJ,ST1464,,0.00,685,Inclusive,0,Inclusive,0,2,,No,0,
949707b8-2eb7-4f65-9e5b-31d5066fe4b0,SAI K DIS 112 OLD BLK/BLUE,,VISOR BAJAJ,SV0655,,0.00,670,Inclusive,0,Inclusive,0,6,,No,0,
b37afc86-c879-41ab-93e7-faaf4129dbbd,SAI K DIS 125 150 3D BLK/ BLUE ,,SIDE PANEL DISCOVER,SP1081,,0.00,690,Inclusive,0,Inclusive,0,3,,No,0,
48ccdcac-1fd9-407d-a099-69697322dc77,SAI K DIS 125 150 3D BLK/GREEN,,SIDE PANEL DISCOVER,SP1084,,0.00,680,Inclusive,0,Inclusive,0,2,,No,0,
0a145b5e-f75f-4a15-8d1c-e3ddbf754025,SAI K DIS 125 150 3D BLK/RED,,SIDE PANEL DISCOVER,SP1082,,0.00,690,Inclusive,0,Inclusive,0,4,,No,0,
37ba9ca3-82c2-4363-8544-4bbef087d3dc,SAI K DIS 125 3D BLK/BLUE TP,,TAIL PANEL BAJAJ,ST1471F,,0.00,820,Inclusive,0,Inclusive,0,2,,No,0,
797ead8f-5392-42a7-9707-650d1a3a4590,SAI K DIS 125 3D BLK/GOLDEN TP,,TAIL PANEL BAJAJ,ST1471,,0.00,640,Inclusive,0,Inclusive,0,1,,No,0,
17919034-1ece-4646-9497-4fc8c37dd857,SAI K DIS 125 3D BLK/RED TP,,TAIL PANEL BAJAJ,ST1469,,0.00,710,Inclusive,0,Inclusive,0,2,,No,0,
eff62da2-45e6-4951-9bd2-ab046f4c5991,SAI K DIS 125 BLK/GOLDEN TP,,TAIL PANEL BAJAJ,ST1471E,,0.00,820,Inclusive,0,Inclusive,0,2,,No,0,
33099c20-e5db-4681-8323-ea1937497835,SAI K DIS 125 OLD BLK/GREY TP,,TAIL PANEL BAJAJ,ST1453,,0.00,610,Inclusive,0,Inclusive,0,1,,No,0,
2fb73012-97bd-4e88-9455-e0115df856b6,SAI K DIS 125 OLD BLK/RED TP,,TAIL PANEL BAJAJ,ST1451,,0.00,610,Inclusive,0,Inclusive,0,1,,No,0,
e7b927f7-6d90-4f7c-a40c-fdfabaaf8ae2,SAI K DIS 125 OLD TOTAL RED TP,,TAIL PANEL BAJAJ,ST1455,,0.00,685,Inclusive,0,Inclusive,0,2,,No,0,
da705ff7-670f-4d94-88d3-abfb2468ab14,SAI K DIS 135 BLK/BLUE TP,,TAIL PANEL BAJAJ,ST1458,,0.00,590,Inclusive,0,Inclusive,0,0,,No,0,
c874ba7a-369d-4c24-9137-e363dea74348,SAI K DIS 135 BLK/RED TP,,TAIL PANEL BAJAJ,ST1457,,0.00,590,Inclusive,0,Inclusive,0,1,,No,0,
247d5801-8908-4395-b9c4-8f6039974567,SAI K DIS ALL BLK,,MUDGUARD BAJAJ,SM0214,,0.00,530,Inclusive,0,Inclusive,0,12,,No,0,
07fcac27-ed97-4f0a-b08a-cc5e3e59ca3f,SAI K DIS ALL RED,,MUDGUARD BAJAJ,SM0215,,0.00,530,Inclusive,0,Inclusive,0,3,,No,0,
7795360e-6890-4a2c-a5a2-c3cd15978061,SAI K DIS ALL RED,,MUDGUARD BAJAJ,KSM0215,,0.00,460,Inclusive,0,Inclusive,0,1,,No,0,
fbee3f71-a22a-4a41-8a07-2b5fabad17b8,SAI K DISC 125 150 3D BLK/PURPLE,,SIDE PANEL DISCOVER,SP1083,,0.00,690,Inclusive,0,Inclusive,0,3,,No,0,
434f1d7a-a15e-41e7-a86d-ae6a7467e4ee,SAI K DISC 125 RED,,SIDE PANEL DISCOVER,SP1068,,0.00,690,Inclusive,0,Inclusive,0,3,,No,0,
2515fb6e-def1-42da-a353-f47e957d28f0,SAI K DISC 135 TOTAL RED,,SIDE PANEL DISCOVER,SP1072,,0.00,630,Inclusive,0,Inclusive,0,1,,No,0,
f8175f94-782a-4446-820d-860462781794,SAI K DIS M DIS ST BLK,,MUDGUARD BAJAJ,SM0217,,0.00,555,Inclusive,0,Inclusive,0,4,,No,0,
e0be25ea-0256-4668-bc12-9e7d880f83e3,SAI K DIS M DIS ST RED,,MUDGUARD BAJAJ,SM0218,,0.00,630,Inclusive,0,Inclusive,0,3,,No,0,
3075804a-3664-4c67-b699-473286f32a89,SAI K DIS OLD BLK,,MUDGUARD BAJAJ,SM0210,,0.00,530,Inclusive,0,Inclusive,0,6,,No,0,
a2c02b02-d570-42f8-8178-31d1f9c0d1e0,SAI K DIS OLD BLK/PURPLE,,VISOR BAJAJ,SV0654,,0.00,650,Inclusive,0,Inclusive,0,2,,No,0,
f4925da5-d685-4b57-8cc2-9c41a2780736,SAI K DIS  OLD BLK/RED,,VISOR BAJAJ,SV0656,,0.00,640,Inclusive,0,Inclusive,0,2,,No,0,
224bb4b6-c637-4d46-ae18-e8117b9dca36,SAI K DIS OLD RED,,VISOR BAJAJ,SV0658,,0.00,670,Inclusive,0,Inclusive,0,5,,No,0,
fa7d5646-37bd-4967-8415-0d2572b3d1fd,SAI K DREAM YUGA BLK/GREY,,SIDE PANEL DREAM YUGA,SP1050A,,0.00,850,Inclusive,0,Inclusive,0,2,,No,0,
67605b7b-e025-427d-ac5e-871118f3c751,SAI K DREAM YUGA BLK/GREY TP,,TAIL PANEL HH,ST1425A,,0.00,980,Inclusive,0,Inclusive,0,1,,No,0,
cc0999c8-ea3e-42f7-aad8-b479d0737d30,SAI K DREAM YUGA BLK/RED,,VISOR HH,SV0629,,0.00,550,Inclusive,0,Inclusive,0,2,,No,0,
2a37fb4d-c8e4-430d-84bd-aba87535dab6,SAI K DREAM YUGA BLK/RED,,SIDE PANEL DREAM YUGA,SP1046,,0.00,860,Inclusive,0,Inclusive,0,2,,No,0,
4cbfe696-afc6-41ec-9f29-4fa06de5785e,SAI K DREAM YUGA BLK/RED TP,,TAIL PANEL HH,ST1421,,0.00,980,Inclusive,0,Inclusive,0,2,,No,0,
d229e341-934d-4e02-87d0-0a441009c87f,SAI K DREAM YUGA BLUE,,VISOR HH,SV0631,,0.00,620,Inclusive,0,Inclusive,0,2,,No,0,
9c1c9d88-c830-4125-b797-904c24b2a7b9,SAI K DREAM YUGA BROWN,,VISOR HH,SV0628,,0.00,520,Inclusive,0,Inclusive,0,2,,No,0,
9e03c944-89ef-4fe0-821c-8e7c940eb3c2,SAI K DREAM YUGA BROWN TP,,TAIL PANEL HH,ST1425,,0.00,960,Inclusive,0,Inclusive,0,1,,No,0,
d18dd82f-e0ae-4f45-9c2a-8aa3d74f0e34,SAI K DREAM YUGA GREY,,VISOR HH,SV0632,,0.00,520,Inclusive,0,Inclusive,0,2,,No,0,
0b1ae669-6dad-4783-9087-835e1f7cbc07,SAI K DREAM YUGA RED,,VISOR HH,SV0630A,,0.00,520,Inclusive,0,Inclusive,0,2,,No,0,
13a3f2a1-4fa0-44e4-8802-281a3bfa6454,SAI K DREAM YUGA RED TP,,TAIL PANEL HH,ST1422,,0.00,960,Inclusive,0,Inclusive,0,1,,No,0,
05d457cb-c97b-4347-a95f-828e7679eee4,SAI K DREAM YUGA SILVER,,VISOR HH,SV0630B,,0.00,520,Inclusive,0,Inclusive,0,2,,No,0,
0df78737-f1d3-45b2-be6e-d31831449dcd,SAI K DREAM YUGA SILVER TP,,TAIL PANEL HH,ST1423,,0.00,960,Inclusive,0,Inclusive,0,1,,No,0,
a8a3984a-0f06-4167-8605-2eb0acb75d54,SAI K DREAM YUGA SPORT RED ,,VISOR HH,SV0630,,0.00,520,Inclusive,0,Inclusive,0,2,,No,0,
f55fb615-c8b3-446c-8269-958595c3159f,SAI K DREAM YUGA SPORT RED TP,,TAIL PANEL HH,ST1425B,,0.00,960,Inclusive,0,Inclusive,0,1,,No,0,
9d450e23-5746-4f1e-b6ed-2f69d5eba99c,SAI K DREAM YUGA TOTAL BLUE TP,,TAIL PANEL HH,ST1425C,,0.00,960,Inclusive,0,Inclusive,0,1,,No,0,
255fa912-6411-41d4-b50d-715f53796317,SAI K HF DLX 2015 BIG BLK/RED,,SIDE PANEL HF DLX,SP1028B,,0.00,600,Inclusive,0,Inclusive,0,5,,No,0,
7559ef9a-0c1c-47ce-b99d-788b098eb28a,SAI K HF DLX 2015 BLK,,MUDGUARD HH,SM0082B,,0.00,515,Inclusive,0,Inclusive,0,7,,No,0,
c3842937-d676-4c7f-b6b4-d932afd0afae,SAI K HF DLX 2015 BLK/BLUE,,SIDE PANEL HF DLX,SP1028C,,0.00,600,Inclusive,0,Inclusive,0,1,,No,0,
c1b96014-132d-4476-b9fa-1c926591ce6d,SAI K HF DLX 3D 2015 BLK/BLUE TP,,TAIL PANEL HH,ST1326B,,0.00,600,Inclusive,0,Inclusive,0,2,,No,0,
235b1555-bc8e-4347-a99f-7fd6068b4f82,SAI K HF DLX 3D 2015 SILVER/RED,,VISOR HH,SV0483C,,0.00,470,Inclusive,0,Inclusive,0,3,,No,0,
8de93ec4-d2da-4b00-8151-d2313d1cde20,SAI K HF DLX 3D 2015 SILVER TP,,TAIL PANEL HH,ST1326E,,0.00,580,Inclusive,0,Inclusive,0,2,,No,0,
983b7db3-f7eb-411b-b774-8a911497f7c8,SAI K HF DLX BLK/BLUE,,VISOR HH,SV0479,,0.00,450,Inclusive,0,Inclusive,0,4,,No,0,
07c96ee0-c17e-4762-bff9-cbd180d8b9b5,SAI K HF DLX BLK/RED,,VISOR HH,SV0480,,0.00,450,Inclusive,0,Inclusive,0,1,,No,0,
a72b4399-695f-4211-b32e-bb0f26155e15,SAI K HF DLX BLK/RED ,,SIDE PANEL HF DLX,SP1025,,0.00,530,Inclusive,0,Inclusive,0,3,,No,0,
662d8af0-82ce-4746-b965-e95e6b500fd0,SAI K HF DLX BLK/RED TP,,TAIL PANEL HH,ST1323,,0.00,540,Inclusive,0,Inclusive,0,5,,No,0,
0db29ae5-969b-4efd-afea-90f8170a93c6,SAI K HF DLX I3S BS4 BLK/GREY TP,,TAIL PANEL HH,ST1326H,,0.00,590,Inclusive,0,Inclusive,0,2,,No,0,
9ba5f2f3-2da4-4aa1-8b13-6a597040589a,SAI K HF DLX RED/ORANGE,,VISOR HH,SV0481,,0.00,450,Inclusive,0,Inclusive,0,3,,No,0,
066445bf-2796-4d4b-b7a0-2ded8bfc105d,SAI K HF DLX SIL/RED ,,SIDE PANEL HF DLX,SP1028E,,0.00,580,Inclusive,0,Inclusive,0,3,,No,0,
a97c66a8-ebe9-412d-92d2-78c470d5eb91,SAI KIRAN ACTIVA 125 WHITE VISOR,,VISOR HH,SV0601,,0.00,755,Inclusive,0,Inclusive,0,4,,No,0,
a809521e-953d-49a1-adf4-6f193f3c1afb,SAI KIRAN ACTIVA 5G  BROWN ,,VISOR HH,SV0598I,,0.00,570,Inclusive,0,Inclusive,0,0,,No,0,
a9b9516b-011d-4eff-b560-97f241a470dd,SAI KIRAN ACTIVA GREY VISOR,,VISOR HH,SV0593,,0.00,515,Inclusive,0,Inclusive,0,2,,No,0,
717420f0-cbdf-41ed-9f76-235680ad417d,SAI KIRAN BOXER CT DLX BLK,,SIDE PANEL BOXER CALIBER 4S,SV0705,,0.00,480,Inclusive,0,Inclusive,0,1,,No,0,
cb60080b-35c2-4959-99d0-a9cefde73b21,SAI KIRAN B SHINE T6 TAIL PANEL,,TAIL PANEL HH,ST1404E,,0.00,910,Inclusive,0,Inclusive,0,2,,No,0,
f5758174-f87d-4b47-9be9-0b63db1b80c9,SAI KIRAN CB SHINE BS6 GREY SIDE PANEL,,,SP1037E,,0.00,1370,Inclusive,0,Inclusive,0,2,,No,0,
69f27332-0bd8-4d9e-a78d-b6a0f6206112,SAI KIRAN CB SHINE BS6 TAIL PANEL,,TAIL PANEL HH,TP1400G,,0.00,1220,Inclusive,0,Inclusive,0,2,,No,0,
f8907113-d74c-431a-b400-8463c757c675,SAI KIRAN CB SHINE BS6 VISOR,,VISOR HH,SV0570E,,0.00,1260,Inclusive,0,Inclusive,0,2,,No,0,
17c8c821-27d8-4343-a4b0-576201fd3e34,SAI KIRAN  CB SHINE T-5 MONSOON GRAY VISOR,,VISOR HH,SV0581,,0.00,620,Inclusive,0,Inclusive,0,1,,No,0,
eed0071e-0e53-4511-a1f0-73b9e339e6ee,SAI KIRAN CB SHINE T-6 GREY BLUE SP,,,SP1042M2,,0.00,1150,Inclusive,0,Inclusive,0,4,,No,0,
149b31e0-da43-44bc-b462-05f6bc1a3bad,SAI KIRAN CB SHINE WINE RED MUDGARD,,MUDGUARD HH,SM0123A,,0.00,550,Inclusive,0,Inclusive,0,3,,No,0,
0f909f22-c4ac-460a-a147-a8f40153daf9,SAI KIRAN CB SHINE W/RED TAIL PANEL,,TAIL PANEL HH,ST1402,,0.00,765,Inclusive,0,Inclusive,0,2,,No,0,
e5f764c6-9ddd-44fa-a610-414a43bcb695,SAI KIRAN CB UNICORN BLACK ,,VISOR HH,SV0557A,,0.00,1170,Inclusive,0,Inclusive,0,3,,No,0,
5cbdd3b1-8197-4817-abcc-1cba282e3839,SAI KIRAN CT100 HEENA GREEN SIND PANEL,,SIDE PANEL CT 100,SP1102,,0.00,670,Inclusive,0,Inclusive,0,1,,No,0,
d8dcd406-ea38-4547-ab49-18d961d85cf8,SAI KIRAN  CT100 HEENA GREEN TAIL PANEL ,,TAIL PANEL BAJAJ,ST1489,,0.00,660,Inclusive,0,Inclusive,0,1,,No,0,
2771afa2-1d23-4a6d-9be1-d2c604787fa8,SAI KIRAN CT-100 N/M BLUE VISOR,,VISOR BAJAJ,SV0691C,,0.00,675,Inclusive,0,Inclusive,0,2,,No,0,
90d83f87-d0e9-402d-b519-2a469b51aa72,SAI KIRAN DIS 1003D BK/GREEN ,,VISOR BAJAJ,SV0670,,0.00,690,Inclusive,0,Inclusive,0,2,,No,0,
6537518f-0296-48dd-9f4b-dd0f0fe81c46,SAI KIRAN DIS 125 3D BK-RED TP,,TAIL PANEL BAJAJ,ST1471G,,0.00,820,Inclusive,0,Inclusive,0,1,,No,0,
e49fd7eb-dff2-44d3-a1d1-a2f57f15da5d,SAI KIRAN DIS135 BK BLUE TAIL PANNEL,,TAIL PANEL BAJAJ,ST1457B,,0.00,820,Inclusive,0,Inclusive,0,1,,No,0,
0e89e76f-0816-4031-9cce-8439e047e668,SAI KIRAN DREAM YUGA BK-GRAY VISOR,,VISOR HH,SV0632A,,0.00,570,Inclusive,0,Inclusive,0,3,,No,0,
20b9bb98-993f-4cc2-a556-607180e0dda6,SAI KIRAN DREAM YUGA SIDE PANELGRAY,,SIDE PANEL DREAM YUGA,SP1049,,0.00,860,Inclusive,0,Inclusive,0,1,,No,0,
0409e06c-3786-41a3-8e6b-8e04b31d63fc,SAI KIRAN HF DLX 3D 2015 BK/RED TAIL PANEL ,,TAIL PANEL HH,ST1326A,,0.00,600,Inclusive,0,Inclusive,0,0,,No,0,
c6f225eb-f8ec-4448-a53a-5861c5012d9a,SAI KIRAN HF DLX BK/PURPLE SIDE PANEL,,SIDE PANEL HF DLX,SP1028A,,0.00,600,Inclusive,0,Inclusive,0,2,,No,0,
9ed0bd21-df35-4912-8ec4-96b484817f1e,SAI KIRAN HF DLX BS 6  VISOR  ,,VISOR HH,SV0483L,,0.00,500,Inclusive,0,Inclusive,0,6,,No,0,
a6899b52-9da2-4dc4-9ebe-269d18a699a3,SAI KIRAN MASTRO BLACK VISOR,,VISOR HH,SV0541,,0.00,720,Inclusive,0,Inclusive,0,1,,No,0,
1b8bddfe-0e80-4dd1-abf3-211513041e64,SAI KIRAN MAX 100 BLACK SIDE PANEL,,,SP1126,,0.00,650,Inclusive,0,Inclusive,0,2,,No,0,
08b52c1c-e711-4e9c-b2fd-a8bac0160e8f,SAI KIRAN PLEASURE BODY BLACK ,,NOSE MOPED,SL1790,,0.00,810,Inclusive,0,Inclusive,0,2,,No,0,
23680caa-e1c0-4642-8ff9-2606edbd517d,SAI KIRAN PLEASURE RED BODY ,,NOSE MOPED,SL1793,,0.00,810,Inclusive,0,Inclusive,0,0,,No,0,
26353894-1fb9-4c8b-aeae-55ec69f92241,SAI KIRAN PLEASURE RED NOSE ,,NOSE MOPED,SN1732,,0.00,1260,Inclusive,0,Inclusive,0,1,,No,0,
69f34358-f4d2-45fc-a428-94db93655df3,SAI KIRAN PLEASURE VISOR BLACK ,,VISOR HH,SV0530,,0.00,575,Inclusive,0,Inclusive,0,6,,No,0,
33bd46e0-0bae-4eb4-9125-d0ede5140f9e,SAI KIRAN PLN ES 100 TAIL PANEL,,TAIL PANEL BAJAJ,ST1503A,,0.00,810,Inclusive,0,Inclusive,0,3,,No,0,
672fff4b-4da8-4cba-bd87-ef93fa4e8dcf,SAI KIRAN PLN ES BK/RED SIDE PANEL,,,SP1097A,,0.00,790,Inclusive,0,Inclusive,0,2,,No,0,
c1926a56-0e2b-4475-8b04-5b50a41efe06,SAI KIRAN PLN LED BK-BROWN VISOR,,VISOR BAJAJ,SV1782A5,,0.00,710,Inclusive,0,Inclusive,0,5,,No,0,
03c1480a-2683-4905-a5aa-cadf4eb75dd6,SAI KIRAN PLN/LED BK/GREY SIDE PANEL,,,SP1097-H-2,,0.00,820,Inclusive,0,Inclusive,0,2,,No,0,
d9f9f916-d3de-4b09-9bea-1491083b0607,SAI KIRAN PLN LED BK SILVER TAIL PANNEL,,TAIL PANEL BAJAJ,ST1503G,,0.00,850,Inclusive,0,Inclusive,0,2,,No,0,
b044357f-aafd-425a-9a96-495efd45149f,SAI KIRAN PLN LED TOTAL RED SIDE PANEL,,SIDE PANEL PLATINA,SP1097H,,0.00,820,Inclusive,0,Inclusive,0,1,,No,0,
f91d83c1-6a70-4179-8359-fbf830a258fa,SAI KIRAN PLN O/MTP-REDTAIL PANNEL,,TAIL PANEL BAJAJ,ST1493A,,0.00,750,Inclusive,0,Inclusive,0,2,,No,0,
bf9518af-b86e-412d-bc35-0b31ab572790,SAI KIRAN PLN OND BK/SILVER,,TAIL PANEL BAJAJ,ST1491,,0.00,750,Inclusive,0,Inclusive,0,2,,No,0,
895ec587-7956-4dfb-8f24-60381a90cbb4,SAI KIRAN PSN +BLUE/BK TAIL PANEL,,TAIL PANEL HH,ST1272,,0.00,695,Inclusive,0,Inclusive,0,2,,No,0,
624aceae-5f82-4f25-a6ef-a36a950c22f4,SAI KIRAN PSN PRO  BK /BLUE  VISOR,,VISOR HH,SV0424,,0.00,780,Inclusive,0,Inclusive,0,4,,No,0,
ad70d124-cc11-40d6-8b1c-5950db0dd2e9,SAI KIRAN SHINE BS6 BLK/RED,,SIDE PANEL SHINE,SP1037D,,0.00,1370,Inclusive,0,Inclusive,0,3,,No,0,
dedf9495-77bc-468b-a4e7-8fa234b4a36b,SAI KIRAN SPL+BS6 2 SIDE SCREW BLACK SIDE PANEL,,SIDE PANEL SPLENDOR,SP0853G,,0.00,550,Inclusive,0,Inclusive,0,4,,No,0,
6e2615e4-f2c7-4974-a1a7-89905744b138,SAI KIRAN SPL BS6 BLACK ,,TAIL PANEL HH,ST1255E,,0.00,515,Inclusive,0,Inclusive,0,0,,No,0,
24bd5410-ba78-460f-b3e4-f71054c8c12f,SAI KIRAN SPL I-SMART 110 BLACK,,MUDGUARD HH,SM0023-F,,0.00,640,Inclusive,0,Inclusive,0,3,,No,0,
16f962a9-f930-4219-a9d4-3239b052cf3d,SAI KIRAN SPL I-SMART 110CC  VISOR  SILVER -RED,,VISOR HH,SV0399C,,0.00,900,Inclusive,0,Inclusive,0,1,,No,0,
e7c1e224-8101-471b-b2f4-5c7e197521a0,SAI KIRANSPL I-SMART BK MUDGARD,,MUDGUARD HH,SM0023E,,0.00,610,Inclusive,0,Inclusive,0,3,,No,0,
ecabcfdb-1c7b-4dc5-80ec-18394b1c2dcd,SAI KIRAN SPL I SMART SILVER -GREY VISOR,,VISOR HH,SV0398,,0.00,850,Inclusive,0,Inclusive,0,2,,No,0,
83347a4d-8f50-4220-9eff-1f5935546a21,SAI KIRAN SPL PLS XTRC BS6 BK/BL,,VISOR HH,SV0339C,,0.00,520,Inclusive,0,Inclusive,0,3,,No,0,
d0653c98-1bfd-4166-9b01-58c2dba745f2,SAI KIRAN SPL + TOTAL RED TAIL PANEL,,TAIL PANEL HH,ST1237,,0.00,515,Inclusive,0,Inclusive,0,1,,No,0,
b04d438b-5ce8-42e8-a8ce-f493b3f1ffc7,SAI KIRAN STAR CITY BK-RED SIDE PANEL,,SIDE PANEL TVS,SP1166F,,0.00,780,Inclusive,0,Inclusive,0,1,,No,0,
56798112-ef3e-41bf-a9ca-bb5e281ff2d8,SAI KIRAN STAR CVTI 110 N/M BK/BLUE VISOR,,VISOR TVS,SV0772,,0.00,770,Inclusive,0,Inclusive,0,4,,No,0,
2c738b65-a4ae-406f-8385-dbe513363304,SAI KIRAN VICTOR GL  BK/GOLDEN TAIL PANNEL,,TAIL PANEL TVS,ST1515,,0.00,725,Inclusive,0,Inclusive,0,1,,No,0,
8d75e2fb-83ca-42f5-891b-6b0cf06172ca,SAI KIRAN VICTOR GL  BLACK MUDGARD,,MUDGUARD TVS,SM0223,,0.00,495,Inclusive,0,Inclusive,0,5,,No,0,
d4969c03-a4d4-499e-954d-c3e953e20f18,SAI KIRAN VICTOR GL  SILVER VISOR,,VISOR TVS,SV0727,,0.00,630,Inclusive,0,Inclusive,0,3,,No,0,
bed7fc00-87d2-441c-a210-65e5cc973fb9,SAI KIRAN VICTOR GL T-BLACK SAIDE PANEL,,,SP1141,,0.00,660,Inclusive,0,Inclusive,0,1,,No,0,
5c3da601-e5dd-4ef5-b81c-9607c1419e95,SAI K KB 4S CHAMPION BLK/GREEN,,SIDE PANEL BOXER CALIBER 4S,SP1117,,0.00,690,Inclusive,0,Inclusive,0,1,,No,0,
4cf99340-d4ce-4920-a933-5b373c213140,SAI K MAX100 RED,,SIDE PANEL TVS,SP1134,,0.00,580,Inclusive,0,Inclusive,0,3,,No,0,
fbc2781d-9ad2-48e8-a496-ea4c7365fe4a,SAI K  NEO BLK,,VISOR HH,SV0633,,0.00,490,Inclusive,0,Inclusive,0,3,,No,0,
32a7167d-af5c-4704-a46e-a1c8389e0ed5,SAI K NEW CT100 2015 BLK/BLUE,,VISOR BAJAJ,SV0691,,0.00,660,Inclusive,0,Inclusive,0,5,,No,0,
6021489b-588b-4959-a30b-41ceb436c273,SAI K PLEASURE WHITE HLV,,,SV0533,,0.00,580,Inclusive,0,Inclusive,0,2,,No,0,
f62db7ee-9389-49f7-a8d5-23bb89caf9c4,SAI K PLN 125 BLK/BLUE TP,,TAIL PANEL BAJAJ,ST1497H,,0.00,810,Inclusive,0,Inclusive,0,1,,No,0,
bdaf63cf-e9c5-4acb-be5d-c0bbdd3fb006,SAI K PLN 125 BLK/RED TP,,TAIL PANEL BAJAJ,ST1497G,,0.00,850,Inclusive,0,Inclusive,0,1,,No,0,
c1129a6a-61f4-4d4a-b303-62d5ab6dc44e,SAI K PLN BLK/BLUE VISOR,,VISOR BAJAJ,SV0694,,0.00,665,Inclusive,0,Inclusive,0,1,,No,0,
40809452-d357-4989-9524-5f2f0d6fcbcb,SAI K PLN BLUE,,MUDGUARD BAJAJ,SM0195,,0.00,455,Inclusive,0,Inclusive,0,3,,No,0,
d9160b68-a259-43c9-bedb-55627db10b00,SAI K PLN BLUE,,VISOR BAJAJ,SV0698,,0.00,655,Inclusive,0,Inclusive,0,4,,No,0,
2ebf0df1-ee4e-402b-97bf-c3d628ab3be2,SAI K PLN BS6 GLASS BLK/BLUE,,VISOR BAJAJ,SV1782J,,0.00,810,Inclusive,0,Inclusive,0,1,,No,0,
0117d29e-6403-4ff3-9ed2-da1bb5f7b247,SAI K PLN BS6 GLASS BLK/PINK,,VISOR BAJAJ,SV1782K,,0.00,810,Inclusive,0,Inclusive,0,1,,No,0,
77f73198-0a9f-4d2e-8761-9079e23c4ec2,SAI K PLN BS6 GLASS BLK/RED,,VISOR BAJAJ,SV1782I,,0.00,810,Inclusive,0,Inclusive,0,2,,No,0,
ceea0a16-4f80-4f5e-a0a7-0c989996e85f,SAI K PLN ES BLK/SILVER,,VISOR BAJAJ,SV1780,,0.00,665,Inclusive,0,Inclusive,0,6,,No,0,
7f886c9a-38d8-4ee2-abfa-4ef3469c31c4,SAI K PLN ES NEW BLK,,MUDGUARD BAJAJ,SM1783,,0.00,560,Inclusive,0,Inclusive,0,8,,No,0,
c0e79e67-9dec-45ca-9bfe-7f3897de7b33,SAI K PLN ES NEW BLK/RED,,VISOR BAJAJ,SV1783,,0.00,620,Inclusive,0,Inclusive,0,7,,No,0,
6ed683ac-7a55-4739-9a8e-40f0fb00326b,SAI K PLN ES NEW RED,,VISOR BAJAJ,SV1781,,0.00,655,Inclusive,0,Inclusive,0,3,,No,0,
7e9cc015-132d-46a7-a84a-8783bbe6d273,SAI K PLN ES RED MUDGUARD,,MUDGUARD BAJAJ,SM1784,,0.00,630,Inclusive,0,Inclusive,0,3,,No,0,
73a3e1b6-6474-4903-9e3a-c76b2410a3fa,SAI K PLN GREY,,VISOR BAJAJ,SV0697,,0.00,630,Inclusive,0,Inclusive,0,1,,No,0,
8c082a11-b0d8-4b76-8ca8-f4f12d74bb37,SAI K PLN LED BLK/RED,,VISOR BAJAJ,SV1782B,,0.00,705,Inclusive,0,Inclusive,0,4,,No,0,
80783d6d-1f33-4429-b521-dc98ec5b0f76,SAI K PLN LED BLK/SILVER,,VISOR BAJAJ,SV1782A,,0.00,695,Inclusive,0,Inclusive,0,10,,No,0,
90fa0801-fb8a-442b-a2ae-f053d039c415,SAI K PLN LED BS4 BLK/BROWN,,VISOR BAJAJ,SV1782H1,,0.00,760,Inclusive,0,Inclusive,0,3,,No,0,
b99be850-aefa-4d0f-a9f2-b71f5b498f13,SAI K PLN MAT BLK ,,SIDE PANEL PLATINA,SP1086,,0.00,690,Inclusive,0,Inclusive,0,5,,No,0,
0dd7dd0a-38bf-4e58-85da-5e8cbcca56af,SAI K PLN OLD BLK/MARRON TP,,TAIL PANEL BAJAJ,ST1492,,0.00,680,Inclusive,0,Inclusive,0,5,,No,0,
b7b52a7c-5e7f-4fb0-88e4-e5f337be6112,SAI K PLN OLD BLK/RED,,VISOR BAJAJ,SV0693,,0.00,665,Inclusive,0,Inclusive,0,11,,No,0,
ac3d5b0c-e6cf-4c2b-92d8-98e7d8f0fef5,SAI K PLN OLD BLK/RED TP,,TAIL PANEL BAJAJ,ST1494,,0.00,680,Inclusive,0,Inclusive,0,2,,No,0,
c7f39664-11f3-4bd0-8eb1-28671dd8a96b,SAI K PLN OLD BLK/SILVER,,VISOR BAJAJ,SV0692,,0.00,665,Inclusive,0,Inclusive,0,7,,No,0,
b4217e49-1a6d-4efd-b0ef-23c22a729ad8,SAI K PLN RED,,MUDGUARD BAJAJ,SM0194,,0.00,455,Inclusive,0,Inclusive,0,1,,No,0,
f8004edd-209e-4492-9d96-cfb6424c9819,SAI K PLN RED,,VISOR BAJAJ,SV0695,,0.00,665,Inclusive,0,Inclusive,0,5,,No,0,
dd7d2e88-7384-46b4-8518-d5c9f738743e,SAI K PLN RED,,SIDE PANEL PLATINA,SP1088,,0.00,630,Inclusive,0,Inclusive,0,0,,No,0,
4ed19266-e0c6-4b81-9568-f64f1bcb095f,SAI K PLSR 150 2019M BLK/RED TP,,TAIL PANEL BAJAJ,ST1450D,,0.00,1100,Inclusive,0,Inclusive,0,1,,No,0,
e3b7df5b-6ea7-4895-a726-50436f2d2e56,SAI K PLSR 200/220 DIGI BLK,,MUDGUARD BAJAJ,SM0206,,0.00,550,Inclusive,0,Inclusive,0,5,,No,0,
7f985897-a1cd-467c-b097-2a9359651669,SAI K PLSR 200/220 DIGI GREY,,MUDGUARD BAJAJ,SM0205B,,0.00,550,Inclusive,0,Inclusive,0,2,,No,0,
55e37b50-858e-4dde-87bd-35bc3dce43a8,SAI K PLSR 220 RED,,MUDGUARD BAJAJ,SM0207,,0.00,550,Inclusive,0,Inclusive,0,2,,No,0,
1b7d394d-9115-4d1b-ac8c-6e54069bc355,SAI K PLSR ALL BLK,,SIDE PANEL PULSAR,SP1056,,0.00,620,Inclusive,0,Inclusive,0,3,,No,0,
c2e927e3-8769-4b1d-999d-01e95942b971,SAI K PLSR BLK TP,,TAIL PANEL BAJAJ,ST1431,,0.00,960,Inclusive,0,Inclusive,0,3,,No,0,
5566e8b5-4441-444e-a428-e9476f47594e,SAI K PLSR DTSI BLK,,VISOR BAJAJ,SV0637,,0.00,605,Inclusive,0,Inclusive,0,4,,No,0,
ae2d6a3b-0ca1-4c07-bef3-8554f4fa0116,SAI K PLSR DTSI BLK,,MUDGUARD BAJAJ,SM0199,,0.00,475,Inclusive,0,Inclusive,0,6,,No,0,
13c8bdc5-d837-42e5-8180-7bc0ad38cf81,SAI K PLSR DTSI GREY/SILVER,,MUDGUARD BAJAJ,SM0201,,0.00,475,Inclusive,0,Inclusive,0,2,,No,0,
d4561e1c-7396-49f5-abc4-152f1f629f83,SAI K PLSR DTSI RED,,VISOR BAJAJ,SV0638,,0.00,590,Inclusive,0,Inclusive,0,1,,No,0,
11fe1384-2d19-4ba6-8d0a-817e023f9e58,SAI K PLSR DTSI SIL/GREY,,VISOR BAJAJ,SV0640,,0.00,720,Inclusive,0,Inclusive,0,1,,No,0,
8bb1f92b-d1ec-40c8-be8d-5340c4e441a2,SAI K PLSR RED,,MUDGUARD BAJAJ,SM0200,,0.00,465,Inclusive,0,Inclusive,0,5,,No,0,
a5da3e5e-81f5-4f1f-a0fc-e579e37c0ec5,SAI K PLSR UG 3 BLK TP,,TAIL PANEL BAJAJ,ST1435A,,0.00,950,Inclusive,0,Inclusive,0,0,,No,0,
08128edd-efbb-4182-8756-5ee794815eec,SAI K PLSR UG 5 BLK/GREY,,VISOR BAJAJ,SV0642C,,0.00,720,Inclusive,0,Inclusive,0,3,,No,0,
9c4cfedf-3a5e-4586-9711-c1271f6fbd6f,SAI K PLSR UG 5 BLK/RED,,VISOR BAJAJ,SV0642A,,0.00,720,Inclusive,0,Inclusive,0,1,,No,0,
5f7d7599-1162-4de2-8787-47b313d22fd8,SAI K PLSR UG 7 BLK/RED,,VISOR BAJAJ,SV0646A,,0.00,740,Inclusive,0,Inclusive,0,1,,No,0,
76d0e594-4325-4dd4-873e-e7a17d23cadd,SAI K PLSR UG 7 BLK/SILVER,,VISOR BAJAJ,SV0646B,,0.00,740,Inclusive,0,Inclusive,0,1,,No,0,
ea01f3cd-3b83-496f-9a9c-2ff42fbc8bd2,SAI K PSN PLS AW RED/BLK,,SIDE PANEL PASSION,SP0965,,0.00,660,Inclusive,0,Inclusive,0,3,,No,0,
fa8ab7b9-6b3c-4378-acad-c33ba34884f0,SAI K PSN  PLS BLK,,MUDGUARD HH,SM0024,,0.00,450,Inclusive,0,Inclusive,0,4,,No,0,
ac12f3d6-3172-44f3-a556-6d8bdef785a1,SAI K PSN PLS BLK/BLUE,,VISOR HH,SV0407,,0.00,455,Inclusive,0,Inclusive,0,6,,No,0,
a0b26c86-d0d1-4ec9-ab0d-552d6ac309f0,SAI K PSN PLS BLK/ORANGE,,VISOR HH,SV0409,,0.00,455,Inclusive,0,Inclusive,0,1,,No,0,
faa58464-8887-4476-8c6b-6ac94559eb14,SAI K PSN PLS BLK/RED,,VISOR HH,SV0408,,0.00,455,Inclusive,0,Inclusive,0,1,,No,0,
1a2f6808-b766-4a6b-bb81-fdb61170836d,SAI K PSN PLS RED/BLK TP,,TAIL PANEL HH,ST1271,,0.00,695,Inclusive,0,Inclusive,0,3,,No,0,
3738cacf-0169-408d-b4bc-3d68e6d0c119,SAI K PSN PLS SILVER/RED,,VISOR HH,SV0413,,0.00,465,Inclusive,0,Inclusive,0,1,,No,0,
16206af8-6a41-411e-a8e7-81c76ebb2e0d,SAI K PSN PLS TOTAL RED MUDGUARD,,MUDGUARD HH,SM0025,,0.00,450,Inclusive,0,Inclusive,0,4,,No,0,
67bf24c0-81b7-488d-bf0c-454d3176221b,SAI K PSN PRO 2016 BLK/GREY,,VISOR HH,SV0422C,,0.00,825,Inclusive,0,Inclusive,0,2,,No,0,
3c8a06b4-8e85-43cb-aab8-6fd71a444313,SAI K PSN PRO DIGI GREY/BLK TP,,TAIL PANEL HH,ST1283,,0.00,772,Inclusive,0,Inclusive,0,5,,No,0,
44eccf3b-aa4c-47af-ad9f-bab5547485fb,SAI K PSN PRO DIGITAL BLK/GREY,,VISOR HH,SV0429,,0.00,720,Inclusive,0,Inclusive,0,4,,No,0,
11461a98-97b8-4d27-bd2a-f33035e85eb5,SAI K PSN PRO DIGITAL BLK/RED,,VISOR HH,SV0427,,0.00,780,Inclusive,0,Inclusive,0,3,,No,0,
886af8c6-3573-4a90-a243-09c0232107d5,SAI K PSN PRO DIGITAL RED/BLK TP,,TAIL PANEL HH,ST1281,,0.00,695,Inclusive,0,Inclusive,0,1,,No,0,
a1ee40e2-9fb5-452d-82fd-4920bfaffa5d,SAI K PSN PRO GREY/BLK,,SIDE PANEL PASSION,SP0977,,0.00,650,Inclusive,0,Inclusive,0,1,,No,0,
ea2efca8-9903-42cf-bd66-12b4a3a659fc,SAI K PSN PRO WHITE,,INDICATOR HH,IND004,,0.00,110,Inclusive,0,Inclusive,0,1,,No,0,
104efcca-3641-4950-9d94-84560e0c5e3f,SAI K SHINE BLK/RED ,,SIDE PANEL SHINE,SP1042F,,0.00,1160,Inclusive,0,Inclusive,0,2,,No,0,
b6c8341b-7de5-4525-88de-425a2adac523,SAI K SHINE CB SHINE GREY,,MUDGUARD HH,SM0119,,0.00,485,Inclusive,0,Inclusive,0,4,,No,0,
84873d82-a0c2-4f95-834b-d45801703fc3,SAI K SHINE DREAM YUGA BLK,,MUDGUARD HH,SM0124,,0.00,540,Inclusive,0,Inclusive,0,3,,No,0,
283bae5b-b2c2-4bf3-a8eb-cacf177bd9bc,SAI K SHINE SP BLK/GREY ,,VISOR HH,SV0581J,,0.00,910,Inclusive,0,Inclusive,0,1,,No,0,
5a4d7932-fd82-4ab3-9f9a-23f8555726da,SAI K SHINE T3 BLK/RED ZSTK,,VISOR HH,SV0567,,0.00,530,Inclusive,0,Inclusive,0,4,,No,0,
8d83a6e8-d114-406a-8af9-d24f0df6658f,SAI K SHINE T3 BLK/SILVER Z STK,,VISOR HH,SV0568,,0.00,565,Inclusive,0,Inclusive,0,5,,No,0,
76c46c89-b2cb-47aa-b9c3-3be9594e6cfc,SAI K SHINE T3 GREY ,,SIDE PANEL SHINE,SP1042,,0.00,765,Inclusive,0,Inclusive,0,1,,No,0,
3e1db427-10ce-450e-a780-bc9c598f6650,SAI K SPL BLK,,MUDGUARD HH,SM0001,,0.00,435,Inclusive,0,Inclusive,0,6,,No,0,
689376e6-2b88-4ff0-b20e-d8e3d0e2b53c,SAI K SPL BLK/BLUE VISOR,,VISOR HH,SV0336,,0.00,375,Inclusive,0,Inclusive,0,5,,No,0,
7778fb98-c488-4a4b-b364-65d23da7dec1,SAI K SPL BLK TP,,TAIL PANEL HH,ST1215,,0.00,425,Inclusive,0,Inclusive,0,5,,No,0,
3aad2ab0-575c-4c70-996e-e9760d918fb1,SAI K SPL BS6 BLK/BLUE SP,,SIDE PANEL SPLENDOR,SP0874A,,0.00,550,Inclusive,0,Inclusive,0,6,,No,0,
b6ada68b-7292-400c-b942-9ed6a95a8ee9,SAI K SPL BS6 BLK/GREY,,VISOR HH,SV0345H,,0.00,420,Inclusive,0,Inclusive,0,4,,No,0,
938fa71d-0af9-4105-8917-24d1a7e0a5cb,SAI K SPL BS6 BLK/GREY SP,,SIDE PANEL SPLENDOR,SP0874C,,0.00,550,Inclusive,0,Inclusive,0,2,,No,0,
e8fad127-5e53-49a6-b9c0-ac8f70277904,SAI K SPL BS6 BLK/RED,,SIDE PANEL SPLENDOR,SP0874B,,0.00,550,Inclusive,0,Inclusive,0,2,,No,0,
2d41c8d8-31eb-421c-8777-f1fa2a6f26fb,SAI K SPL BS6 BLK/RED,,VISOR HH,SV0345F,,0.00,420,Inclusive,0,Inclusive,0,3,,No,0,
21968ac6-4e84-47b1-9b33-695e559e6d69,SAI K SPL OLD BLK. SIDE PANEL,,SIDE PANEL SPLENDOR,SP0853,,0.00,460,Inclusive,0,Inclusive,0,4,,No,0,
f4e86435-58f1-4eb5-9121-13df15fcd695,SAI K SPL PLS AW BLK/SILVER,,VISOR HH,SV0337,,0.00,375,Inclusive,0,Inclusive,0,18,,No,0,
815c8f1e-8eaf-4bf0-970a-1d29237f654b,SAI K SPL PLS AW BLK/SILVER SP,,SIDE PANEL SPLENDOR,SP0874,,0.00,510,Inclusive,0,Inclusive,0,4,,No,0,
589df146-980d-449b-995d-e0676c7c0464,SAI K SPL PLS BIG PATTI RED TP,,TAIL PANEL HH,ST1230,,0.00,480,Inclusive,0,Inclusive,0,4,,No,0,
3450884f-7d82-4b11-a51a-4d498fbdbfeb,SAI K SPL PLS BLK,,VISOR HH,SV0330,,0.00,350,Inclusive,0,Inclusive,0,10,,No,0,
f53098d4-15f2-4fb8-8168-5879205f8ef3,SAI K SPL PLS BLK/BLUE SIDE PANEL,,SIDE PANEL SPLENDOR,SP0870,,0.00,520,Inclusive,0,Inclusive,0,3,,No,0,
b05d2eb0-c2b1-4572-9cf8-162fb06f01aa,SAI K SPL PLS BLK/BLUE TP,,TAIL PANEL HH,ST1229,,0.00,470,Inclusive,0,Inclusive,0,5,,No,0,
1144d30f-f529-466c-a909-c931e989958a,SAI K SPL PLS BLK/PURPLE TP,,TAIL PANEL HH,ST1232,,0.00,460,Inclusive,0,Inclusive,0,1,,No,0,
c61010b3-3833-4916-9a0c-75c52cc6a50e,SAI K SPL PLS BS4 BLK/BLUE SIDE PANEL,,SIDE PANEL SPLENDOR,SP0861A,,0.00,520,Inclusive,0,Inclusive,0,1,,No,0,
e7deeae2-f3dc-4c33-b00c-d13c2eb4e619,SAI K SPL PLS BS4  BLK/GREY SIDE PANEL,,SIDE PANEL SPLENDOR,SP0861B,,0.00,530,Inclusive,0,Inclusive,0,3,,No,0,
22dc1713-b719-4b6b-b870-5aabefb16c7b,SAI K SPL PLS BS4 BLK/GREY SIDE PANEL,,SIDE PANEL SPLENDOR,SP0853C,,0.00,520,Inclusive,0,Inclusive,0,7,,No,0,
af35fad3-35a9-40ee-8746-1153068671a5,SAI K SPL PLS BS4 BS6 BLK,,MUDGUARD HH,SM0077A,,0.00,510,Inclusive,0,Inclusive,0,4,,No,0,
9dcfb273-bce5-4b8e-b74d-346d7b656565,SAI K SPL PLS BS6 BLK/BLUE,,VISOR HH,SV0345G,,0.00,420,Inclusive,0,Inclusive,0,3,,No,0,
439d10f2-9755-419c-857c-b7330218080e,SAI K SPL PLS BS6 BLK/BLUE TP,,TAIL PANEL HH,ST1255A,,0.00,550,Inclusive,0,Inclusive,0,8,,No,0,
b5163365-bc4c-43c2-babf-981aef0a89ea,SAI K SPL PLS BS6 BLK/GREY TP,,TAIL PANEL HH,ST1255C,,0.00,550,Inclusive,0,Inclusive,0,7,,No,0,
8bdad99b-9a12-43d4-9e75-1791bd66132a,SAI K SPL PLS BS6 BLK/RED TP,,TAIL PANEL HH,ST1255B,,0.00,550,Inclusive,0,Inclusive,0,8,,No,0,
8f31d31a-a498-4281-a1be-975896001619,SAI K SPL PLS RED ,,VISOR HH,SV0331,,0.00,360,Inclusive,0,Inclusive,0,4,,No,0,
148d7c1b-b0f5-4ee2-bbc6-fced5bd0481c,SAI K SPL PLS  RED/GOLDEN SIDE PANEL,,SIDE PANEL SPLENDOR,SP0865,,0.00,520,Inclusive,0,Inclusive,0,2,,No,0,
9002085c-85f1-4595-a853-63a2a4b2caa2,SAI K SPL PLS RED/GOLDEN TP,,TAIL PANEL HH,ST1224,,0.00,470,Inclusive,0,Inclusive,0,1,,No,0,
034dd1ab-1c6d-4a26-9b80-9fb8190cc152,SAI K SPL PLS SILVER TP,,TAIL PANEL HH,ST1231,,0.00,460,Inclusive,0,Inclusive,0,2,,No,0,
36bbfbc8-6b3c-4b1d-9f25-d5082ef4db37,SAI K SPL PLS SMALL PATTI BLK/BLUE TP,,TAIL PANEL HH,ST1234,,0.00,515,Inclusive,0,Inclusive,0,5,,No,0,
7ae00a56-8d1e-44b5-b0ad-f47640182249,SAI K SPL PLS SMALL PATTI BLK/SILVER TP,,TAIL PANEL HH,ST1235,,0.00,515,Inclusive,0,Inclusive,0,8,,No,0,
d9f8b34b-cc68-402f-a529-5a9e81d26ceb,SAI K SPL PLS XTRC VISOR,,VISOR HH,SV0339F,,0.00,520,Inclusive,0,Inclusive,0,3,,No,0,
7572b5b3-f123-44ed-9037-3937582bec81,SAI K SPL PLUS BLK/GREY TP,,TAIL PANEL HH,ST1233,,0.00,480,Inclusive,0,Inclusive,0,10,,No,0,
50fd0595-ddd4-49ab-8b8e-f3c873f4c389,SAI K SPL PRO BLK/BLUE SIDE PANEL,,SIDE PANEL SPLENDOR,SP0881,,0.00,490,Inclusive,0,Inclusive,0,4,,No,0,
be8ecc6a-788f-4505-a269-596f95bcee31,SAI K SPL PRO BLK/BLUE SP,,SIDE PANEL SPLENDOR,SP0889,,0.00,500,Inclusive,0,Inclusive,0,2,,No,0,
71b2b0da-a602-40aa-a787-e16b9b6ceecc,SAI K SPL PRO BLK/BLUE TP,,TAIL PANEL HH,ST1240,,0.00,470,Inclusive,0,Inclusive,0,5,,No,0,
4a1413f7-3d24-48de-9b73-c153330fa048,SAI K SPL PRO BLK/GREY SIDE PANEL,,SIDE PANEL SPLENDOR,SP0883,,0.00,510,Inclusive,0,Inclusive,0,2,,No,0,
b838c987-00d9-433b-b499-d9725eb97781,SAI K SPL PRO BLK/SILVER SP,,SIDE PANEL SPLENDOR,SP0891,,0.00,490,Inclusive,0,Inclusive,0,1,,No,0,
b66d8e18-3db9-460e-a8c0-1377fc8960cd,SAI K SPL PRO BLK/SILVER TAIL P ,,TAIL PANEL HH,ST1250,,0.00,525,Inclusive,0,Inclusive,0,3,,No,0,
72cd00ba-e5e4-4cd8-bf6e-dfde5ae3a300,SAI K SPL PRO CD DLX BLK,,MUDGUARD HH,SM0077,,0.00,475,Inclusive,0,Inclusive,0,8,,No,0,
3bd3a25a-9361-4b66-98bc-4c51d1183401,SAI K SPL PRO SILVER/BLUE,,VISOR HH,SV0351,,0.00,410,Inclusive,0,Inclusive,0,2,,No,0,
8cf6d5d2-1c8c-4044-940a-253cf9d42248,SAI K SPL RED,,MUDGUARD HH,SM0002,,0.00,445,Inclusive,0,Inclusive,0,5,,No,0,
a8db99f1-ef5c-47f8-a4ed-4178b8f664e9,SAI K SPL SILVER,,MUDGUARD HH,SM0004,,0.00,445,Inclusive,0,Inclusive,0,2,,No,0,
9ce2b546-ff2c-4cdc-a058-5ea67dace256,SAI K SPL TO BLUE MUDGUARD,,MUDGUARD HH,SM0006,,0.00,445,Inclusive,0,Inclusive,0,1,,No,0,
c25b7cd6-7dc0-481d-aa28-90c1ef483010,SAI K STAR CITY 110 HORSE TYPE BLK/PURPLE,,VISOR TVS,SV0767,,0.00,740,Inclusive,0,Inclusive,0,3,,No,0,
22d3fcf9-92f6-4178-b6c6-4a876017d00c,SAI K STAR CITY BLK/GREY TP,,TAIL PANEL TVS,ST1537G,,0.00,830,Inclusive,0,Inclusive,0,2,,No,0,
e3ddf36d-1087-4fd8-89de-70444ff45197,SAI K STAR CITY BLK/PURPLE TP,,TAIL PANEL TVS,ST1534,,0.00,760,Inclusive,0,Inclusive,0,2,,No,0,
650abb6f-67d5-43ee-bf33-03182084f942,SAI K STAR CITY CVTI 110 BLK/BLUE TP,,TAIL PANEL TVS,ST1537D,,0.00,770,Inclusive,0,Inclusive,0,1,,No,0,
f4955930-1533-47d7-b9c2-83bc8b3afb3f,SAI K STAR CITY CVTI 110 BLK/GREY TP,,TAIL PANEL TVS,ST1537B,,0.00,840,Inclusive,0,Inclusive,0,3,,No,0,
b7896bd9-fac7-491f-92c3-e3c7df030080,SAI K STAR CITY CVTI 110 NEW BLK/BLUE,,SIDE PANEL TVS,SP1166J,,0.00,760,Inclusive,0,Inclusive,0,5,,No,0,
a29bdf5e-6c6e-465d-a913-7bd319598933,SAI K STAR CITY CVTI 110 NEW BLK/RED TP,,TAIL PANEL TVS,ST1537C,,0.00,770,Inclusive,0,Inclusive,0,3,,No,0,
c30d64d9-5e07-4ab4-a6c4-ab929eaee149,SAI K STAR CITY CVTI 110 NEW BLK/SILVER,,SIDE PANEL TVS,SP1166C,,0.00,760,Inclusive,0,Inclusive,0,1,,No,0,
dde15654-4b9e-4048-bc91-47ae4fa330be,SAI K  STAR CITY NEW BLK/PURPLE,,SIDE PANEL TVS,SP1162,,0.00,750,Inclusive,0,Inclusive,0,4,,No,0,
bacb5a74-406b-4d85-9e1e-d9cb35bf62fb,SAI K STAR CITY NEW BLK/PURPLE,,VISOR TVS,SV0744,,0.00,700,Inclusive,0,Inclusive,0,4,,No,0,
a51f1835-04ab-479f-a1f1-2cc708f2292f,SAI K STAR CITY NEW PURPLE ,,VISOR TVS,SV0747,,0.00,690,Inclusive,0,Inclusive,0,1,,No,0,
73ecf2f9-76c3-4253-9349-450262a622f3,SAI K STAR CITY NEW PURPLE TP,,TAIL PANEL TVS,ST1537,,0.00,720,Inclusive,0,Inclusive,0,1,,No,0,
d607bd43-382e-49eb-8450-05e472b027b1,SAI K STAR CITY NEW RED,,VISOR TVS,SV0745,,0.00,690,Inclusive,0,Inclusive,0,2,,No,0,
eb4fadd8-c4b8-4238-b86d-c582641f346f,SAI K STAR CITY NEW RED,,SIDE PANEL TVS,SP1163,,0.00,750,Inclusive,0,Inclusive,0,1,,No,0,
f19bade8-cfbf-43de-b886-edf0225f433e,SAI K STAR CITY OLD BLK/ORANGE,,SIDE PANEL TVS,SP1159,,0.00,720,Inclusive,0,Inclusive,0,3,,No,0,
44768c10-f12c-40bf-97ec-52160ebe0687,SAI K STAR CITY OLD BLK/ORANGE,,VISOR TVS,SV0741,,0.00,690,Inclusive,0,Inclusive,0,4,,No,0,
f1de1b61-7490-4d5d-bc96-8a7f4aaa08aa,SAI K STAR CITY OLD BLK/ORANGE TP,,TAIL PANEL TVS,ST1531,,0.00,720,Inclusive,0,Inclusive,0,1,,No,0,
0764972e-441c-4cfe-b2f0-eba93e1ccb94,SAI K STAR CITY OLD PURPLE ,,VISOR TVS,SV0743,,0.00,690,Inclusive,0,Inclusive,0,1,,No,0,
5e77eccc-d3e1-4d65-95ef-9f0330670c55,SAI K STAR CITY OLD RED,,VISOR TVS,SV0742,,0.00,720,Inclusive,0,Inclusive,0,2,,No,0,
94038d15-d900-4a5c-a87a-73c85c79ad4e,SAI K STAR CITY PLS 110 BLK/GREY,,SIDE PANEL TVS,SP1166F1,,0.00,1150,Inclusive,0,Inclusive,0,3,,No,0,
fd5ce7f5-1488-4196-a1e7-cefc6d3f317f,SAI K STAR CITY PLS BLK,,MUDGUARD TVS,SM0239,,0.00,550,Inclusive,0,Inclusive,0,3,,No,0,
29d776bb-22f9-45f1-9225-c737afd29f2d,SAI K STAR CITY PLS BLK/BLUE,,VISOR TVS,SV0751C,,0.00,755,Inclusive,0,Inclusive,0,1,,No,0,
7bebbdd7-854e-4363-9fea-e94062b42115,SAI K STAR CITY PLS BLK/GREY,,VISOR TVS,SV0749A,,0.00,765,Inclusive,0,Inclusive,0,2,,No,0,
101e5ba8-cd62-442e-a950-b2f36fe30279,SAI K STAR CITY PLS BLK/GREY TP,,TAIL PANEL TVS,ST1543E,,0.00,1160,Inclusive,0,Inclusive,0,1,,No,0,
233d774f-3d31-4758-a630-c2e72a4c2013,SAI K STAR CITY PLS BLK/RED,,VISOR TVS,SV0749,,0.00,765,Inclusive,0,Inclusive,0,2,,No,0,
8573f8e2-3bbf-47ef-b76e-a14127171752,SAI K STAR CITY RED TP,,TAIL PANEL TVS,ST1535,,0.00,760,Inclusive,0,Inclusive,0,2,,No,0,
18be0896-6a2a-4e16-b94c-f7e06f330554,SAI K STAR CITY T3 BLK/BLUE,,VISOR TVS,SV0785,,0.00,730,Inclusive,0,Inclusive,0,2,,No,0,
0fd42f3b-a539-4e9f-9aa9-3ca438df5d47,SAI K STAR CITY T3 BLK/GREEN,,VISOR TVS,SV0788,,0.00,690,Inclusive,0,Inclusive,0,2,,No,0,
f0903876-f5e1-43bb-841c-1b757f9f14a2,SAI K STAR CITY T3 BLK/GREY ,,SIDE PANEL TVS,SP1166G,,0.00,770,Inclusive,0,Inclusive,0,3,,No,0,
fa2cae93-aef4-4f43-96ea-c6b26ced15dc,SAI K STAR CITY T3 BLK/RED,,VISOR TVS,SV0784,,0.00,700,Inclusive,0,Inclusive,0,3,,No,0,
fd97340d-428b-456c-9345-12cb87be0be2,SAI K STAR CITY T3 BLK/SILVER,,VISOR TVS,SV0786,,0.00,730,Inclusive,0,Inclusive,0,4,,No,0,
54c74a45-37df-4f1a-a9be-338c474cbc04,SAI K STAR CITY T3 BLK/YELLOW,,VISOR TVS,SV0787,,0.00,690,Inclusive,0,Inclusive,0,2,,No,0,
2f167a56-8e77-4376-ad56-a787fc15593e,SAI K STAR CITY T3 RED,,VISOR TVS,SV0789,,0.00,690,Inclusive,0,Inclusive,0,1,,No,0,
dfadebe7-24b0-4c42-9373-2cae49a90ea7,SAI K STAR CVTI 110 H/T SILVER VISOR,,VISOR TVS,SV0770,,0.00,740,Inclusive,0,Inclusive,0,3,,No,0,
abffbb49-eaa1-4baa-bbd1-0ed47353722f,SAI K STAR CVTI 110 NEW BLK/RED,,VISOR TVS,SV0771,,0.00,700,Inclusive,0,Inclusive,0,5,,No,0,
a471ac17-767d-434e-9d2b-f247cee9cb69,SAI K STAR CVTI 110 NEW BLK/SILVER,,VISOR TVS,SV0773,,0.00,740,Inclusive,0,Inclusive,0,5,,No,0,
7896f91d-7cd5-477d-8b4c-57b2845ddd0f,SAI K STAR CVTI 110 NEW BLK/YELLOW,,VISOR TVS,SV0775,,0.00,690,Inclusive,0,Inclusive,0,1,,No,0,
3daefd4e-2bfa-4ab5-9f2a-d91fc95c92da,SAI K STAR CVTI 110 NEW RED,,VISOR TVS,SV0777,,0.00,690,Inclusive,0,Inclusive,0,1,,No,0,
74b5ebf3-1894-4e13-8e82-2f2a11ee2330,SAI K STAR CVTI 110 NEW T3 BLK/SILVER,,MUDGUARD TVS,SM0249,,0.00,590,Inclusive,0,Inclusive,0,1,,No,0,
e841b8b2-9f67-4e83-9ae5-073b24d4c945,SAI K STAR CVTI HORSE TYPE BLK/BLUE,,VISOR TVS,SV0766,,0.00,740,Inclusive,0,Inclusive,0,0,,No,0,
a2a3a9d8-7c26-4379-bc12-a9f6cb3a544b,SAI K STAR CVTI NEW BLK/GREEN,,VISOR TVS,SV0776,,0.00,690,Inclusive,0,Inclusive,0,2,,No,0,
50a5370e-53c0-422a-b955-3cd3c5b1f2e1,SAI K STAR CVTI RED ,,MUDGUARD TVS,SM0240,,0.00,530,Inclusive,0,Inclusive,0,2,,No,0,
eb0a9e87-3b36-41e1-88e6-2a22edc5c88e,SAI K STAR SPORT BLK/BLUE TP,,TAIL PANEL TVS,ST1543B,,0.00,990,Inclusive,0,Inclusive,0,1,,No,0,
7acdc6e7-6068-42f2-b992-f9732ace44cf,SAI K STAR SPORT BLK/ORANGE TP,,TAIL PANEL TVS,ST1443A,,0.00,990,Inclusive,0,Inclusive,0,1,,No,0,
e9236385-af99-4e4e-8862-cfb125462d6b,SAI K STAR SPORT OLD BLK/RED,,SIDE PANEL TVS,SP1167A,,0.00,880,Inclusive,0,Inclusive,0,1,,No,0,
0505a492-e9a1-4586-a41a-946a003f4e6e,SAI K STAR SPORT T3 BLK/BLUE,,VISOR TVS,SV0782A,,0.00,670,Inclusive,0,Inclusive,0,3,,No,0,
2b5f06ba-8dff-4404-9761-887409ec5884,SAI K STAR SPORT T3 BLK/GREEN,,VISOR TVS,SV0779,,0.00,670,Inclusive,0,Inclusive,0,2,,No,0,
7199ad48-e95e-4e54-888f-5c964bba1629,SAI K STAR SPORT T3 BLK/RED,,VISOR TVS,SV0778,,0.00,670,Inclusive,0,Inclusive,0,5,,No,0,
85b9afda-366a-4983-8cbc-fd3d2e41e7fb,SAI K STAR SPORT T3 RED,,VISOR TVS,SV0780,,0.00,760,Inclusive,0,Inclusive,0,2,,No,0,
d9f4b9ae-cb03-4d94-9bf2-db3e5e3d0e0f,SAI K SUPER SPL BLK/RED/SILVER,,VISOR HH,341325452107,,0.00,680,Inclusive,0,Inclusive,0,1,,No,0,
94ffb4b0-db04-4bf1-8030-9f837405c03e,SAI K UNICORN BLK,,SIDE PANEL UNICORN,SP1045,,0.00,1090,Inclusive,0,Inclusive,0,3,,No,0,
9f1813b2-0d14-4eab-8b62-530df4bdaa4e,SAI K UNICORN BLK,,MUDGUARD HH,SM0111,,0.00,485,Inclusive,0,Inclusive,0,5,,No,0,
a3e2e502-10dc-4bc8-95ef-d7e513512736,SAI K VICTOR OLD BLK/RED,,VISOR TVS,SV0717,,0.00,620,Inclusive,0,Inclusive,0,1,,No,0,
05a27832-b033-47a1-bf5f-7892873c65d2,SAI K VICTOR STAR CITY BLK,,MUDGUARD TVS,SM223,,0.00,450,Inclusive,0,Inclusive,0,4,,No,0,
741948c5-929b-4c58-93b1-e9096478aae1,SAI PSN PRO F P SET,,FULL PACKING SET ALL,285075342340,,0.00,160,Inclusive,0,Inclusive,0,4,,No,0,
39c6b833-aacc-4153-ab1a-4f89da6da4e8,SAI STAR CITY F.P.SET,,FULL PACKING SET ALL,643279128158,,0.00,130,Inclusive,0,Inclusive,0,1,,No,0,
9832442c-ea8d-44e3-8fb5-cebc457c3297,SAI STAR CITY HAL PAC SET,,HALF PACKING SET TVS,829897561224,,0.00,45,Inclusive,0,Inclusive,0,1,,No,0,
da21f5a7-af2b-4262-8313-253a1a1915f1,SAI STAR PLS F P SET,,FULL PACKING SET ALL,82151129729,,0.00,130,Inclusive,0,Inclusive,0,3,,No,0,
6be63c9b-6ca7-437d-9998-c46b74ee81ae,SAIWA 4S BXR CARBURETTOR WITH CHOKE,,CARBURATOR ALL,SW812,,0.00,1500,Inclusive,0,Inclusive,0,1,,No,0,
85232d0c-b538-4143-882f-905950a6241b,SAIWA ACTIVA OLD  TIM.PAD ,,OIL PUMP HH,SO742,,0.00,125,Inclusive,0,Inclusive,0,0,,No,0,
5e076dc6-2d45-44fc-950b-de56b4d52b2c,SAIWA ACTIVA RR UNIT ,,RR UNIT HH,SW738,,0.00,260,Inclusive,0,Inclusive,0,3,,No,0,
f2e629ad-9911-49a3-a26f-b7b80a3b12ba,SAIWA CALIBER OLD METER CASE,,METER CASE ALL,SO719D,,0.00,270,Inclusive,0,Inclusive,0,2,,No,0,
a0b3a835-4047-4fd0-a783-526e84a26cdd,SAIWA MAX 100 13/41 CHAIN KIT ,,CHAIN SPROCKET TVS,SO109,,0.00,925,Inclusive,0,Inclusive,0,1,,No,0,
1fc47d1f-97b3-4d88-8e4b-f7336ab3e662,SAIWA PLN METER CASE ,,METER CASE ALL,SO718,,0.00,250,Inclusive,0,Inclusive,0,2,,No,0,
11e7978a-a8be-4eab-bb0b-1c928de0e502,SAIWA RX100 GEAR LEVER,,GEAR LEVER TVS/HH,SO1024,,0.00,233,Inclusive,0,Inclusive,0,1,,No,0,
0f46b560-ea58-4045-9b91-4481fe109c2b,SAIWA SHINE 14/42 CHAIN KIT,,CHAIN SPROCKET HERO,SO037,,0.00,755,Inclusive,0,Inclusive,0,2,,No,0,
ca4f631c-179d-4f88-a1c2-5c9bfdf6466e,SAIWA SHINE CDI DIGITAL ,,CDI HH,SW740B,,0.00,1000,Inclusive,0,Inclusive,0,2,,No,0,
4aa92d64-4da4-4d0b-8892-179b64fe57b4,SAIWA SHINE CLUTCH PLATE,,CLUTCH PLATES HERO,SO1736,,0.00,375,Inclusive,0,Inclusive,0,3,,No,0,
c6a23736-6da9-483d-a4e5-2ab4b5e4badf,SAIWA SPL PLUS METER CASE,,,SO708,,0.00,240,Inclusive,0,Inclusive,0,2,,No,0,
0a3588ee-ad9c-42ed-8d18-003c407aab83,SAIWA SUZUKI METER CASE ,,METER CASE ALL,SO720,,0.00,214,Inclusive,0,Inclusive,0,4,,No,0,
ee3fa84b-fa86-4c6f-8fa8-e46ae3588b14,SAIWA VICTOR SHOCK PIPE,,SHOCK PIPE TVS FRONT,S02038,,0.00,540,Inclusive,0,Inclusive,0,2,,No,0,
ebec4548-fc4c-4282-a293-6858f0b70487,SAIWA XCD 135 CDI,,CDI COIL BAJAJ,SW741G,,0.00,1000,Inclusive,0,Inclusive,0,1,,No,0,
375b95e6-468e-4437-9454-b0d68d3615f9,SAIWA YAHAMA RX100 B.SHOE,,BREAK SHOE YAMAHA/BULLET,SO1731,,0.00,175,Inclusive,0,Inclusive,0,4,,No,0,
2ded0b1a-19d6-4c6f-aef2-3bd60e1e4753,SAL SPL OLD PSN OLD METER CABLE,,METER CABLE HERO ALL,SHH1331,,0.00,80,Inclusive,0,Inclusive,0,2,1.0,No,0,
55637ba4-44e1-4f94-a7b9-edcfdc85adac,SAL SS FRO BREAK CABLE,,BREAK CABLE HERO,SHH1336,,0.00,110,Inclusive,0,Inclusive,0,1,,No,0,
aab95f8c-2bd1-4cf9-8ad5-82d3fc2382e1,SANDHAR ACTVA HET LOCK KIT ,,MOPED LOCK KIT ALL,SLD350A,,0.00,628,Inclusive,0,Inclusive,0,1,,No,0,
929ec7ac-b6e8-4af8-b5ba-cc403c05f294,SANDHAR CBZ IG SW,,IGNITION SWITCH HH,SLD233A,,0.00,444,Inclusive,0,Inclusive,0,1,,No,0,
1057d484-c4e6-44b8-996d-be38bfab31dc,SANDHAR CD100/SS FUEL TANK CAP,,FUEL TANK CAP,SLD01,,0.00,219,Inclusive,0,Inclusive,0,2,,No,0,
763d91eb-bb2f-4871-983c-b6ad507a571d,SANDHAR CD100 WIRING,,WIRING HARNESS HERO,WH011002,,0.00,490,Inclusive,0,Inclusive,0,1,,No,0,
af042705-0800-434f-8970-6db178f5f9e7,SANDHAR CD DAWN IGNITION SWITCH,,IGNITION SWITCH BAJAJ,SLD251,,0.00,256,Inclusive,0,Inclusive,0,3,,No,0,
a60312ca-f818-4122-b0a6-24aeb30d07e6,SANDHAR DIS 4 GEAR CDI,,CDI COIL BAJAJ,SLDCD17,,0.00,770,Inclusive,0,Inclusive,0,1,,No,0,
ba5e2788-71ed-4aa7-99ba-3c7544b157ce,SANDHAR DIS ALL 2 WR,,IGNITION SWITCH BAJAJ,SLDBIG03,,0.00,415,Inclusive,0,Inclusive,0,0,,No,0,
bb607bb6-6c6e-459a-8dea-ba4d0ea72c8b,SANDHAR HF DLX BS6 4 WR,,IGNITION SWITCH HH,SLD601B6,,0.00,460,Inclusive,0,Inclusive,0,3,,No,0,
d8bed64c-d6b4-4be6-9da7-43d0fa588efa,SANDHAR IGNITION SWITCH CBZ,,IGNATION SWITCH,SLD223A,,0.00,444,Inclusive,0,Inclusive,0,0,,No,0,
78ddefee-1c27-4eab-9a4e-14ef67d1c709,SANDHAR MASTRO FUEL TANK CAP,,FUEL TANK CAP,SLD401,,0.00,100,Inclusive,0,Inclusive,0,1,,No,0,
5eac374b-2bfb-4c3d-8062-b9ee5e56a3b4,SANDHAR PEP+ LOCK KIT ,,MOPED LOCK KIT ALL,142119,,0.00,423,Inclusive,0,Inclusive,0,1,,No,0,
b0551bcf-5b58-4f36-a81b-fd0de40415c2,SANDHAR PLEASURE LOCK KIT ,,MOPED LOCK KIT ALL,SLD186,,0.00,411,Inclusive,0,Inclusive,0,1,,No,0,
2efda9b6-c898-44f6-a927-e8fc7262c4a1,SANDHAR PLN 100/CLBR FUEL TANK CAP,,FUEL TANK CAP,SLDPFC02,,0.00,349,Inclusive,0,Inclusive,0,4,,No,0,
8e022bea-6cc0-44a9-bbc4-d07d6bf47c5d,SANDHAR PLN 100 KS 2006,,WIRING HARNESS BAJAJ,181004,,0.00,796,Inclusive,0,Inclusive,0,0,,No,0,
7bf31bad-410d-4963-8855-f2db7ecf672f,SANDHAR PLN 125 A/W WIRING,,WIRING HARNESS BAJAJ,SLDWH191004,,0.00,1268,Inclusive,0,Inclusive,0,1,,No,0,
a633d690-8762-4d6f-9c81-b69500e7e193,SANDHAR PLN 125 LOCK KIT ,,LOCK KIT BAJAJ,SLDBLS05,,0.00,655,Inclusive,0,Inclusive,0,2,,No,0,
d0da5e98-de94-4d31-8542-5559db6694c2,SANDHAR PLN BS4 LOCK KIT ,,LOCK KIT BAJAJ,SLDBLS14,,0.00,792,Inclusive,0,Inclusive,0,0,,No,0,
265fb20d-8fcd-4d5d-abb6-8988ebab9b36,SANDHAR PLN LOCK KIT ,,LOCK KIT BAJAJ,SLDBLL01,,0.00,542,Inclusive,0,Inclusive,0,2,,No,0,
36304ea7-1018-47ea-b4ed-69fc3f391ab2,SANDHAR SHINE OLD LOCK KIT ,,LOCK KIT HH,SLD280A,,0.00,791,Inclusive,0,Inclusive,0,1,,No,0,
a708061f-b155-478e-9fdc-2ccf4ad951a8,SANDHAR SHINE PRESSURE PLATE ,,PRESSURE PLATE HH/TVS,SLD50039,,0.00,154,Inclusive,0,Inclusive,0,5,,No,0,
4ed5b436-cf91-4e0f-a5d8-cf2e4dabd398,SANDHAR SPL BS4 ,,WIRING HARNESS HERO,WH041002,,0.00,985,Inclusive,0,Inclusive,0,1,,No,0,
74a1c7ea-819d-4781-a427-fce99bbe46cc,SANDHAR SPL BS6 4 WR ,,IGNITION SWITCH HH,SLD613B6,,0.00,430,Inclusive,0,Inclusive,0,2,,No,0,
05c59ecf-329c-486d-9018-754f89553f8b,SANDHAR SPL KS OLD,,WIRING HARNESS HERO,SLDWH061002,,0.00,684,Inclusive,0,Inclusive,0,2,,No,0,
fca490e5-65d2-4068-b5d4-6ac8769d972b,SANDHAR SPL PRO LOCK KIT ,,LOCK KIT HH,SLP268A,,0.00,644,Inclusive,0,Inclusive,0,1,,No,0,
89ef25dc-830c-4066-8148-ebb00bae6384,SANDHAR STAR PLUS 110 FUEL TANK CAP,,FUEL TANK CAP,121194,,0.00,393,Inclusive,0,Inclusive,0,3,,No,0,
458caa99-3eb7-43ed-a23c-fe4fad39f64a,SANDHAR STAR SPORT PLS ,,IGNITION SWITCH TVS,121130B4,,0.00,414,Inclusive,0,Inclusive,0,2,,No,0,
c5368c2f-218b-47e1-9027-172657aba9f6,SANDHAR SUZUKI FUEL TANK CAP,,FUEL TANK CAP,SAN121026,,0.00,326,Inclusive,0,Inclusive,0,2,,No,0,
348a0a94-82f9-46e3-98c9-c030d0b8714c,SANDHAR TVS VICTOR RR,,RR UNIT TVS,SLDRR04,,0.00,334,Inclusive,0,Inclusive,0,1,,No,0,
d0e56f21-2ad9-4810-8d3f-9f5f2f299150,SANDHAR VICTOR CLUTCH PLATE,,CLUTCH PLATE TVS,SLD50025,,0.00,250,Inclusive,0,Inclusive,0,2,,No,0,
d6005d21-389b-48b1-8c2e-65ebaf06f286,SANDHAR WIRING PLN 100,,WIRING HARNESS BAJAJ,SLDWH181004,,0.00,796,Inclusive,0,Inclusive,0,1,,No,0,
1885b2d5-7690-4027-a954-9abceb6cd5a6,SANDHAR WIRING XL SUPER,,,SLDWH291006,,0.00,304,Inclusive,0,Inclusive,0,1,,No,0,
6dc72cfc-b9fe-4a9f-95b4-838f1b503382,SANDHAR XL100 SELF LOCK KIT ,,MOPED LOCK KIT ALL,709756138804,,0.00,672,Inclusive,0,Inclusive,0,1,,No,0,
4a942eec-fd33-45e3-a7bf-05d1ae13a60b,SAPRK MINDA STAR CITY RR UNIT ,,RR UNIT TVS,SRR362,,0.00,211,Inclusive,0,Inclusive,0,6,,No,0,
3b8a3f69-feaf-4c64-9c89-3d02fc0db9e9,SARTHAK PLSR /DIS  ,,IGNITION SWITCH BAJAJ,792660053322,,0.00,315,Inclusive,0,Inclusive,0,1,,No,0,
c460d921-57b9-4c8b-bf8e-46448a3789f7,SEVENS BXR ACC CABLE ,,ACC CABLE BAJAJ,1181,,0.00,124,Inclusive,0,Inclusive,0,2,1.0,No,0,
9b5fbcce-d9cc-4395-85a6-2836be27e1ec,SEVENS DIS ACC CABLE,,ACC CABLE BAJAJ,1300,,0.00,138,Inclusive,0,Inclusive,0,7,1.0,No,0,
94553959-482d-4b7d-ba00-fdd8b8259ef1,SEVENS HF DLX COM BREAK CABLE,,BREAK CABLE HERO,2817,,0.00,284,Inclusive,0,Inclusive,0,10,,No,0,
295960e1-d016-4726-975f-6a2f943ff78b,SEVENS NEW PLN CLUTCH CABLE,,CLUTCH CABLE BAJAJ ALL,1359,,0.00,168,Inclusive,0,Inclusive,0,0,1.0,No,0,
0cd55c27-df03-47b3-963f-602428a1fd32,SEVENS PLN ACC CABLE,,ACC CABLE BAJAJ,1326,,0.00,158,Inclusive,0,Inclusive,0,2,1.0,No,0,
2a62ae7c-0720-4999-8fd6-483acc56e9f0,SEVENS PLN BS6 BREAK CABLE,,BAJAJ BREAK CABLE,1365,,0.00,298,Inclusive,0,Inclusive,0,10,,No,0,
6e81defe-b4c6-4159-a0cd-047c83c277b4,SEVENS PLN ES ACC CABLE,,ACC CABLE BAJAJ,1358,,0.00,158,Inclusive,0,Inclusive,0,0,1.0,No,0,
55364f59-a355-411d-9a6b-48855b16ebd8,SEVENS SPL SHINE ACC CABLE,,,1026,,0.00,90,Inclusive,0,Inclusive,0,1,,No,0,
c42e2768-45d2-4f72-a7a6-07f36f0ef9a7,SEVENS STAR CHOKE CABLE,,CHOKE CABLE,1537,,0.00,82,Inclusive,0,Inclusive,0,1,,No,0,
8eb7a0e5-d42a-41a3-a7f8-2a43772f97a8,SEVENS STAR CITY FRONT BREAK CABLE,,BREAK CABLE TVS,1546,,0.00,198,Inclusive,0,Inclusive,0,1,,No,0,
7b7605b4-33be-4b0e-83f9-4ff9a78f72a9,SEVENS SUZUKI CHOKE CABLE,,CHOKE CABLE,1382,,0.00,58,Inclusive,0,Inclusive,0,2,,No,0,
da9858cc-7355-4812-b0bf-6d480292ef64,SEVENS UNICORN CHOKE CABLE,,CHOKE CABLE,1569,,0.00,102,Inclusive,0,Inclusive,0,2,,No,0,
9caed862-e794-4bfe-ac8d-cf42ba0f1ba2,SEVENS XL100 ACC CABLE,,ACC CABLE ALL MOPED,TV201485,,0.00,104,Inclusive,0,Inclusive,0,3,,No,0,
9c2b384e-8328-4b47-bc7a-0d126f761d53,SEVENS XL100 CHOKE CABLE,,CHOKE CABLE,1484,,0.00,59,Inclusive,0,Inclusive,0,3,,No,0,
ee7ea154-f772-4486-a337-db79ed3432dc,SEVENS XL SUPER REAR BREAK CABLE,,BREAK CABLE MOPED,1483,,0.00,238,Inclusive,0,Inclusive,0,1,,No,0,
0d93f644-d9af-4379-8fa3-5d058ffee691,SHICON ACTIVA HEAD LIGHT ,,HEAD LIGHT MOPED ALL,S927,,0.00,353,Inclusive,0,Inclusive,0,1,,No,0,
07c44464-9aa2-4337-ab07-1d67ce84830b,SHINE BS6 TAIL LAMP ASSY.,,,TL6218M,,0.00,275,Inclusive,0,Inclusive,0,4,,No,0,
e2b7461e-1f89-4599-99c7-9d939cb6f5c6,SHINE DREAM NEO METER CABLE,,METER CABLE HERO ALL,SHM0519,,0.00,107,Inclusive,0,Inclusive,0,0,,No,0,
540902bc-3401-4a02-99e1-928087bf8031,SHINE DRUM RUBBER,,DRUM RUBBER ALL,154381933255,,0.00,90,Inclusive,0,Inclusive,0,2,,No,0,
b9e33c33-d058-4f3c-8a08-313bebf6300e,SHINE DRUM RUBBER,,DRUM RUBBER ALL,317464911004,,0.00,60,Inclusive,0,Inclusive,0,1,,No,0,
d7606a35-2c37-4d6b-a35a-92cfa7fa8e9b,SHINE OLD METER CASE ,,METER CASE ALL,529356970930,,0.00,325,Inclusive,0,Inclusive,0,1,,No,0,
b9f04d29-1813-4fea-baed-003e579a2c43,SHINE RH H/B/S ,,HANDLE BAR SWITCH RH HH,359696256959,,0.00,140,Inclusive,0,Inclusive,0,0,,No,0,
d78f3986-7967-41f3-bee7-d8fa81b88b01,SHINE SHOCK PIPE,,SHOCK PIPE FRONT HH,411663466928,,0.00,442,Inclusive,0,Inclusive,0,2,,No,0,
21276943-b1ff-4fb4-a999-f28fe25a19a7,SHINE SHOCK PIPE,,SHOCK PIPE FRONT HH,703971010822,,0.00,442,Inclusive,0,Inclusive,0,2,,No,0,
e6d57115-fb70-4eab-a493-598539f6fb2e,SHINE/UNI/CZ STARTER MOTOR LUCAS,,STARTER MOTOR,26046090,,0.00,1717,Inclusive,0,Inclusive,0,3,,No,0,
5989a5e5-c883-4441-aefe-542e4162e01f,SHREE SUPER XL REAR ,,INDICATOR MOPED,562607888141,,0.00,85,Inclusive,0,Inclusive,0,2,,No,0,
dc9089e0-b4d7-4885-8f51-e0bc1dea207f,SHRIWILL DREAM YUGA SIDE STAND ,,SIDE STAND TVS/HH/MOPED,967541999087,,0.00,160,Inclusive,0,Inclusive,0,2,,No,0,
7ab5334c-a71c-4ff5-976f-3d964b2e5f8c,SIDE PANEL SPL PLS BLK /ORANGE ,,SIDE PANEL SPLENDOR,437783631707,,0.00,456,Inclusive,0,Inclusive,0,1,,No,0,
540167a5-a74f-4be7-9652-58e99d2b2da8,SIGMA CRUX FRONT,,INDICATOR TVS,SIA36DF,,0.00,70,Inclusive,0,Inclusive,0,4,,No,0,
dbed2479-942e-441c-affa-13a2a126d76f,SIGMA CRUX REAR ,,INDICATOR TVS,SAI36DR,,0.00,70,Inclusive,0,Inclusive,0,4,,No,0,
0008802c-d467-4afc-8cc2-158991006e8a,SIGMA HF DLX METER CASE,,METER CASE ALL,SMC765,,0.00,240,Inclusive,0,Inclusive,0,2,,No,0,
9ff57c55-c11a-4225-b994-f90b9a829ffc,SIGMA STAR CITY PLUS METER CASE,,METER CASE ALL,SMC763G,,0.00,263,Inclusive,0,Inclusive,0,1,,No,0,
8537a5b2-2310-4a15-ae5d-0eba167d384a,SIGMA SUPER XL NEW FRONT,,INDICATOR TVS,SIA23CF,,0.00,75,Inclusive,0,Inclusive,0,0,,No,0,
bed0fc5c-1145-46d5-8379-a8da6e97800f,SILCO I SMART 110 FRO BREAK CABLE,,BREAK CABLE HERO,SC149A,,0.00,121,Inclusive,0,Inclusive,0,6,,No,0,
57580fa3-bb0e-4bae-a81e-71836c7eb400,SILCON DIO/PLEASURE CAM SHAFT,,CAMSHAFT ROCKER,S0171A,,0.00,720,Inclusive,0,Inclusive,0,2,,No,0,
728232af-4fbd-497e-9645-ccfa8acc7e4c,SILCON DIS125 GEAR LEVER,,GEAR LEVER BAJAJ,S0570,,0.00,160,Inclusive,0,Inclusive,0,1,,No,0,
d673a32b-ac1b-4bfe-af04-2740128e4a70,SILCON DREAM YUGA /NEO/LIVO CENTER STAND ,,MAIN STAND ALL,S5890A,,0.00,670,Inclusive,0,Inclusive,0,1,,No,0,
17650f76-bb39-40be-8072-66ff9eae821a,SILCON RX100 FRONT STELL MUD ,,STEEL MUDGUARD,S5105,,0.00,1038,Inclusive,0,Inclusive,0,1,,No,0,
6a2fde12-5497-4ec2-98f3-d39ed1d71c85,SILCON SS FRONT STEEL MUD,,STEEL MUDGUARD,S5108,,0.00,1067,Inclusive,0,Inclusive,0,1,,No,0,
f37771d8-78e1-4295-ab28-67de46312c63,SILCON STAR CITY GEAR LEVER ,,GEAR LEVER TVS/HH,SP4126,,0.00,180,Inclusive,0,Inclusive,0,1,,No,0,
4224810a-8be5-4285-b650-465592eb4bf2,SILCO SHINE CBZ METER CABLE,,METER CABLE HERO ALL,SC208,,0.00,85,Inclusive,0,Inclusive,0,0,1.0,No,0,
33b7f40c-17ed-4115-abc5-18f9ef1da69a,SILCO SPL PSN DWN ACC CABLE,,ACC CABLE HH,SC122,,0.00,86,Inclusive,0,Inclusive,0,0,,No,0,
a09dae7a-baba-4eb1-af5e-22f4d839be36,SILMAN PLN HANDLE BAR,,HANDLE BAR,LH5,,0.00,418,Inclusive,0,Inclusive,0,2,,No,0,
ee726f7d-594b-4fa2-8d1f-e08221645a55,SIREN HORN,,HORN ALL,151323558008,,0.00,410,Inclusive,0,Inclusive,0,2,,No,0,
3deb89a0-df16-4274-b693-594355e37991,SIWISS ACTIVA 100 RR UNIT,,RR UNIT HH,SAP0754,,0.00,250,Inclusive,0,Inclusive,0,2,,No,0,
5e75e16f-7466-4396-bd0b-f2276c136508,SK ACCESS NEW FRO BREAK CABLE,,BREAK CABLE MOPED,723D,,0.00,180,Inclusive,0,Inclusive,0,2,,No,0,
1609c0ac-240f-4b99-a6e4-9a9e9255103c,SK ACTIVA NEW 110 REAR BREAK CABLE,,BREAK CABLE MOPED,519F,,0.00,175,Inclusive,0,Inclusive,0,1,,No,0,
e9e4f4c9-58df-48fd-be00-eb3d81d677f6,SKAP SPL BS6 GHODA PATTI ,,GHODA PATTI HH,773250681137,,0.00,130,Inclusive,0,Inclusive,0,2,,No,0,
51ad5260-f918-4e3f-a742-10ceb3faa8aa,SKB 6301 BEARING,,BEARING,SKF6301,,0.00,129,Inclusive,0,Inclusive,0,3,,No,0,
c6f3ad73-4cfd-4f4b-ab96-71a254aca572,SK DIS 112 CLUTCH CABLE,,CLUTCH CABLE BAJAJ ALL,615A,,0.00,180,Inclusive,0,Inclusive,0,2,1.0,No,0,
94abeae3-85b2-45b4-a3fb-c8468420c0e1,SKF 6001 BEARING,,BEARING,SKF6001,,0.00,146,Inclusive,0,Inclusive,0,2,,No,0,
79e7413c-6643-4a1b-a5ac-3123186302ac,SKF 6004 BEARING,,BEARING,SKF6004,,0.00,187,Inclusive,0,Inclusive,0,20,,No,0,
56a539ae-7036-4671-8818-a716d10d4340,SKF 6007 BEARING S2,,BEARING,SKF6007,,0.00,497,Inclusive,0,Inclusive,0,4,,No,0,
2b67e294-9328-4362-a980-06b9c4c41956,SKF 6200 BEARING,,BEARING,SKF6200,,0.00,126,Inclusive,0,Inclusive,0,5,,No,0,
6605a9ca-8bf0-4fc9-840c-62ecf4164846,SKF 6201 BEARING,,BEARING,SKF6201,,0.00,125,Inclusive,0,Inclusive,0,6,,No,0,
d9ac76dc-c403-4b35-b024-281034215140,SKF 6203 BEARING,,BEARING,SKF6203,,0.00,153,Inclusive,0,Inclusive,0,14,,No,0,
238bbdd9-25c1-4a21-8c9a-c8c3932946e5,SKF 6204 BEARING,,BEARING,SKF6204,,0.00,234,Inclusive,0,Inclusive,0,17,,No,0,
df0358fd-d8a5-47dc-854e-3690330ddd74,SKF 6205 BEARING,,BEARING,SKF6205,,0.00,212,Inclusive,0,Inclusive,0,3,,No,0,
03c88b9c-bfb6-4d20-a447-9cc63a1b7b04,SKF 6302 BEARING,,BEARING,SKF6302,,0.00,178,Inclusive,0,Inclusive,0,1,,No,0,
e4499c67-4f94-4d6a-bc4a-bce78cf3b792,SKF 6304 BEARING,,BEARING,SKF6304,,0.00,257,Inclusive,0,Inclusive,0,6,,No,0,
be0d1b20-1995-4bf0-a06d-53c18f6129ac,SK PLN ALLOY METER CABLE,SCREW TYPE,METER CABLE BAJAJ,618G,,0.00,95,Inclusive,0,Inclusive,0,0,1.0,No,0,
1e64f1d3-acb8-4f02-ba35-0b5d303d688d,SK PLSR/UNICORN MOTOR,,STARTER MOTOR,SM92,,0.00,1580,Inclusive,0,Inclusive,0,1,,No,0,
d0014ab1-22bd-46b6-8e25-a809a517049d,SK STAR CHOKE CABLE ,,CHOKE CABLE,705E,,0.00,90,Inclusive,0,Inclusive,0,0,,No,0,
5c59ef40-086a-459f-abcf-c111dbb6f393,SKS UNICORN BLK ,,VISOR HH,956790714978,,0.00,650,Inclusive,0,Inclusive,0,1,,No,0,
0164b979-a770-4420-a39f-c522986e7276,SK SUZUKI OLD ACC CABLE,,ACC CABLE TVS,701C,,0.00,150,Inclusive,0,Inclusive,0,1,,No,0,
bdfc625e-102c-494b-a274-60ec0fd47bf2,SKYKING ACTIVA NEW 110 ACC CABLE,,ACC CABLE ALL MOPED,SD093,,0.00,231,Inclusive,0,Inclusive,0,7,,No,0,
2caa5b98-b009-4462-9b69-0568b31955a2,SKYKING DREAM YUGA ACC CABLE,,ACC CABLE HH,SD116A,,0.00,198,Inclusive,0,Inclusive,0,4,,No,0,
20fa5a65-1194-42e2-a1be-414d886757e7,SKYKING DREAM YUGA BREAK CABLE,,BREAK CABLE HERO,SD118A,,0.00,140,Inclusive,0,Inclusive,0,2,,No,0,
b53e7386-44ed-4574-ac42-e8284d1bf0ab,SKYKING DREAM YUGA CLUTCH CABLE,,CLUTCH CABLE H.H,SD117A,,0.00,128,Inclusive,0,Inclusive,0,1,1.0,No,0,
769ee534-6d10-481f-894e-ec18158e2835,SKZX CD DLX MAG PAK,,MAGNET PACKING ALL,815307089625,,0.00,30,Inclusive,0,Inclusive,0,3,,No,0,
845a813d-c037-4274-8469-3d67839f066d,SLD SPL PLS LH,,MIRROR HH,SLD132A,,0.00,115,Inclusive,0,Inclusive,0,3,,No,0,
7cbd4c9b-bee9-4a89-bb2e-18b99bedfb26,SLD STAR CITY SPORT LH,,MIRROR TVS,SLD383C,,0.00,178,Inclusive,0,Inclusive,0,2,,No,0,
de00c0ae-9b84-4e5a-a4af-10d4e8462ea1,SLD STAR CITY SPORT RH,,MIRROR TVS,SLD383B,,0.00,178,Inclusive,0,Inclusive,0,2,,No,0,
9a33c7ba-0f98-4e9b-8280-dab4df8d2017,S MINDA ACCESS 2009,,WIRING HARNESS TVS,WH1007SA,,0.00,1040,Inclusive,0,Inclusive,0,2,,No,0,
d1f69e8d-5977-43c6-94e0-d9b621944f57,S MINDA ACTIVA 110ES HET,,WIRING HARNESS HERO,WH9352P,,0.00,1474,Inclusive,0,Inclusive,0,1,,No,0,
dd10b235-31b8-42eb-a4f1-f1757f7fb656,S MINDA ACTIVA 3G/4G/HET METER ASSLY ,,METER ASSLY ALL,DE7079,,0.00,990,Inclusive,0,Inclusive,0,1,,No,0,
fe0508b2-765f-4fa4-ab39-fad09b5f7820,S.MINDA ACTIVA NEW B.SHOE,,BREAK SHOE HH/TVS,BS7002,,0.00,234,Inclusive,0,Inclusive,0,4,,No,0,
ae0662ec-ba26-4138-8cf6-e22ef90c6329,S MINDA ACTIVA STRTER RELAY ,,STRTER  RELAY  ALL,SRL256,,0.00,124,Inclusive,0,Inclusive,0,5,,No,0,
11b8db3e-f32a-453c-875f-240ced25435e,S MINDA BOXER AR KS,,WIRING HARNESS BAJAJ,WH9053C,,0.00,747,Inclusive,0,Inclusive,0,4,,No,0,
ebc3e29f-75fd-4f30-a851-f31730b37434,S MINDA BOXER FUEL TANK CAP,,FUEL TANK CAP,FC4851Z,,0.00,302,Inclusive,0,Inclusive,0,9,,No,0,
12c3ee70-3947-46dd-bd02-438825e7d5a6,S MINDA BOXER  METER ASSLY ,,METER ASSLY ALL,DI6080,,0.00,775,Inclusive,0,Inclusive,0,1,,No,0,
bebfdfdb-6e74-4e00-b4be-8a83ff97b40b,S MINDA BXR 2 WR,,IGNITION SWITCH BAJAJ,SW0125EZ,,0.00,312,Inclusive,0,Inclusive,0,3,,No,0,
e9415209-771a-4cab-9510-2021b37a8f48,S MINDA BXR CT ,,IGNITION SWITCH BAJAJ,IGN0125FZ,,0.00,328,Inclusive,0,Inclusive,0,4,,No,0,
91d37a5f-e4a2-4cbb-9548-7bb272d426a3,S MINDA BXR CT 100 DLX KS,,WIRING HARNESS BAJAJ,WH9053E,,0.00,664,Inclusive,0,Inclusive,0,2,,No,0,
44803846-df7b-4c56-9bdc-b163416b92f7,S MINDA BXR CT 4 WR,,IGNITION SWITCH BAJAJ,SW1129Z,,0.00,665,Inclusive,0,Inclusive,0,2,,No,0,
5184bd14-642d-4548-946d-efcf2d67c21a,S MINDA BXR CT KS,,WIRING HARNESS BAJAJ,WH9053D,,0.00,638,Inclusive,0,Inclusive,0,3,,No,0,
dcf2fcfe-b796-44da-9173-8c0c29dbce40,S MINDA CB SHINE 125,,WIRING HARNESS HERO,WH9353SA,,0.00,1172,Inclusive,0,Inclusive,0,1,,No,0,
8b9dddaf-ad63-424d-a3fe-cfbe66f357c4,S MINDA CB SHINE METER ASSLY ,,METER ASSLY ALL,J1097,,0.00,1465,Inclusive,0,Inclusive,0,1,,No,0,
d9bb3c2d-746b-4e90-a22a-0ef532bb2d7c,S MINDA CBZ XTREME 2008,,WIRING HARNESS HERO,WH1098J,,0.00,1474,Inclusive,0,Inclusive,0,1,,No,0,
da4b0105-0c11-44b2-8a9f-27b1c79382ba,S MINDA CD 100 ,,IGNITION SWITCH HH,IGN0117Z,,0.00,210,Inclusive,0,Inclusive,0,3,,No,0,
413b9874-d1d7-4207-822f-7ed30774c140,S MINDA CD100 FUEL TANK CAP,,FUEL TANK CAP,FC4989Z,,0.00,147,Inclusive,0,Inclusive,0,6,,No,0,
6a59658f-67d3-4aa8-8193-1ed7d6629a08,S MINDA CD 100 KS ,,WIRING HARNESS HERO,WH9008,,0.00,424,Inclusive,0,Inclusive,0,2,,No,0,
9c57a3ba-4989-4bb2-b10f-b367c1846528,S MINDA CD100 SS METER ASSLY ,,METER ASSLY ALL,DI6006,,0.00,1050,Inclusive,0,Inclusive,0,1,,No,0,
9eb570ba-bc60-4aa6-a528-4eeaaa8891c5,S MINDA CD DAWN METER ASSLY ,,METER ASSLY ALL,DI6052,,0.00,1064,Inclusive,0,Inclusive,0,2,,No,0,
5dafd596-f415-4c1b-9419-7091de4f0263,S MINDA CD DLX 2010,,WIRING HARNESS HERO,WH9007DZ,,0.00,866,Inclusive,0,Inclusive,0,1,,No,0,
faa6fdcc-c5b8-4872-afb5-69ae2277cfc9,S MINDA CD DLX 2012/13 MODEL,,WIRING HARNESS HERO,WH9007DW,,0.00,952,Inclusive,0,Inclusive,0,2,,No,0,
6be38c20-370e-4884-b988-507033ac012f,S MINDA CD DLX 2 WR ,,IGNITION SWITCH HH,SW1101NZ,,0.00,458,Inclusive,0,Inclusive,0,5,,No,0,
fea01274-ab77-4260-a993-dd8c4420d551,S MINDA CD DLX 4 WR ,,IGNITION SWITCH HH,SW1101YZ,,0.00,368,Inclusive,0,Inclusive,0,4,,No,0,
f6daf76d-adf8-474d-8d42-d6e6bed2d9ac,S MINDA CD DLX KS ,,WIRING HARNESS HERO,WH9007DY,,0.00,714,Inclusive,0,Inclusive,0,1,,No,0,
5da17e13-1b49-4151-82c9-6368b8d3662f,S MINDA CD DLX SS 2010,,WIRING HARNESS HERO,WH9007DX,,0.00,1084,Inclusive,0,Inclusive,0,3,,No,0,
ee235575-ad2b-4e6b-b347-ebc882609e6c,S MINDA CLBR 115 KS,,WIRING HARNESS BAJAJ,WH1049,,0.00,1002,Inclusive,0,Inclusive,0,3,,No,0,
ba92a103-6652-4915-b1cd-38a8fc94ef5a,S MINDA CLBR 4 PIN,,WIRING HARNESS BAJAJ,WH1055,,0.00,878,Inclusive,0,Inclusive,0,2,,No,0,
96a5f9b6-1c57-4f42-b8bc-b0343db7e81b,S MINDA CLBR CROMA KS ,,WIRING HARNESS BAJAJ,WH1085,,0.00,700,Inclusive,0,Inclusive,0,2,,No,0,
b845e71d-fec2-47c5-8ad4-22608af044cb,S MINDA CRUX ,,WIRING HARNESS TVS,WH9305A,,0.00,626,Inclusive,0,Inclusive,0,1,,No,0,
bc3f2fdf-16dd-46bb-85d1-943c9d73eb01,S MINDA CRUX KS,,WIRING HARNESS TVS,WH9305,,0.00,550,Inclusive,0,Inclusive,0,0,,No,0,
1acbe10b-80f0-4e0f-bfc5-e3231309c011,S MINDA CRUX R CLUTCH PLATE ,,CLUTCH PLATE TVS,CP4002,,0.00,255,Inclusive,0,Inclusive,0,1,,No,0,
550f9730-0f54-45c8-914e-fa52983874c2,S MINDA CT100 4 WR ,,IGNITION SWITCH BAJAJ,SW1216Z,,0.00,569,Inclusive,0,Inclusive,0,8,,No,0,
4526837d-7eac-47ee-a52d-7f5206ac7664,S MINDA CT100 BS4 FUEL TANK CAP,,FUEL TANK CAP,FC4851CZ,,0.00,465,Inclusive,0,Inclusive,0,7,,No,0,
323e8220-8b0d-4d2d-b313-1c6e6b8b8f93,S MINDA CT100 KS AW ,,WIRING HARNESS BAJAJ,WH1094W,,0.00,690,Inclusive,0,Inclusive,0,2,,No,0,
4526880d-dcf0-42ed-80a9-49b0f417872e,S MINDA CT100 OLD FUEL TANK CAP ,,FUEL TANK CAP,FC4992AZ,,0.00,303,Inclusive,0,Inclusive,0,5,,No,0,
96b5a26d-c035-447a-8b93-91f9bce1967c,S MINDA DIS 100 2012  WIRING,,WIRING HARNESS BAJAJ,WH1088MP,,0.00,1385,Inclusive,0,Inclusive,0,3,,No,0,
db04c15c-baf0-4215-856b-11758cbf0c85,S MINDA DIS 112 ACC CABLE,,ACC CABLE BAJAJ,TC219,,0.00,159,Inclusive,0,Inclusive,0,4,,No,0,
9b6c8528-7fc6-4004-b692-9b10343526bd,S MINDADIS 125/135 FUEL TANK CAP,,FUEL TANK CAP,FC4856Z,,0.00,277,Inclusive,0,Inclusive,0,3,,No,0,
b19bb581-7833-418d-b7df-58d756460a23,S MINDA DISB 125 T FUEL TANK CAP ,,FUEL TANK CAP,FC4856D,,0.00,270,Inclusive,0,Inclusive,0,6,,No,0,
13063802-d276-4085-b473-974345a49da0,S MINDA DISC 100 DTSI AW ,,WIRING HARNESS BAJAJ,WH1088MS,,0.00,1339,Inclusive,0,Inclusive,0,3,,No,0,
649a6b53-b4ae-4fe2-91e7-3eb7a062e0ee,S MINDA DISC 100 M KS ,,WIRING HARNESS BAJAJ,WH1088ME,,0.00,1264,Inclusive,0,Inclusive,0,1,,No,0,
94f1986b-3f42-433b-bcce-6593afe3a4aa,S MINDA DISC 100M KS,,WIRING HARNESS BAJAJ,WH1088MD,,0.00,1264,Inclusive,0,Inclusive,0,1,,No,0,
2a14aa75-f570-4723-b32a-4ff4d6cddd92,S MINDA DISC 100M  SS 5G 12 MODEL ,,WIRING HARNESS BAJAJ,WH1088MA,,0.00,1364,Inclusive,0,Inclusive,0,3,,No,0,
d68c1c9d-d536-4836-b535-770efc2fb86c,S MINDA DISC 112 /CT100 KS,,WIRING HARNESS BAJAJ,WH1094T,,0.00,727,Inclusive,0,Inclusive,0,4,,No,0,
def18b08-e2b5-4135-a8c4-086943c916ca,S MINDA DISC 125 DTS I OLD,,WIRING HARNESS BAJAJ,WH1088MW,,0.00,970,Inclusive,0,Inclusive,0,1,,No,0,
84c1d25f-01ff-4cce-8417-b98ece72ff5a,S MINDA DISC 125 DTSI SS AW 2006,,WIRING HARNESS BAJAJ,WH1088MT,,0.00,977,Inclusive,0,Inclusive,0,1,,No,0,
750f264e-f2d4-40a8-b8fc-85a32e50a06f,S MINDA DISC 125 KS,,WIRING HARNESS BAJAJ,WH1088DI,,0.00,694,Inclusive,0,Inclusive,0,2,,No,0,
378bc2dd-74d1-4209-ab56-5d3d629c18f9,S MINDA DISC DTSI 125 SS NEW,,WIRING HARNESS BAJAJ,WH1088MZ,,0.00,706,Inclusive,0,Inclusive,0,2,,No,0,
7283fed5-3cc4-48df-bd8f-3ce851f081f7,S MINDA DISC/PLSR 2 WIRE IG SWITCH,,IGNATION SWITCH,SW1226BZT,,0.00,500,Inclusive,0,Inclusive,0,2,,No,0,
1b2f8c13-cf50-4d8e-afad-11a0463e8d3f,S MINDA DISC PLSR FUEL TANK LOCK,,FUEL TANK CAP,LK4297HZ,,0.00,85,Inclusive,0,Inclusive,0,2,,No,0,
eee1babe-2ef8-4290-b418-812f621e4d61,S MINDA HF DLX FUEL TANK CAP,,FUEL TANK CAP,FC4901KZ,,0.00,444,Inclusive,0,Inclusive,0,5,,No,0,
56e1db32-8a3c-46ef-8765-8ec8e8b421b7,S MINDA HF DLX WIRING,,WIRING HARNESS HERO,WH9007H,,0.00,1034,Inclusive,0,Inclusive,0,2,,No,0,
a89d220e-dcb0-4793-97cf-7eea76748ee9,S MINDA HF DLX WIRING ,,WIRING HARNESS BAJAJ,WH9007HA,,0.00,1009,Inclusive,0,Inclusive,0,2,,No,0,
a8bbacb0-7a4d-4af9-9d56-0d7c2c974ea8,S MINDA JUPITER FUEL TANK CAP,,FUEL TANK CAP,FC4907A,,0.00,555,Inclusive,0,Inclusive,0,2,,No,0,
2c8b74f7-5ff9-411d-88cc-f8c22b03dcd5,S MINDA KB 4S BXR AT ,,WIRING HARNESS BAJAJ,WH1082,,0.00,639,Inclusive,0,Inclusive,0,2,,No,0,
7740cc19-9fee-4476-9c5e-027a95fd1e03,S MINDA KB 4S KS,,WIRING HARNESS BAJAJ,WH9053,,0.00,614,Inclusive,0,Inclusive,0,3,,No,0,
c294b852-8ba9-40be-93f1-0433efc133c3,S MINDA MAX 100 ,,IGNITION SWITCH TVS,IGN0112AZ,,0.00,366,Inclusive,0,Inclusive,0,3,,No,0,
ff245157-c061-442e-9f4b-b9c566bfb34f,S MINDA MAX 100 4 WIRE,,WIRING HARNESS TVS,WH1034,,0.00,314,Inclusive,0,Inclusive,0,1,,No,0,
afd25422-bbdb-4e36-93ce-abed1e50a5f6,S MINDA MAX 100 R KS ,,WIRING HARNESS TVS,WH1075,,0.00,599,Inclusive,0,Inclusive,0,2,,No,0,
790a4898-d0f5-4385-ad3b-09bde240b054,S MINDA PASSION PLUS FUEL TANK CAP,,FUEL TANK CAP,FC4871Z,,0.00,369,Inclusive,0,Inclusive,0,3,,No,0,
c1089434-a237-4cd2-b4b3-7b1c36f0daff,S MINDA PEP /PEP PLS,,WIRING HARNESS TVS,WH9584J,,0.00,1331,Inclusive,0,Inclusive,0,2,,No,0,
cbd38dd3-1f6d-4440-86d8-37bb045ee3a1,S MINDA PLEASURE ,,WIRING HARNESS HERO,WH1098P,,0.00,1255,Inclusive,0,Inclusive,0,1,,No,0,
ca13ab74-f1d3-4c77-8ff2-bfd6b598e88c,S MINDA PLEASURE 102CC,,WIRING HARNESS HERO,WH1098PA,,0.00,1296,Inclusive,0,Inclusive,0,1,,No,0,
6255588b-df72-4947-9cfe-72cbaf9e83ab,S MINDA PLEASURE 2008,,WIRING HARNESS HERO,WH1098PF,,0.00,1190,Inclusive,0,Inclusive,0,1,,No,0,
e7071dd1-f1ef-46cd-854a-6ceafe6ce131,S MINDA PLN 100 KS ,,WIRING HARNESS BAJAJ,WH1088PD,,0.00,1479,Inclusive,0,Inclusive,0,2,,No,0,
b5919c29-beff-49b6-abed-224ba1170da5,S MINDA PLN 125 DTSI AW 2008,,WIRING HARNESS BAJAJ,WH1099S,,0.00,1265,Inclusive,0,Inclusive,0,1,,No,0,
7d64cde8-4729-4877-a4b0-f4006c0f63b9,S MINDA PLN 125 DTSI KS AW,,WIRING HARNESS BAJAJ,WH1099K,,0.00,1222,Inclusive,0,Inclusive,0,1,,No,0,
57e8c215-4850-42a4-9b61-62996d1618cc,S MINDA PLN 2 WR,,IGNITION SWITCH BAJAJ,SW1216AZ,,0.00,530,Inclusive,0,Inclusive,0,4,,No,0,
f2f6a0ee-e289-4fc5-bd63-f9f5992a969a,S MINDA PLN BS4 FUEL TANK CAP ,,FUEL TANK CAP,FC4856MZ,,0.00,433,Inclusive,0,Inclusive,0,5,,No,0,
b0e5f500-3363-4af3-b17a-f537dcd7cd74,S MINDA PLN DTSI ES  SS ,,WIRING HARNESS BAJAJ,WH1088MF,,0.00,1083,Inclusive,0,Inclusive,0,3,,No,0,
02172669-13cf-4170-bc75-1771e63c6c1a,S MINDA PLN ES 2016,,WIRING HARNESS BAJAJ,WH1088PB,,0.00,1464,Inclusive,0,Inclusive,0,3,,No,0,
434391b3-1b2d-4aa0-871f-d66431ed0920,S MINDA PLN KS ,,WIRING HARNESS BAJAJ,WH1088P,,0.00,796,Inclusive,0,Inclusive,0,4,,No,0,
9048e2d8-1cf2-4d04-b4b6-d427915f15d5,S MINDA PLN METER ASSLY,,METER ASSLY ALL,DI6066,,0.00,1310,Inclusive,0,Inclusive,0,11,,No,0,
084ca9b6-e0ae-4d91-a4a9-7cf6d0086401,S MINDA PLN OLD/CLBR FUEL TANK CAP,,FUEL TANK CAP,FC4850Z,,0.00,389,Inclusive,0,Inclusive,0,4,,No,0,
174cd0c7-7131-4804-8c37-0a6cc50f4452,S MINDA PLS 150/180 BS4 PETROL TANK CAP ,,FUEL TANK CAP,FC4946CZ,,0.00,769,Inclusive,0,Inclusive,0,2,,No,0,
4cdcdb8b-00d1-43e3-a199-65b32c41179b,SMINDA PLS 150 HT COIL,,H.T.COIL ALL,SIC538,,0.00,184,Inclusive,0,Inclusive,0,1,,No,0,
ae9997b6-00d0-401e-bab6-b0b782c7c2b4,S MINDA PLSR 150/180 DTSI WH,,WIRING HARNESS BAJAJ,WH1099F,,0.00,1268,Inclusive,0,Inclusive,0,2,,No,0,
d4451a89-bc60-40b3-a724-6148cddd15aa,S MINDA PLSR 150/180 DTS NEW UG 3,,WIRING HARNESS BAJAJ,WH1099UQ,,0.00,1236,Inclusive,0,Inclusive,0,1,,No,0,
853a84fd-99fe-4c48-bc95-23240af96444,S MINDA PLSR 2 WR ,,IGNITION SWITCH BAJAJ,SW1226BZ,,0.00,500,Inclusive,0,Inclusive,0,8,,No,0,
c4c936c3-8aa6-4188-ad4b-347a9644d565,S MINDA PLSR NEW 4 WR ,,IGNITION SWITCH BAJAJ,SW1226Z,,0.00,513,Inclusive,0,Inclusive,0,3,,No,0,
7e73406d-ee84-425f-99cc-95fd92c9f944,S MINDA PLS UG3 FUEL TANK CAP ,,FUEL TANK CAP,FC4987Z,,0.00,716,Inclusive,0,Inclusive,0,3,,No,0,
2aef051a-3f48-4339-83cb-41791b7aee89,S MINDA PSN KS ,,WIRING HARNESS HERO,WH1087,,0.00,668,Inclusive,0,Inclusive,0,1,,No,0,
5fe1d660-4b4e-4a4d-89cc-3664a7262a7c,S MINDA PSN PRO CD DLX FUEL TANK CAP,,FUEL TANK CAP,FC4871CZ,,0.00,333,Inclusive,0,Inclusive,0,6,,No,0,
6f33250d-890f-4ed2-8f51-dfcec1b09acd,S MINDA SHINE BS 6 4 WR IG SWITCH,,IGNITION SWITCH HH,SW1292GZ,,0.00,627,Inclusive,0,Inclusive,0,4,,No,0,
394dc438-2203-4513-8225-0b8930cf8c0b,S MINDA SHINE BS6 FUEL TANK CAP,,FUEL TANK CAP,FC17003CZ,,0.00,676,Inclusive,0,Inclusive,0,1,,No,0,
5bd75189-82a5-469f-a0f7-e651033d49e3,S MINDA SHINE SS ,,WIRING HARNESS HERO,WH9352D,,0.00,1002,Inclusive,0,Inclusive,0,1,,No,0,
b9dc7c58-0559-4c93-9d20-bd0c5390b3fb,S MINDA SHINE STRTER RELAY ,,STRTER  RELAY  ALL,SRL200,,0.00,208,Inclusive,0,Inclusive,0,6,,No,0,
3c300fea-92d1-450e-bd32-859db29a4db3,S MINDA SHINE / TWISTER 2 WR,,IGNITION SWITCH HH,SW1278Z,,0.00,390,Inclusive,0,Inclusive,0,3,,No,0,
4f083bc7-d1a1-4230-82ce-74685654c1c5,S MINDA SPL BS6 4 WR ,,IGNITION SWITCH HH,SW15003JZ,,0.00,399,Inclusive,0,Inclusive,0,5,,No,0,
cbacedd2-dccb-4c8b-9a1a-2a80aa84f2ab,S MINDA SPL KS ,,WIRING HARNESS HERO,WH1046,,0.00,667,Inclusive,0,Inclusive,0,3,,No,0,
76b81a02-0e97-4a10-857a-27e317fb4c67,S MINDA SPL+ METER ASSLY ,,METER ASSLY ALL,DI6050A,,0.00,1398,Inclusive,0,Inclusive,0,0,,No,0,
7feb9ec9-f910-40d7-a4be-1fbe6b46f07a,S MINDA SPL N/M HF DLX FUEL TANK CAP ,,FUEL TANK CAP,FC4901CZ,,0.00,426,Inclusive,0,Inclusive,0,2,,No,0,
b4b25d6f-4731-4abb-b1c9-f4e4af729004,S MINDA SPL PLS /PSN 4 WR ,,IGNITION SWITCH HH,SW1101CZ,,0.00,440,Inclusive,0,Inclusive,0,6,,No,0,
00f7bb9c-d803-46e2-a52d-908277cf4ce4,S MINDA SPL PRO ES WIRING,,WIRING HARNESS HERO,WH1046NB,,0.00,1316,Inclusive,0,Inclusive,0,1,,No,0,
8aae3864-26af-4c84-9345-71da4d8d448c,S MINDA SPL PRO ES WIRING,,WIRING HARNESS HERO,WH1046PA,,0.00,1250,Inclusive,0,Inclusive,0,2,,No,0,
b43b9321-7603-4f6e-8dd2-1aaea3ed076c,S MINDA SPL PRO KS 2010,,WIRING HARNESS HERO,WH1046R,,0.00,1119,Inclusive,0,Inclusive,0,2,,No,0,
8b0b772b-9ad7-4c41-a6ad-370c08a12eac,S MINDA SPL PRO METER ASSLY,,METER ASSLY ALL,DI6050C,,0.00,1245,Inclusive,0,Inclusive,0,2,,No,0,
f4d67718-ac08-4d7a-975f-2ca4ecff8a38,S MINDA SPL PRO WIRING,,WIRING HARNESS HERO,WH1046P,,0.00,1435,Inclusive,0,Inclusive,0,3,,No,0,
33358fb4-40bf-4e43-b692-dc93be97a7f9,S MINDA SPL/PSN 4 WR ,,IGNITION SWITCH HH,IGN1101Z,,0.00,375,Inclusive,0,Inclusive,0,4,,No,0,
015c1c0c-6f5d-4de7-ab34-abe21043baf7,S MINDA SPL /PSN PRO 2 WR,,IGNITION SWITCH HH,SW1101GZ,,0.00,415,Inclusive,0,Inclusive,0,11,,No,0,
738de4e3-24d5-4608-9af4-ecc7358a57f2,S MINDA SPL/PSN PRO 2 WR,,IGNITION SWITCH HH,SW1101GJ,,0.00,415,Inclusive,0,Inclusive,0,1,,No,0,
b5bfc84d-ced7-4a31-a38c-7e7ce7e29e1a,S MINDA STAR CITY 110 KS,,WIRING HARNESS TVS,WH9035SG,,0.00,607,Inclusive,0,Inclusive,0,3,,No,0,
4db829be-4afa-4ccd-a7c6-bbabe4744a7b,S MINDA STAR CITY 110 SS ,,WIRING HARNESS TVS,WH9035SF,,0.00,684,Inclusive,0,Inclusive,0,4,,No,0,
b6e84910-3600-47f4-bb97-7e54eda1015e,S  MINDA STAR CITY 2008 KS,,WIRING HARNESS TVS,WH9035SD,,0.00,537,Inclusive,0,Inclusive,0,3,,No,0,
ca0b0477-c07a-4207-be92-de9fa5de6622,S MINDA STAR CITY 2009 CVTI,,WIRING HARNESS TVS,WH9035J,,0.00,690,Inclusive,0,Inclusive,0,2,,No,0,
b0f45076-a4f7-46ee-bf2d-2954c1fa9e6f,S MINDA STAR CITY FUEL TANK CAP,,FUEL TANK CAP,FC4817Z,,0.00,454,Inclusive,0,Inclusive,0,1,,No,0,
f79da493-891c-41f0-bc87-cdd674994c7b, S MINDA STAR CITY KS,,WIRING HARNESS TVS,WH9035ES,,0.00,546,Inclusive,0,Inclusive,0,5,,No,0,
39be361a-ece4-4d35-8005-d45a8048fa89,S MINDA STAR CITY KS,,WIRING HARNESS TVS,WH9035SC,,0.00,423,Inclusive,0,Inclusive,0,1,,No,0,
9d207108-b3a4-45e3-befc-a0cb983b8d6c,S MINDA STAR CITY KS,,WIRING HARNESS TVS,WH9035SI,,0.00,587,Inclusive,0,Inclusive,0,2,,No,0,
4e2eb632-26d6-4476-9836-079c69e8eba3,S MINDA STAR CITY KS 4 WR,,IGNITION SWITCH TVS,SW1227AZ,,0.00,417,Inclusive,0,Inclusive,0,7,,No,0,
4827c8c2-c0cb-4b60-9b10-420eab38dd28,S MINDA STAR CITY PLS 110,,WIRING HARNESS TVS,WH9035SHA,,0.00,939,Inclusive,0,Inclusive,0,4,,No,0,
74d3e0c2-486f-42f2-90b3-4ebdb8b1254b,S MINDA STAR CITY SELF START,,WIRING HARNESS TVS,WH9035SH,,0.00,524,Inclusive,0,Inclusive,0,2,,No,0,
d6e8744c-caa7-46c8-a450-159e0b5bb8e0,S MINDA STAR CITY SS 2 WR ,,IGNITION SWITCH TVS,SW1227DZ,,0.00,390,Inclusive,0,Inclusive,0,5,,No,0,
bcc169ce-9a77-4aab-99f7-abec3fd91470,S MINDA STAR KS,,WIRING HARNESS TVS,WH9035S,,0.00,452,Inclusive,0,Inclusive,0,1,,No,0,
fa91f4c2-b5aa-40a6-942b-9703ea9b2acb,S MINDA STAR SPORT CVTI ES,,WIRING HARNESS TVS,WH9035SSP,,0.00,779,Inclusive,0,Inclusive,0,2,,No,0,
03e472cf-2b7d-4bc9-9328-ea12a9b59d4d,S MINDA STAR SPORT FUEL TANK CAP,,FUEL TANK CAP,FC4871DZ,,0.00,323,Inclusive,0,Inclusive,0,2,,No,0,
16544f30-5353-42ba-b09d-c39f11d7e385,S MINDA STAR SPORT KS,,WIRING HARNESS TVS,WH9035SP,,0.00,510,Inclusive,0,Inclusive,0,2,,No,0,
e4f48088-17ff-4de9-843f-e1fed8afdb2f,S MINDA STAR SPORT KS,,WIRING HARNESS TVS,WH9035SE,,0.00,450,Inclusive,0,Inclusive,0,2,,No,0,
177bbeef-8ac3-4867-90cd-2c09db288314,S MINDA SUPER SPL /GLAMIOUR CDI,,CDI HH,SCD103,,0.00,1115,Inclusive,0,Inclusive,0,1,,No,0,
4c214966-c40c-4cca-ae4c-8c38d62b1d1e,S MINDA SUPER SPL WIRING ,,WIRING HARNESS HERO,WH1046SA,,0.00,1060,Inclusive,0,Inclusive,0,1,,No,0,
ace643e2-f9a4-4e23-be88-80f96f51450b,S MINDA SUPER XL 100 SS ,,IGNITION SWITCH TVS,SW0112WZ,,0.00,266,Inclusive,0,Inclusive,0,0,,No,0,
2316f58c-cbc0-4d38-a046-327975da6c63,S MINDA SUZUKI 100 KS ,,WIRING HARNESS TVS,WH1032,,0.00,476,Inclusive,0,Inclusive,0,1,,No,0,
4ad768bb-dc5f-4ce3-90fd-248380fe2f64,S MINDA SUZUKI CDI ,,CDI SUZUKI,NC133,,0.00,241,Inclusive,0,Inclusive,0,1,,No,0,
584f7f1b-fee5-4bcf-97de-086fdb8457b9,S MINDA SUZUKI STEER CONE SET,,STEERING CONE SET,RB9001,,0.00,245,Inclusive,0,Inclusive,0,3,,No,0,
72cedc56-9cf3-499a-9519-542cf4ec1caf,S MINDA UNICORN FUEL TANK CAP ,,FUEL TANK CAP,FC4924AZ,,0.00,520,Inclusive,0,Inclusive,0,1,,No,0,
12005862-3a25-482d-b24f-1a49fb1185dd,S MINDA WEGO FRONT BREAK CABLE,,BREAK CABLE MOPED,FB321,,0.00,149,Inclusive,0,Inclusive,0,3,,No,0,
2e10fa0c-d4da-451a-8d4f-c80811e469ba,S MINDA WEGO STRTER RELAY ,,STRTER  RELAY  ALL,SRL269,,0.00,147,Inclusive,0,Inclusive,0,4,,No,0,
0f13e26a-45b3-4683-a116-c29f28af8e74,S  MINDA XCD 125 SS ,,WIRING HARNESS BAJAJ,WH1089T,,0.00,1200,Inclusive,0,Inclusive,0,1,,No,0,
de1d2bf8-b658-4b94-b9c1-08f04a33ff45,S MINDA XCD DTS 125 ,,WIRING HARNESS BAJAJ,WH1089U,,0.00,972,Inclusive,0,Inclusive,0,1,,No,0,
b4abe39b-23bd-4b39-824a-f06cd072d5b3,S MINDA XL SUPER FUEL TANK CAP,,FUEL TANK CAP,FC4915Z,,0.00,121,Inclusive,0,Inclusive,0,5,,No,0,
4cf3a4c4-3edb-4216-a006-875c1c0c6b27,S MINDA XL SUPER HD ,,WIRING HARNESS TVS,WH1030J,,0.00,275,Inclusive,0,Inclusive,0,1,,No,0,
0b0d597c-0338-450a-a243-5eef3f61c94b,S MINDA XL SUPER HD ,,WIRING HARNESS TVS,WH1030I,,0.00,280,Inclusive,0,Inclusive,0,1,,No,0,
1892d9ff-7b9a-4b32-9906-b5c327bfd2ee,SONS STAR HANDLE BAR,,HANDLE BAR,857226697444,,0.00,360,Inclusive,0,Inclusive,0,1,,No,0,
dfe834b3-be47-4f5a-9c25-9c9c43c86b5d,SPACO SPL CARB,,CARBURATOR ALL,P9003,,0.00,1398,Inclusive,0,Inclusive,0,1,,No,0,
48c8af39-737b-4f30-8dd2-effdd3a76aa6,SPACO SPL OLD CARB ,,CARBURATOR ALL,P9002,,0.00,1554,Inclusive,0,Inclusive,0,1,,No,0,
2240fb57-18be-4b29-9b2b-34ea704ce721,SPACO SPL Y2K CARB,,CARBURATOR ALL,P9004,,0.00,1498,Inclusive,0,Inclusive,0,2,,No,0,
29797ed9-9d0c-4aaf-9234-a6c11ecd2c1b,SPACO STAR/STAR110  CARBURATTOR,,CARBURATOR ALL,P9033,,0.00,1885,Inclusive,0,Inclusive,0,1,,No,0,
eea943a5-3eb1-45f9-aa80-aed565ca0401,SPACO XL 70 CARB,,CARBURATOR ALL,P7402,,0.00,1380,Inclusive,0,Inclusive,0,1,,No,0,
eee003f8-8990-4dc3-b9e3-cbc88a2f668e,SPARK MINDA 4S BXR BREAK CABLE,,BAJAJ BREAK CABLE,FB202,,0.00,143,Inclusive,0,Inclusive,0,6,1.0,No,0,
bd81c681-cf5b-4fb7-925b-f8552ebe01f3,SPARK MINDA ACCESS 125 LOCK KIT ,,MOPED LOCK KIT ALL,SW1285ZM,,0.00,908,Inclusive,0,Inclusive,0,2,,No,0,
912c4d01-88ed-4190-84d5-f41fffc19324,SPARK MINDA ACCESS BS6 LOCK KIT ,,MOPED LOCK KIT ALL,KT2314Z,,0.00,1519,Inclusive,0,Inclusive,0,2,,No,0,
0b70da50-1363-4c2c-8a68-43494556fa9e,SPARK MINDA ACCESS LOCK KIT ,,MOPED LOCK KIT ALL,SW1308ZM,,0.00,1088,Inclusive,0,Inclusive,0,2,,No,0,
834f4722-f1c3-40ef-83ea-bd5ad863905d,SPARK MINDA ACTIVA 110 REAR BREAK CABLE,,BREAK CABLE MOPED,RB406B,,0.00,254,Inclusive,0,Inclusive,0,5,,No,0,
e7a0f31c-2264-41de-b3b3-285c4114d9f2,SPARK MINDA ACTIVA 5G LOCK KIT ,,MOPED LOCK KIT ALL,KT2309DZ,,0.00,1113,Inclusive,0,Inclusive,0,2,,No,0,
ba7b8158-5ea0-4704-abcc-0b74471e9c32,SPARK MINDA ACTIVA 6G BS6 LOCK KIT ,,MOPED LOCK KIT ALL,KT2309HZ,,0.00,1149,Inclusive,0,Inclusive,0,2,,No,0,
04307806-39ca-4712-a938-3967fc975110,SPARK MINDA ACTIVA 6G LOCK KIT ,,MOPED LOCK KIT ALL,KT2309EZM,,0.00,1150,Inclusive,0,Inclusive,0,1,,No,0,
fb290704-a51e-4576-bb06-8ba4a41eee89,SPARK MINDA ACTIVA DIO REAR BREAK CABLE,,BREAK CABLE MOPED,RB407,,0.00,172,Inclusive,0,Inclusive,0,1,,No,0,
05781b78-5114-43e9-b38b-befe29c85f34,SPARK MINDA ACTIVA HET LOCK KIT ,,MOPED LOCK KIT ALL,KT2166GZ,,0.00,644,Inclusive,0,Inclusive,0,5,,No,0,
56a81ec5-7ac1-4a36-880a-85549ab5cf7f,SPARK MINDA ACTIVA LOCK KIT ,,MOPED LOCK KIT ALL,KT2166DZ,,0.00,687,Inclusive,0,Inclusive,0,1,,No,0,
345c11d1-30bc-480f-9946-0c2fa5fa52a6,SPARK MINDA ACTIVA NM REAR BREAK CABLE,,BREAK CABLE MOPED,RB406A,,0.00,218,Inclusive,0,Inclusive,0,5,,No,0,
4c6656cb-ec48-4ea4-89d9-80b40d7d3199,SPARK MINDA  BOXER LOCK KIT ,,LOCK KIT BAJAJ,KT1924EZ,,0.00,467,Inclusive,0,Inclusive,0,2,,No,0,
162e0408-1be2-48f2-8259-0cd687052724,SPARK MINDA BOXER LOCK KIT ,,LOCK KIT BAJAJ,KT1924LZ,,0.00,891,Inclusive,0,Inclusive,0,2,,No,0,
962ea606-5a6a-4aac-b3fe-542bb9d1b41c,SPARK MINDA CBZ X TREME ACC CABLE,,ACC CABLE HH,TC107,,0.00,102,Inclusive,0,Inclusive,0,1,,No,0,
f297abd3-b89a-4a07-86b6-2f68c563a8c1,SPARK MINDA CD DAWN RR UNIT ,,RR UNIT HH,SRR301,,0.00,161,Inclusive,0,Inclusive,0,1,,No,0,
90c2f03b-1dfc-4e4f-94ed-d3e8867a526e,SPARK MINDA  CLBER LOCK KIT ,,LOCK KIT BAJAJ,672882372573,,0.00,522,Inclusive,0,Inclusive,0,1,,No,0,
bc1301e2-29a8-4b0a-b177-00bc0d1d1fce,SPARK MINDA DISC BREAK CABLE,,BAJAJ BREAK CABLE,FB220,,0.00,167,Inclusive,0,Inclusive,0,2,1.0,No,0,
c3a5b874-e53a-4365-b827-df78bb5ffcd6,SPARK MINDA HF DLX BS4  LOCK KIT ,,LOCK KIT HH,KT2291GZ,,0.00,655,Inclusive,0,Inclusive,0,1,,No,0,
138f1ad4-ec2c-4547-bb50-ae8bc149e8a3,SPARK MINDA HH SS ACC CABLE,,ACC CABLE HH,TC113,,0.00,92,Inclusive,0,Inclusive,0,5,,No,0,
f3e9826c-beb6-4aee-9f84-816dfe2df4ab,SPARK MINDA  JUPITER LOCK KIT ,,MOPED LOCK KIT ALL,KT 2279Z,,0.00,820,Inclusive,0,Inclusive,0,1,,No,0,
4225d3de-7b48-4c56-92ab-c03417755e54,SPARK MINDA JUPITOR SEAT CABLE,,SEAT CABLE,CL326,,0.00,50,Inclusive,0,Inclusive,0,4,,No,0,
006eee2a-486e-4931-8aa2-7aa6e5700384,SPARK MINDA PASSION PLUS LOCK KIT ,,LOCK KIT HH,KT2069CZ,,0.00,857,Inclusive,0,Inclusive,0,1,,No,0,
c644b534-4e74-4f6d-9bef-41838b76dbe7,SPARK MINDA PASSION PRO LOCK KIT  ,,LOCK KIT HH,KT2069GZ,,0.00,766,Inclusive,0,Inclusive,0,4,,No,0,
43cf5e2b-b38e-4d03-a8c0-7bf5b9a3e3aa,SPARK MINDA PEP LOCK KIT,,MOPED LOCK KIT ALL,KT2053Z,,0.00,381,Inclusive,0,Inclusive,0,1,,No,0,
1c747ed5-90aa-42ab-9033-17b2c874409f,SPARK MINDA PLEASURE LOCK KIT ,,MOPED LOCK KIT ALL,KT20002LRZ,,0.00,380,Inclusive,0,Inclusive,0,2,,No,0,
2e82a39e-4a29-4a7c-9c0d-680261d03029,SPARK MINDA  PLN OLD LOCK KIT ,,LOCK KIT BAJAJ,KT2142AZ,,0.00,550,Inclusive,0,Inclusive,0,2,,No,0,
bb0c89f3-4ad0-44cc-9023-e57a9ddcf180,SPARK MINDA PLN OLD LOCK KIT ,,LOCK KIT BAJAJ,KT2142EZ,,0.00,999,Inclusive,0,Inclusive,0,2,,No,0,
5935a3da-058f-4c82-8e10-0509108e9ece,SPARK MINDA PLN UG BS6 LOCK KIT ,,LOCK KIT BAJAJ,KT20011HZ,,0.00,846,Inclusive,0,Inclusive,0,0,,No,0,
02c6191e-8c97-4992-88f2-80dc7c00bdc6,SPARK MINDA PLS 150 UG3 RR UNIT,,RR UNIT BAJAJ,SRR335REJ64,,0.00,199,Inclusive,0,Inclusive,0,1,,No,0,
0d5b3e57-ba23-4da2-9f32-845fd79a5067,SPARK MINDA PSN HF DLX RR UNIT ,,RR UNIT HH,SRR303,,0.00,258,Inclusive,0,Inclusive,0,1,,No,0,
8c0f4cbd-ff2f-4840-8a1c-493dc3282810,SPARK MINDA SATR CITY ES RR UNIT,,RR UNIT TVS,SRR366,,0.00,232,Inclusive,0,Inclusive,0,1,,No,0,
700e115f-2403-4318-97e0-184e3ee1eca1,SPARK MINDA SCOOTY PEP + LOCK KIT ,,MOPED LOCK KIT ALL,KT2181AZ,,0.00,496,Inclusive,0,Inclusive,0,3,,No,0,
39f5ccb5-5586-4048-bfed-254361fb662a,SPARK MINDA SHINE LOCK KIT ,,,KT2261MZ,,0.00,793,Inclusive,0,Inclusive,0,4,,No,0,
871682d5-8eb9-4ca2-801b-864961af1f72,SPARK MINDA SPL BS6 LOCK KIT ,,LOCK KIT HH,KT2291RZ,,0.00,687,Inclusive,0,Inclusive,0,2,,No,0,
5a17cdf9-b5bd-46c4-be78-2ac85e1e0441,SPARK MINDA SPL LOCK KIT ,,LOCK KIT HH,KT2291AZ,,0.00,602,Inclusive,0,Inclusive,0,1,,No,0,
9fe6dfab-a76f-442a-982d-1de4846152d3,SPARK MINDA SPL PRO LOCK KIT ,,LOCK KIT HH,KT2069HZ,,0.00,799,Inclusive,0,Inclusive,0,4,,No,0,
608aac2e-35b1-4e6c-bad5-f8a35c932978,SPARK MINDA SPL PSN CLUTCH CABLE,SPL PSN NEW MODEL,CLUTCH CABLE H.H,CC103HD,,0.00,105,Inclusive,0,Inclusive,0,0,1.0,No,0,
527e7120-0bc1-4f50-b582-e4b02692cdf1,SPARK MINDA STAR CITY +110 LOCK KIT ,,LOCK KIT TVS,KT2218GZ,,0.00,866,Inclusive,0,Inclusive,0,7,,No,0,
24551af5-1549-4930-9819-e71180600eca,SPARK MINDA SUZUKI  LOCK KIT,,LOCK KIT TVS,KT1913AZ,,0.00,657,Inclusive,0,Inclusive,0,2,,No,0,
8cc9b368-a54b-4d5e-9b3f-a3272a9f3257,SPARK MINDA VICTOR METER CABLE,,METER CABLE TVS ALL,9C306,,0.00,134,Inclusive,0,Inclusive,0,3,1.0,No,0,
ff5a63a4-55a5-4ee3-9fe2-9dcf29ee4b10,SPARK MINDA WEGO LOCK KIT ,,MOPED LOCK KIT ALL,KT2244Z,,0.00,591,Inclusive,0,Inclusive,0,1,,No,0,
1ab427c3-a43d-4bf3-b3a3-abdc1a71b3a8,SPK VALVE SEAL,,VALVE/VALVE SEAL HH,382988187634,,0.00,68,Inclusive,0,Inclusive,0,1,,No,0,
e8b04b58-c06f-4796-a914-c13e6faae43f,SPL 125 C C PAK,,CLUTCH PACKING ALL,977530366653,,0.00,45,Inclusive,0,Inclusive,0,8,,No,0,
76d68429-2ba7-4daf-8206-dc387e6b9b7f,SPL BLK/SILVER TP,,TAIL PANEL HH,437225569630,,0.00,390,Inclusive,0,Inclusive,0,1,,No,0,
7640feb6-7da7-4f72-a736-a9511bb89818,SPL CLUTCH PACKING,,CLUTCH PACKING ALL,564196026947,,0.00,26,Inclusive,0,Inclusive,0,10,,No,0,
68a3f9c4-2258-4f66-95ac-2b8ad12ef77b,SPL DRUM RUBBER,,DRUM RUBBER ALL,785023274021,,0.00,60,Inclusive,0,Inclusive,0,2,,No,0,
d16d49dd-037d-4cb2-ac9a-5631fff8e46f,SPLENDOR BS4 BK-BLUE,,TAIL PANEL BAJAJ,ST1239A,,0.00,530,Inclusive,0,Inclusive,0,1,,No,0,
be4b3118-8a2d-4fe5-b89d-c94b81a114f1,SPLENDOR PLUS BS4 BK/BLUE,,SIDE PANEL SPLENDOR,SP0853B,,0.00,520,Inclusive,0,Inclusive,0,0,,No,0,
a733c9df-98b7-4312-a53a-9f6c4abac594,SPL FUEL TANK PLATE,,FUEL TANK CAP,226060153746,,0.00,180,Inclusive,0,Inclusive,0,5,,No,0,
9c49609d-dec1-453e-89b0-1a1acad096f4,SPL GEAR LIVER,,GEAR LEVER TVS/HH,323441342644,,0.00,150,Inclusive,0,Inclusive,0,2,,No,0,
286c8889-046f-4cd5-a4f4-4c34e16c0268,SPL HANDLE BAR,,HANDLE BAR,47491574023,,0.00,410,Inclusive,0,Inclusive,0,2,,No,0,
9d915a54-b8a7-4768-a328-6ec450679907,SPL METER CASE ,,METER CASE ALL,212866057244,,0.00,395,Inclusive,0,Inclusive,0,0,,No,0,
2366be9b-b67b-466b-8cca-669007d336f3,SPL N\M COIL PLATE ASSLY,,,51288,,0.00,1190,Inclusive,0,Inclusive,0,2,,No,0,
1a68c147-4526-4fb9-b7de-1200dfb22689,SPL PRO FUEL TANK PLATE,,FUEL TANK CAP,932570537052,,0.00,220,Inclusive,0,Inclusive,0,1,,No,0,
cd818d12-586c-4244-befd-2677743b99b4,SPL PRO MAG PAK,,MAGNET PACKING ALL,558680061445,,0.00,45,Inclusive,0,Inclusive,0,7,,No,0,
ce198481-1cdb-4e5f-98ec-090ae5137926,SPL PRO  METER GIASS ,,METER CASE ALL,600485017344,,0.00,240,Inclusive,0,Inclusive,0,2,,No,0,
dfc40604-d567-4711-aa85-0804b552d667,SPL/PSN BS6 LEFT HANDLE BAR SWITCH,,HANDLE BAR SWITCH LH  HH,SW0685CMM01,,0.00,430,Inclusive,0,Inclusive,0,5,,No,0,
1fe34f1e-fa18-4ff3-8e60-b20095b2a21a,SPL/PSN GREY METAL,,CHAIN COVER METEL,K40405KCCA901S,,0.00,585,Inclusive,0,Inclusive,0,0,,No,0,
5b2d05d0-3303-4f88-ab40-4e6bcdd1216d,spl psn hf chain cover,,CHAIN COVER METEL,516099764693,,0.00,610,Inclusive,0,Inclusive,0,1,,No,0,
484f87dd-36b1-49c6-921a-d614e34d4884,SPL PSN MAG PAK,,MAGNET PACKING ALL,373384767713,,0.00,20,Inclusive,0,Inclusive,0,3,,No,0,
c39e9797-0da8-4930-9674-8ac37006ace9,SPL R. MUD,,REAR MUDGUARD FIBRE ALL,260100350055,,0.00,635,Inclusive,0,Inclusive,0,1,,No,0,
2b35c45f-5511-4007-bd08-d914f4b37443,SPL SIDE STAND ,,SIDE STAND TVS/HH/MOPED,549076474373,,0.00,130,Inclusive,0,Inclusive,0,1,,No,0,
211f0886-f534-49df-83f2-21ba03a6d0b3,SPL SMALL ROLLER,,ROLLER HH,654917872685,,0.00,55,Inclusive,0,Inclusive,0,2,,No,0,
4ccc83a2-3a05-42c4-892d-addcabb61e01,SPREY ACCESS M STAND,,MAIN STAND ALL,OCS111,,0.00,405,Inclusive,0,Inclusive,0,2,,No,0,
bd726a4a-6f55-4a15-93ad-d8496050b5a7,SPREY ACCESS S STAND,,SIDE STAND TVS/HH/MOPED,OSS77,,0.00,150,Inclusive,0,Inclusive,0,2,,No,0,
00e86fbc-19f3-433d-b94f-7bc1ad360a57,SPREY ACTIVA NEW SIDE STAND ,,SIDE STAND TVS/HH/MOPED,OSS62,,0.00,250,Inclusive,0,Inclusive,0,3,,No,0,
16de0c81-7dc9-4054-a4d4-f596cd81d6b0,SPREY MAX100 SIDE STAND ,,SIDE STAND TVS/HH/MOPED,OSS71,,0.00,110,Inclusive,0,Inclusive,0,1,,No,0,
fa9e6023-b73b-46ad-9711-0fe903561e29,SPREY PASSION  X PR0 MAIN STAND ,,MAIN STAND ALL,OCS95,,0.00,376,Inclusive,0,Inclusive,0,1,,No,0,
ffc64f17-6408-4ba8-ba82-38e5260dee8a,SPREY VICTOR MAIN STAND ,,MAIN STAND ALL,450710870533,,0.00,395,Inclusive,0,Inclusive,0,1,,No,0,
29b0c696-87ae-4425-9b9d-e40869395df4,SPREY VICTOR SIDE STAND ,,SIDE STAND TVS/HH/MOPED,IT1386,,0.00,129,Inclusive,0,Inclusive,0,1,,No,0,
ece2ce96-f987-478e-bd3c-16bad03e9130,SPR PLSR UG 4 CLUTCH PLATE,,CLUTCH PLATE BAJAJ,120806945633,,0.00,328,Inclusive,0,Inclusive,0,1,,No,0,
86f6f2ff-b2e1-4db3-8497-55b67c595cb1,SPR SPL CLUTCH PLATE,,CLUTCH PLATES HERO,476083481413,,0.00,198,Inclusive,0,Inclusive,0,2,,No,0,
fd0b5e4c-54e1-4aa6-8c33-3475d8b5fe6c,SPR STAR/WEGO VALVE SEAL ,,TVS ALL ENGINE SPARE,VS1003,,0.00,62,Inclusive,0,Inclusive,0,4,,No,0,
8e6a444e-de93-4580-86d3-5f8ab3aef51f,SRS ACCESS SIDE STAND ,,SIDE STAND TVS/HH/MOPED,SSS22,,0.00,145,Inclusive,0,Inclusive,0,3,,No,0,
effca131-477e-4906-8daf-19ec963bedc5,SRS DIS 100 GEAR SHAFT,,GEAR SHAFT ALL,SGS24,,0.00,259,Inclusive,0,Inclusive,0,2,,No,0,
0b68b6f6-528c-4109-b3b7-df8e450f11f8,SR SHINE HANDLE BAR,,HANDLE BAR,118939831908,,0.00,415,Inclusive,0,Inclusive,0,1,,No,0,
7bb71a45-b3fa-4c22-88ba-a6d584aee786,SRS MAX 100 PRESSURE PLATE,,PRESSURE PLATE HH/TVS,139004862858,,0.00,135,Inclusive,0,Inclusive,0,2,,No,0,
f5b86680-a4f2-412b-a0fa-e44ca1ca70bd,SRS PLN KICK,,KICK ALL,939428478983,,0.00,382,Inclusive,0,Inclusive,0,1,,No,0,
2ec63dbf-88ff-41f1-8934-981c8e10a268,SRS PLN RED ,,INDICATOR BAJAJ,365972102841,,0.00,65,Inclusive,0,Inclusive,0,2,,No,0,
2db8562a-fa70-487b-b0fd-7cf771538113,SRS PLS DTSI MAIN STAND ,,MAIN STAND ALL,SCS1509C,,0.00,545,Inclusive,0,Inclusive,0,1,,No,0,
b0529b8c-620e-4e7f-92e1-e126a060e0ac,SRS PULSER UG4 PRESSURE PLATE,,PRESSURE PLATE BAJAJ,SPP06A,,0.00,155,Inclusive,0,Inclusive,0,3,,No,0,
5eeb98c9-352a-4c56-bfdc-2a7d5b116008,SRS SHINE SIDE STAND,,SIDE STAND TVS/HH/MOPED,SSS28,,0.00,135,Inclusive,0,Inclusive,0,0,,No,0,
9c7e3499-0894-4858-a68d-53f739a66ab4,SRS SPL GEAR LIVER,,GEAR LEVER TVS/HH,SGL12,,0.00,175,Inclusive,0,Inclusive,0,1,,No,0,
4ce86cfd-8b17-4e75-8cc8-f7a1b87ca647,SRS SPL PRO  CD DLX KICK,,KICK ALL,SRSKL23A,,0.00,355,Inclusive,0,Inclusive,0,0,,No,0,
579928d1-d3b8-4ed9-8b83-f33d53529f78,SRS STAR CITY GEAR LEVER,,GEAR LEVER TVS/HH,SGL23,,0.00,196,Inclusive,0,Inclusive,0,2,,No,0,
899e5ccf-a1ce-431c-bad4-970e0bf95134,SRS STAR CITY MAIN STAND ,,MAIN STAND ALL,50107171518,,0.00,403,Inclusive,0,Inclusive,0,1,,No,0,
009f2af0-cf0a-4d39-9a72-027ac782217e,SRS STAR SPORT GEAR LEVER,,GEAR LEVER TVS/HH,SGL23B,,0.00,196,Inclusive,0,Inclusive,0,1,,No,0,
06939a78-ccc5-42be-a5a3-bd3bd3a24c3c,SRS  UZUKI FOOTRACE,,FOOTRACE ALL,SFB 1358,,0.00,430,Inclusive,0,Inclusive,0,1,,No,0,
b4c8cc41-cb62-48db-9248-82c2a96b18f2,SRS XL100 SHOCK PIPE,,SHOCK PIPE TVS FRONT,564282245860,,0.00,455,Inclusive,0,Inclusive,0,2,,No,0,
f46ea6bf-a3bb-4cd7-bd51-18a14620962e,SRS XL SUPER SHOCK PIPE ,,SHOCK PIPE TVS FRONT,SMT35A,,0.00,456,Inclusive,0,Inclusive,0,2,,No,0,
f9ee791a-4e35-4cf8-abaf-3f10e9b1b099,SSPEC 22 SOUND HORN,,HORN ALL,SSPEC22,,0.00,510,Inclusive,0,Inclusive,0,2,,No,0,
f2a60f5f-564c-415c-9b10-1683512f67b3,STANDARD GOLD  CT100/PLN FOOTRACE ,,FOOTRACE ALL,223936752099,,0.00,450,Inclusive,0,Inclusive,0,1,,No,0,
2e7d1cda-1680-41f1-bfc2-e6511e527077,STANDARD GOLD CT100/PLN KICK,,KICK ALL,STD182,,0.00,396,Inclusive,0,Inclusive,0,1,,No,0,
62b5c928-5a97-4fbf-b134-75789704ae60,STANDARD GOLD SHINE FOOTRACE ROD,,FOOTRACE ALL,ST139,,0.00,340,Inclusive,0,Inclusive,0,1,,No,0,
119143b9-38fd-4c61-8ff3-7f1c427f5eda,STANDARD GOLD SHINE HANDLE BAR,,HANDLE BAR,STD244A,,0.00,370,Inclusive,0,Inclusive,0,2,,No,0,
209791b9-7811-48d5-b8f0-fc597160762e,STANDARD GOLD STAR CITY PLUS 110 FOOTRACE BAR,,FOOTRACE ALL,STB133,,0.00,400,Inclusive,0,Inclusive,0,1,,No,0,
0dfcb218-8d25-4fee-b1c1-6462b8a117a0,STANDARD GOLD XL 100 SHOCK PIPE,,SHOCK PIPE TVS FRONT,STD123M,,0.00,450,Inclusive,0,Inclusive,0,2,,No,0,
0748918c-e8e1-41ec-8517-38f625a824f9,STANDARD RX100 GEAR LEVER,,GEAR LEVER TVS/HH,48428226423,,0.00,178,Inclusive,0,Inclusive,0,1,,No,0,
5d674cf2-4e31-4649-86d6-d43cefa60091,STAR 4PIN RR UNIT ,,RR UNIT TVS,709873771439,,0.00,220,Inclusive,0,Inclusive,0,1,,No,0,
79ce2467-6042-4124-863a-867a3d56153a,STAR CITR KICK,,KICK ALL,128015764056,,0.00,330,Inclusive,0,Inclusive,0,1,,No,0,
2250a7aa-1bbd-4a73-bcc7-f7c686366347,STAR CITY + CLUTCH COVER PACKING,,,GTVS18C,,0.00,48,Inclusive,0,Inclusive,0,10,,No,0,
4bd65060-33f4-4cc2-a43e-ca24f1c15166,STAR CITY CVTI N/M RED,,SIDE PANEL TVS,SP1166D,,0.00,750,Inclusive,0,Inclusive,0,1,,No,0,
ef9fbcf4-a834-47ec-8707-4ce6bd47fed6,STAR CITY FIBER CHAIN COVER BK,,CHAIN COVER PVC,X1401,,0.00,450,Inclusive,0,Inclusive,0,2,,No,0,
48f151ad-917d-4f24-b7a4-30c50d14078f,STAR CITY FOOTREST BAR,,,378540551997,,0.00,360,Inclusive,0,Inclusive,0,1,,No,0,
b109f0b6-a51b-4d67-a5c7-14fc2ef9da9e,STAR CITY  HALF PACKING SET ,,HALF PACKING SET TVS,880460178484,,0.00,60,Inclusive,0,Inclusive,0,5,,No,0,
0110b719-ec38-4cc1-adf7-a1f75361ea87,STAR CITY MAGNET COIL 12 POLE,,MAGNET COIL ASSY TVS,51116,,0.00,1142,Inclusive,0,Inclusive,0,3,,No,0,
872a323e-7e84-4ff1-9be9-aa7e79414f87,STAR CITY MAG PAK ,,MAGNET PACKING ALL,649623912996,,0.00,30,Inclusive,0,Inclusive,0,3,,No,0,
8eb9c5c4-f23e-4bb0-9d9d-5ca5a9adbc17,STAR CITY PLUS GEAR LEVER ,,GEAR LEVER TVS/HH,205228713924,,0.00,180,Inclusive,0,Inclusive,0,2,,No,0,
0af027ce-9bee-4145-b690-45bdb2bb1fad,STAR CITY SHCOK PIPE ,,SHOCK PIPE TVS FRONT,298161433242,,0.00,342,Inclusive,0,Inclusive,0,2,,No,0,
0b15c5f5-aeb4-47f2-8d90-6a06e00454ed,STAR CITY S ONE WAY KIT,,STARTER ONE WAY KIT ALL,945071135506,,0.00,725,Inclusive,0,Inclusive,0,1,,No,0,
9721e5bf-69e5-43e9-bd3b-7d9af7652efe,STAR CITY T3 WHITE/RED,,TAIL PANEL TVS,ST1537L,,0.00,840,Inclusive,0,Inclusive,0,1,,No,0,
5a709e62-5f4a-4535-be84-3d367793be5c,STAR CITY TAIL LAMP ASSY. MINDA,,TAIL LIGHT ASSY.,TL6182M,,0.00,384,Inclusive,0,Inclusive,0,2,,No,0,
a57b5d38-b646-4fad-b5e1-675b66955abc,STAR CONTROL SPL BREAK CABLE,,BREAK CABLE HERO,SG324,,0.00,115,Inclusive,0,Inclusive,0,1,,No,0,
7e121c77-13be-40e5-9efa-d12fe58d7fe2,STAR CVTI HORSE TYPE RED,,TAIL PANEL TVS,ST1530B,,0.00,840,Inclusive,0,Inclusive,0,2,,No,0,
5712fe40-4e97-40ed-a322-e4a8822f5fa7,STAR GOLD BOXER AR CHOKE CABLE,,CHOKE CABLE,SG525A,,0.00,80,Inclusive,0,Inclusive,0,0,,No,0,
d2e8d04b-388c-4f0a-9f35-e68b2a471234,STAR GOLD PLN CT100 ES BREAK CABLE,,BAJAJ BREAK CABLE,PF161227,,0.00,120,Inclusive,0,Inclusive,0,0,1.0,No,0,
01d94c8d-e54f-4689-9cc1-d08b15e927df,STAR GOLD STAR CITY CHOKE CABLE,,CHOKE CABLE,N8170130,,0.00,75,Inclusive,0,Inclusive,0,1,,No,0,
321e0fc6-47bd-4070-ba02-430d7c5a78f0,STAR GOLD STAR CVTI DLX FRO BREAK CABLE,,BREAK CABLE TVS,SG290A,,0.00,130,Inclusive,0,Inclusive,0,1,,No,0,
f5a713ae-8c12-4e28-a59f-3cc75d2d07b6,STARPLUS DIS100 MAIN STAND,,MAIN STAND ALL,PPC056C,,0.00,498,Inclusive,0,Inclusive,0,0,,No,0,
79e92786-f603-4cef-8f5c-f491ff6798b6,STAR PLUS PLN CT100 MAIN STAND ,,MAIN STAND ALL,PC054B,,0.00,450,Inclusive,0,Inclusive,0,2,,No,0,
3d857ae3-93f0-468e-9caf-0a7811fa1c7c,STAR PLUS SPL MAIN STAND ,,MAIN STAND ALL,PPC033J,,0.00,495,Inclusive,0,Inclusive,0,1,,No,0,
789bbb27-e482-4942-8b76-2fc1a556ac9b,STAR PLUS SPL/PSN GEAR LIVER,,GEAR LEVER TVS/HH,PPG003,,0.00,165,Inclusive,0,Inclusive,0,2,,No,0,
36e9cf42-baa8-454f-a9b0-b0aa0f29c7d4,STAR PVC CHAIN COVER,,CHAIN COVER PVC,174582315051,,0.00,580,Inclusive,0,Inclusive,0,1,,No,0,
20467542-1a9a-477b-b9c9-dbe9f8341c93,STAR SPORT F P SET ,,FULL PACKING SET ALL,885571113932,,0.00,160,Inclusive,0,Inclusive,0,2,,No,0,
9af78718-6f01-4f8d-9080-4ebd70bee8ae,START 4S BXR BRAKE PADEL,,BRAKE PEDAL ALL,SRT1803,,0.00,285,Inclusive,0,Inclusive,0,9,,No,0,
0e021510-a6b1-44e6-9a56-5224d1cec9ba,START ACCESS OLD STEER CONE SET,,STEERING CONE SET,SRT0424,,0.00,265,Inclusive,0,Inclusive,0,1,,No,0,
d9112895-0dc7-4c3f-afde-d244e61ad731,START CALBR /4S/BOXR KICK,,KICK ALL,SRT0102,,0.00,316,Inclusive,0,Inclusive,0,1,,No,0,
0270e3c3-a6e7-4a83-ad27-86bbc3cdd7e4,START CALIBER/4S MAIN STAND ,,MAIN STAND ALL,SRT2401,,0.00,462,Inclusive,0,Inclusive,0,2,,No,0,
a86c3881-a01c-448f-8624-408553786527,START CBZ GEAR SHAFT ,,GEAR SHAFT ALL,SRT1132,,0.00,382,Inclusive,0,Inclusive,0,1,,No,0,
1627784c-ef33-4c64-9e30-825dbcf15715,START CRUX GEAR LEVER,,GEAR LEVER TVS/HH,SRTGL214,,0.00,162,Inclusive,0,Inclusive,0,1,,No,0,
57f1eb6a-8cc7-46e9-aa41-8d27a52ddf01,START CRUX VALVE KIT,,VALVE/VALVE SEAL HH,SRT0736,,0.00,119,Inclusive,0,Inclusive,0,0,,No,0,
4e050c44-4049-4e36-8085-c8b94bfa52e7,START CT100 GEAR LEVER,,GEAR LEVER BAJAJ,SRT0302,,0.00,158,Inclusive,0,Inclusive,0,0,,No,0,
68b3214a-94d6-4d4b-ac51-e9c04baf542d,START CT100/PLN 4S  HANDLE BAR,,HANDLE BAR,SRT2626,,0.00,403,Inclusive,0,Inclusive,0,3,,No,0,
fad7b209-f47f-43ae-85b5-d6eb4ac42b1b,START CT100 PLN FOOTRACE ,,FOOTRACE ALL,SRT2702,,0.00,458,Inclusive,0,Inclusive,0,4,,No,0,
ca21c5d5-33ad-4c3d-a443-003231fc994e,START DIO/PLESR ROCKER SAT,,CAMSHAFT ROCKER,SRT0625,,0.00,220,Inclusive,0,Inclusive,0,2,,No,0,
fd017e62-2445-4e93-b58e-077d27a7b62a,START DIS-100 BRAKE PADEL,,,SRT1810,,0.00,278,Inclusive,0,Inclusive,0,2,,No,0,
78d0e467-026d-481a-834b-b335868de59b,START DIS 100 MAIN STAND,,MAIN STAND ALL,SRT2404,,0.00,510,Inclusive,0,Inclusive,0,0,,No,0,
2e7f604d-99fc-4f66-abfc-6669a464ae78,START DIS100M/PLNES GEAR LEVER,,GEAR LEVER BAJAJ,SRT0308,,0.00,232,Inclusive,0,Inclusive,0,1,,No,0,
255d2100-b0ce-4eba-a343-8677e9d8049d,START DIS100T MAIN STAND ,,MAIN STAND ALL,SRT2454,,0.00,613,Inclusive,0,Inclusive,0,1,,No,0,
5872ae69-2301-402f-a4bc-ec27c442a294,START DISC 112 BRAKE PADEL,,BRAKE PEDAL ALL,SRT1808,,0.00,340,Inclusive,0,Inclusive,0,2,,No,0,
e943c852-57a8-4fa9-8dca-809deb739c57,START DREAM YUGA FOOTRACE BAR,,FOOTRACE ALL,SRT2719,,0.00,326,Inclusive,0,Inclusive,0,1,,No,0,
d89b895a-2a4b-4a2c-b328-df67ae5e1181,START DREAM YUGA /NEO/CD110,,KICK ALL,SRT0156,,0.00,569,Inclusive,0,Inclusive,0,1,,No,0,
aa8256cf-36b8-4d82-bbc6-714ca653fd0e,START FZ STEERING CONE SET,,STEERING CONE SET,SRT0415,,0.00,320,Inclusive,0,Inclusive,0,4,,No,0,
2d780cb0-bd23-4186-8b84-23e42eef3724,"START GEAR PADAL STAR+110 , VICTOR",,,SRT0375,,0.00,195,Inclusive,0,Inclusive,0,2,,No,0,
1930a756-699b-4cc7-aae6-4d10755db931,START H.H/S.S FOOTRACE,,FOOTRACE ALL,SRT2715,,0.00,336,Inclusive,0,Inclusive,0,2,,No,0,
c17d8fa1-16da-4f6f-9bdc-578568c19a38,START MAX100 KICK ,,KICK ALL,SRT0136,,0.00,345,Inclusive,0,Inclusive,0,2,,No,0,
568b4dad-b246-4c30-b2bb-33b50877641f,START PLN BRAKE PADEL,,BRAKE PEDAL ALL,SRT1804,,0.00,262,Inclusive,0,Inclusive,0,7,,No,0,
9c326d1d-3afc-451c-8b3a-4570a400cc5f,START PLN BS6 GEAR LEVER,,GEAR LEVER BAJAJ,SRT0320,,0.00,431,Inclusive,0,Inclusive,0,3,,No,0,
c7532e18-5dba-4f8e-9f58-aec0838ac818,START PLN KICK,,KICK ALL,238744972823,,0.00,285,Inclusive,0,Inclusive,0,1,,No,0,
567aa315-b4ae-4b48-a83e-790e695b757f,START PLN MAIN STAND ,,MAIN STAND ALL,SRT2402,,0.00,453,Inclusive,0,Inclusive,0,1,,No,0,
067f3fee-75b0-4eee-bb58-22f631a1cefd,START PLN  SIDE STAND,,SIDE STAND BAJAJ,STR2201,,0.00,139,Inclusive,0,Inclusive,0,0,,No,0,
ae94e939-9c61-40ee-9f6f-f432677c42f8,START PLS 150/180 DTSI BRAKE PADEL,,,SRT1815,,0.00,250,Inclusive,0,Inclusive,0,2,,No,0,
6b88d05a-f3a5-4d72-8fed-269b3ca21c88,START PLS N/M DTSI KICK,,KICK ALL,SRT0104,,0.00,556,Inclusive,0,Inclusive,0,1,,No,0,
94144e82-9fe3-438e-8397-e3b815561358,START PUL DTSI SIDE STAND ,,SIDE STAND BAJAJ,SRT2206,,0.00,156,Inclusive,0,Inclusive,0,3,,No,0,
6a3888a4-9bf6-428a-9231-472c3dc0e1ba,START RX100 HANDLE BAR,,HANDLE BAR,SRT2614,,0.00,340,Inclusive,0,Inclusive,0,1,,No,0,
7958a1b4-be14-4b84-aabf-dc95f55ccbcc,START SHINE   BS6 SIDE STAND,,SIDE STAND TVS/HH/MOPED,SRT2280,,0.00,144,Inclusive,0,Inclusive,0,2,,No,0,
8c2f2c22-7194-44a4-a3be-623878335cc9,STARTSHINE BS6SIDE STAND,,SIDE STAND TVS/HH/MOPED,SRT2288,,0.00,235,Inclusive,0,Inclusive,0,2,,No,0,
55688155-0148-4597-8cfc-e54b86bb3d71,START SHINE MAIN STAND ,,MAIN STAND ALL,SRT2422,,0.00,455,Inclusive,0,Inclusive,0,1,,No,0,
6f3f6880-44b3-48db-ae1d-c036f0e56deb,START SHINE SIDE STAND,,SIDE STAND TVS/HH/MOPED,SRT2240,,0.00,150,Inclusive,0,Inclusive,0,1,,No,0,
de74f08d-e3bf-4b47-b97f-440b5121dbff,START SPL CD DOWN KICK,,KICK ALL,SRT0117,,0.00,340,Inclusive,0,Inclusive,0,1,,No,0,
7748d215-7f39-44a6-ba05-ae072e7d31d9,START SPL/PASS ROCKER SET,,CAMSHAFT ROCKER,SRT0619,,0.00,215,Inclusive,0,Inclusive,0,2,,No,0,
307b7344-33c1-4fdc-a1d4-8707ab06711b,START SPL /PSN /CD DWN  BRAKE PADEL,,,SRT1826,,0.00,222,Inclusive,0,Inclusive,0,2,,No,0,
61d5a65a-91ab-4d13-b990-cc1ebdca7096,START SPL/PSN GEAR LIVER,,GEAR LEVER TVS/HH,SRT0313,,0.00,180,Inclusive,0,Inclusive,0,1,,No,0,
4716d333-aace-4363-876e-b1801d59161e,START SPL SIDE STAND,,SIDE STAND TVS/HH/MOPED,SRT2213,,0.00,137,Inclusive,0,Inclusive,0,1,,No,0,
aa45ca7a-5d92-402a-99d4-a3ed3b3bf309,START SS BRAKE PADEL ,,BRAKE PEDAL ALL,SRTBT501,,0.00,200,Inclusive,0,Inclusive,0,1,,No,0,
a6b90180-bc0a-42c5-bb89-18ebac4eeaf7,START STAR CITY +110 VALVE SET,,TVS ALL ENGINE SPARE,SRT0730,,0.00,120,Inclusive,0,Inclusive,0,1,,No,0,
bb57d76b-915e-4aaf-9769-b02f6ceed35e,START STAR CITY BRAKE PADEL,,BRAKE PEDAL ALL,SRT1850,,0.00,264,Inclusive,0,Inclusive,0,1,,No,0,
2445d420-b57d-49e8-a9e5-e35201548fb3,START STAR CITY GEAR LEVER,,GEAR LEVER TVS/HH,SRT0329,,0.00,176,Inclusive,0,Inclusive,0,1,,No,0,
f11899bf-4b9a-4715-85f7-d99c09773cd0,START STAR CITY PLUS 110 GEAR LEVER ,,GEAR LEVER TVS/HH,SRT0331,,0.00,195,Inclusive,0,Inclusive,0,4,,No,0,
aec8108d-33cb-437e-bd59-cbff69cc4919,START STAR CITY PLUS BRAKE PADEL,,BRAKE PEDAL ALL,SRT1866,,0.00,257,Inclusive,0,Inclusive,0,2,,No,0,
98b4a182-83bb-4a0d-88c2-f60964425c72,START STAR CITY /SPORT,,MAIN STAND ALL,SRT2429,,0.00,469,Inclusive,0,Inclusive,0,1,,No,0,
63d401a1-9175-4502-bbe9-011131d41c3f,START STAR CITY +/STAR110/PHONIX  FOOTRACE,,FOOTRACE ALL,SRT2725,,0.00,398,Inclusive,0,Inclusive,0,1,,No,0,
ceb3ca26-73ab-45c0-a7cd-ac0f50cb3f76,START STAR SPORT BRAKE PADEL,,BRAKE PEDAL ALL,SRT1845,,0.00,306,Inclusive,0,Inclusive,0,2,,No,0,
b5ebad48-5a2b-4e59-aae1-cde8573121d0,START STAR SPORT GEAR LEVER,,GEAR LEVER TVS/HH,SRT0330,,0.00,180,Inclusive,0,Inclusive,0,2,,No,0,
aeb286b8-2d3e-414b-a3f4-2c9cd5d0ca3d,START STAR SPORT KICK ,,KICK ALL,SRT0184,,0.00,430,Inclusive,0,Inclusive,0,4,,No,0,
d43a1923-a7c8-43d7-bc9c-824738a6c1b3,START SUPER XL M STAND,,MAIN STAND ALL,SRT2439,,0.00,388,Inclusive,0,Inclusive,0,1,,No,0,
015c7d4e-ada9-4a73-ae15-c79d992b78fe,START SUZUKI BRAKE PADEL,,BRAKE PEDAL ALL,SRT1842,,0.00,218,Inclusive,0,Inclusive,0,0,,No,0,
26997e80-e1c3-4f0a-b550-241ff19f0fc3,START SUZUKI FOOTRACE BAR,,FOOTRACE ALL,SRTFR2216,,0.00,335,Inclusive,0,Inclusive,0,1,,No,0,
ca394439-0c0d-46de-b245-bf486c825add,START UNICORN MAIN STAND ,,MAIN STAND ALL,SRT2423,,0.00,468,Inclusive,0,Inclusive,0,1,,No,0,
fcbb4541-4ce2-4dcb-9e1f-c1d4a371cc06,START  VCTR GEAR LEVER,,GEAR LEVER TVS/HH,SRT0328,,0.00,182,Inclusive,0,Inclusive,0,4,,No,0,
141eae4e-3a7f-443b-b790-0c6629c601c5,START VICTOR GEAR LEVER,,GEAR LEVER TVS/HH,SRTGL219,,0.00,152,Inclusive,0,Inclusive,0,0,,No,0,
5a8938bb-17ba-48bb-9ee5-1b7d4e3824c9,START VICTOR KICK,,KICK ALL,SRT0137,,0.00,434,Inclusive,0,Inclusive,0,1,,No,0,
bb5d7674-ae65-4b98-91b9-95771a34467b,START WEGO KICK LEVER,,KICK ALL,SRT0147,,0.00,370,Inclusive,0,Inclusive,0,1,,No,0,
e988086e-257b-47f6-94fa-04a2911cf508,START XL SUPER SIDE STAND ,,SIDE STAND TVS/HH/MOPED,SRT2231,,0.00,133,Inclusive,0,Inclusive,0,2,,No,0,
81720639-4835-4065-ae1f-22442030ff9f,STEEL BIRD 4S BXR H PAC SET,,HALF PACKING SET BAJAJ,GSK333BH,,0.00,57,Inclusive,0,Inclusive,0,3,,No,0,
bacbe983-b0cb-477c-843a-da363c2b1462,STEEL BIRD 4S DRUM RUBBER,,DRUM RUBBER ALL,KB08,,0.00,87,Inclusive,0,Inclusive,0,13,,No,0,
e0876f38-aa98-4abd-81d2-0b78c509a71e,STEELBIRD CD DELUX DRUM RUBBER,,DRUM RUBBER ALL,HH03H,,0.00,63,Inclusive,0,Inclusive,0,10,,No,0,
667f6fe2-abf3-4619-bf61-b522b22da9dc,STEELBIRD CLUTCH PACKING DIS 100,,,GSK333DA-CL,,0.00,45,Inclusive,0,Inclusive,0,9,,No,0,
b0d82599-eb2f-4a89-a5f8-91475f2d12ed,STEEL BIRD DIS 100 HAL PAC SET,,HALF PACKING SET BAJAJ,GSK333DAH,,0.00,59,Inclusive,0,Inclusive,0,1,,No,0,
4cfdaec4-d5b4-48a0-b4a8-c1d291c76097,STEELBIRD DISC100 MAG PAKING,,MAGNET PACKING ALL,GSKMG333DA,,0.00,24,Inclusive,0,Inclusive,0,9,,No,0,
accba697-685d-46b5-8bbc-0ea3e597b13b,STEEL BIRD HH F P SET,,FULL PACKING SET ALL,GSK222F,,0.00,162,Inclusive,0,Inclusive,0,1,,No,0,
d7cf9e8d-45b7-4289-a394-88e6a3c9be2c,STEEL BIRD HH HAL PAC SET,,HALF PACKING SET HH,GSK222H,,0.00,85,Inclusive,0,Inclusive,0,0,,No,0,
66e26929-e5ca-4b08-80a9-e806f2035705,STEEL BIRD MAX100/XL DRUM RUBBER,,DRUM RUBBER ALL,IS08,,0.00,89,Inclusive,0,Inclusive,0,9,,No,0,
88107750-afb3-496e-a052-bfd74b2c1efb,STEEL BIRD PLN 4S HAL PAC SET,,HALF PACKING SET BAJAJ,GSK333CPH,,0.00,50,Inclusive,0,Inclusive,0,0,,No,0,
02a266dc-fbdb-4ee5-bc6e-3ca4c71fc578,STEEL BIRD PLN ES HAL PAC SET,,HALF PACKING SET BAJAJ,GSK333PESH,,0.00,60,Inclusive,0,Inclusive,0,6,,No,0,
40526d0d-da75-4402-93cb-989b5fc21869,STEEL BIRD PLSR/DIS DRUM RUBBER,,DRUM RUBBER ALL,KB05P,,0.00,139,Inclusive,0,Inclusive,0,9,,No,0,
3b138dc5-3aec-4f7b-a91f-0e4d26833704,STEELBIRD SHINE BS6 DRUM RUBBER,,DRUM RUBBER ALL,HS03SP,,0.00,89,Inclusive,0,Inclusive,0,4,,No,0,
95497f3e-90b3-4a53-869e-b8248a53727b,STEELBIRD SHINE DRUM RUBBER,,DRUM RUBBER ALL,HS03,,0.00,89,Inclusive,0,Inclusive,0,6,,No,0,
27b1b746-79ac-4130-a5cd-7e4fe7c1aac1,STEELBIRD SHINE HAL PAC SET,,HALF PACKING SET HH,GSK888SH,,0.00,67,Inclusive,0,Inclusive,0,3,,No,0,
bc2cac3a-3088-4711-8162-b9d93100f790,STEELBIRD SPL BS6 MAGNET PACKING,,MAGNET PACKING ALL,GSKMG222SB6,,0.00,26,Inclusive,0,Inclusive,0,10,,No,0,
3f59a5b9-d560-482c-b1d9-a22d865bab09,STEEL BIRD SPL DRUM RUBBER ,,DRUM RUBBER ALL,HH03,,0.00,61,Inclusive,0,Inclusive,0,19,,No,0,
ad640b7b-c0f1-4597-8753-239b70ee4d02,STEEL BIRD STAR CITY DRUM RUBBER,,DRUM RUBBER ALL,IS08S,,0.00,102,Inclusive,0,Inclusive,0,3,,No,0,
dd4db4c4-9e83-4a75-88be-ce622ebc4be9,STEEL BIRD STAR CITY HAL PAC SET,,HALF PACKING SET TVS,GSK444SH,,0.00,50,Inclusive,0,Inclusive,0,3,,No,0,
125472a8-c973-4f4b-8ff8-4f4fa896f958,STEEL BIRD STAR DRUM RUBBER,,DRUM RUBBER ALL,IS08V,,0.00,87,Inclusive,0,Inclusive,0,10,,No,0,
5c77a601-f4c9-471b-856d-d7f005a42dd2,STEEL BIRD STAR F.P.SET,,FULL PACKING SET ALL,GSK444SF,,0.00,151,Inclusive,0,Inclusive,0,3,,No,0,
07a37cb1-7fbf-4285-ae36-e792f3d7daa6,STEEL BIRD SUPER SPL DRUM RUBBER,,DRUM RUBBER ALL,HH03S,,0.00,107,Inclusive,0,Inclusive,0,6,,No,0,
042cec7f-034a-41ac-b2c6-b1046a94eabe,STEELBIRD UNICORN DRUM RUBBER,,DRUM RUBBER ALL,HU33,,0.00,136,Inclusive,0,Inclusive,0,8,,No,0,
f6544030-a1d9-47d4-812b-d6c781e2a9a6,STILBIRD CLUTCH PACKING SHINE,,,GSK888SCL,,0.00,45,Inclusive,0,Inclusive,0,10,,No,0,
ed25ca36-225b-4a71-97ff-ba9a93641555,STN ACCESS/ SWISH ROCKER SET,,CAMSHAFT ROCKER,STN2253,,0.00,248,Inclusive,0,Inclusive,0,1,,No,0,
a77b9b98-49d7-4de2-92c2-ca7096923b53,STN PSN PRO BIG ROLLER,,ROLLER HH,108014902191,,0.00,90,Inclusive,0,Inclusive,0,1,,No,0,
f9c329e0-2c17-4eb4-bcd8-3baa777d5c48,SUNNY STAR CITY PLS CHAINCOVER,,CHAIN COVER PVC,ZR2751,,0.00,560,Inclusive,0,Inclusive,0,0,,No,0,
0f6c9930-b567-490c-9d49-6f14136c978d,SUN PLUS DIS 100 GEAR LEVER,,GEAR LEVER BAJAJ,SP242,,0.00,185,Inclusive,0,Inclusive,0,3,,No,0,
ea3cda62-2d79-4a18-8a5b-891f82b43509,SUN PLUS PLN/CT100 BRAKE PEDAL,,BRAKE PEDAL ALL,SP359,,0.00,265,Inclusive,0,Inclusive,0,2,,No,0,
adbe7d1f-6920-412d-a47b-e35c19d87460,SUN PLUS SS HONDA SIDE STAND,,SIDE STAND TVS/HH/MOPED,SP858,,0.00,160,Inclusive,0,Inclusive,0,2,,No,0,
d4291073-ad2e-43a4-ab7c-f4b57f3b39db,SUNPLUS STAR CITY/SPORT MAIN STAND,,MAIN STAND ALL,SP1018,,0.00,565,Inclusive,0,Inclusive,0,1,,No,0,
2e0c8fe2-7765-40c9-b0ce-a7b1a9d1b718,SUN PLUS STAR CITY /VICTOR HANDLE  BAR,,HANDLE BAR,SP2492,,0.00,420,Inclusive,0,Inclusive,0,2,,No,0,
e442b93b-034d-453c-967b-7528a48b822e,SUNPLUS STAR PLUS /PHONIX FOOTREST BAR,,FOOTRACE ALL,SP1299,,0.00,385,Inclusive,0,Inclusive,0,2,,No,0,
d5e644e0-faea-46b7-87ee-9779277d85d4,SUPER SPL HANDLE BAR,,HANDLE BAR,612446046330,,0.00,360,Inclusive,0,Inclusive,0,1,,No,0,
7da9a16f-1b4e-4fd0-9240-7af754104ea0,SUPER XL HADDI ,,TVS ALL ENGINE SPARE,469207529550,,0.00,55,Inclusive,0,Inclusive,0,7,,No,0,
903098ba-6e37-47bd-ab75-17134876db59,SUPRAJIT 4S BXR ACC CABLE,,ACC CABLE BAJAJ,SKB0310,,0.00,140,Inclusive,0,Inclusive,0,18,1.0,No,0,
476e70a9-8abf-4912-8a49-d16fb7922450,SUPRAJIT 4S BXR BREAK CABLE,,BAJAJ BREAK CABLE,SKB0250,,0.00,122,Inclusive,0,Inclusive,0,3,1.0,No,0,
e3c9dbc4-4ad4-4f1a-bc2f-0a6af92eb3d1,SUPRAJIT 4S BXR BREAK CABLE,,BAJAJ BREAK CABLE,SKB0210,,0.00,143,Inclusive,0,Inclusive,0,2,1.0,No,0,
fec615e6-424f-4e47-8374-ab23b2be2d8c,SUPRAJIT 4S BXR CLUTCH CABLE,,CLUTCH CABLE BAJAJ ALL,SKB0150,,0.00,128,Inclusive,0,Inclusive,0,4,1.0,No,0,
a4018562-f7b3-4991-8b9a-e9c4fc1aa6a1,SUPRAJIT ACCESS ACC CABLE,,ACC CABLE ALL MOPED,SSZ0301,,0.00,235,Inclusive,0,Inclusive,0,5,,No,0,
b81dfcba-4c20-4fea-b647-519dc6539f4f,SUPRAJIT ACCESS ACC CABLE,,ACC CABLE ALL MOPED,SSZ0341,,0.00,328,Inclusive,0,Inclusive,0,5,,No,0,
e94ea534-aa45-4e0b-8643-70d81a12f63d,SUPRAJIT ACCESS BS6 REAR BR A CABLE,,BREAK CABLE MOPED,SSZ0634,,0.00,197,Inclusive,0,Inclusive,0,3,,No,0,
b8e36312-0586-42a2-ad04-ee77c819e3de,SUPRAJIT ACCESS CHOKE CABLE,,CHOKE CABLE,SSZ0400,,0.00,193,Inclusive,0,Inclusive,0,5,,No,0,
32b64f30-70eb-4930-af74-94e942702752,SUPRAJIT ACCESS METER CABLE,,METER CABLE MOPED ALL,SSZ0501,,0.00,125,Inclusive,0,Inclusive,0,5,1.0,No,0,
659d40ee-39ea-40ce-8cf3-4f16553ee1ac,SUPRAJIT ACCESS REAR BREAK CABLE,,BREAK CABLE MOPED,SSZ0600,,0.00,200,Inclusive,0,Inclusive,0,8,,No,0,
3ff5b1c5-7fae-40cc-9026-579edad70a58,SUPRAJIT ACCESS SEAT CABLE,,SEAT CABLE,SSZ0702,,0.00,139,Inclusive,0,Inclusive,0,3,,No,0,
94e0bb19-ee0b-4d6f-ac81-13cdc03b43a2,SUPRAJIT ACCESSSS REAR  BR   CABLE,,BREAK CABLE MOPED,SSZZ0635,,0.00,291,Inclusive,0,Inclusive,0,5,,No,0,
d9e751d4-7db3-4ff9-b666-39a6a46611c1,SUPRAJIT ACTIVA 110 ACC CABLE,,ACC CABLE ALL MOPED,SHM0320,,0.00,275,Inclusive,0,Inclusive,0,4,,No,0,
d801f2d2-dda0-4e49-941d-c43119f12b11,SUPRAJIT ACTIVA110 METER CABLE,,METER CABLE HERO MOPED ALL,SHM0520,,0.00,138,Inclusive,0,Inclusive,0,4,1.0,No,0,
cdc08d59-6488-4b59-8e27-f943528b6e1e,SUPRAJIT ACTIVA 110 REAR BREAK CABLE,,ACC CABLE ALL MOPED,SHM0620A,,0.00,218,Inclusive,0,Inclusive,0,5,,No,0,
85906038-1857-473a-a283-a0ad71c0b7d8,SUPRAJIT ACTIVA 110 SEAT CABLE,,SEAT CABLE,SHM0710,,0.00,58,Inclusive,0,Inclusive,0,4,,No,0,
dbd4ec1d-eac8-4dd5-bb15-47f8f3eeaa31,SUPRAJIT ACTIVA ACC CABEL,,ACC CABLE ALL MOPED,SHM0300,,0.00,321,Inclusive,0,Inclusive,0,5,,No,0,
1222b07e-681b-448d-8e84-b9ed50c02585,SUPRAJIT ACTIVA ALL ACC CABLE,,ACC CABLE ALL MOPED,SHM0360,,0.00,292,Inclusive,0,Inclusive,0,6,,No,0,
38077caf-357d-43c8-8d00-3d2cd8431081,SUPRAJIT ACTIVA BS6 REAR BRAKE CABLE,,BREAK CABLE MOPED,SHM0631,,0.00,222,Inclusive,0,Inclusive,0,1,,No,0,
3751b8cc-63f9-4134-97c1-d8660ad44c24,SUPRAJIT ACTIVA DIO FRONT BREAK CABLE,,BREAK CABLE MOPED,SHM0200,,0.00,184,Inclusive,0,Inclusive,0,1,,No,0,
41637f2e-2037-4ec8-8b2c-ca7674e9fc4f,SUPRAJIT ACTIVA DIO METER CABLE,,METER CABLE HERO MOPED ALL,SHM0500,,0.00,147,Inclusive,0,Inclusive,0,11,1.0,No,0,
11fe80d6-e311-4250-9fb7-4b2d404e0e46,SUPRAJIT ACTIVA OLD MODEL FRO BREAK CABLE,,BREAK CABLE MOPED,SHM0222,,0.00,229,Inclusive,0,Inclusive,0,6,,No,0,
cc3aea18-7d79-4e17-84bb-3d16bb8c340f,SUPRAJIT  ACTIVA PLEASURE CHOKE CABLE,,CHOKE CABLE,SHH0422,,0.00,146,Inclusive,0,Inclusive,0,4,,No,0,
869552aa-5e92-4d81-8d07-45ce71dfb1e0,SUPRAJIT BULLET ACC CABLE,,ACC CABLE BAJAJ,SRE0315,,0.00,255,Inclusive,0,Inclusive,0,3,,No,0,
b4f90b55-f9c9-4610-98f7-f95eca7cb0fd,SUPRAJIT BULLET ACC CABLE,,ACC CABLE BAJAJ,SRE0313,,0.00,246,Inclusive,0,Inclusive,0,3,,No,0,
e755c7f7-a6bc-44f4-b5fe-911266ac469e,SUPRAJIT BULLET CLUTCH CABLE,,CLUTCH CABLE BULLET,SRE0112,,0.00,141,Inclusive,0,Inclusive,0,6,1.0,No,0,
24338bfb-1ccc-418c-88a1-0da16d6ff1c7,SUPRAJIT BULLET FR BREAK CABLE,,BREAK CABLE TVS,SRE0212,,0.00,118,Inclusive,0,Inclusive,0,6,,No,0,
387f3bb7-b528-484a-9b5b-d6f55a745c1a,SUPRAJIT BULLET STANDRD ACC CABLE,,ACC CABLE BAJAJ,SSRE0350,,0.00,63,Inclusive,0,Inclusive,0,3,,No,0,
1b959783-8b50-4a94-9897-0238cdf1919c,SUPRAJIT BULLET UCE CLUTCH CABLE,,CLUTCH CABLE BAJAJ ALL,SRE0113,,0.00,130,Inclusive,0,Inclusive,0,2,,No,0,
e02d49f2-f203-427e-9a32-e6507819b679,SUPRAJIT CB SHINE FR BREAK CABLE,,BREAK CABLE HERO,SHM0635,,0.00,285,Inclusive,0,Inclusive,0,5,,No,0,
c305007e-8b9d-4fac-b6ac-e60df7d891fc,SUPRAJIT CBZ CHOKE CABLE,,CHOKE CABLE,SHH0491,,0.00,77,Inclusive,0,Inclusive,0,3,,No,0,
1c6b9ea2-065f-49bf-8851-f61582d6668b,SUPRAJIT CD 100 SS ACC CABLE,,ACC CABLE HH,SHH0300,,0.00,110,Inclusive,0,Inclusive,0,3,,No,0,
ad445723-6f5c-4c07-980a-4422be610265,SUPRAJIT CRUX CHOKE CABLE,,CHOKE CABLE,SEY0430,,0.00,59,Inclusive,0,Inclusive,0,3,,No,0,
5c247300-2f80-4286-969d-05d5f5af3e4c,SUPRAJIT CRUX CLUTCH CABLE,,YAMAHA CLUTCH CABLE,SEY0130,,0.00,149,Inclusive,0,Inclusive,0,3,1.0,No,0,
28b29664-ee57-4d4a-b3dc-4ab4491e60db,SUPRAJIT CRUX FRONT BREAK CABLE,,BREAK CABLE TVS,SEY0230,,0.00,163,Inclusive,0,Inclusive,0,4,,No,0,
246d856d-d21e-44b9-b04c-94596048ae9f,SUPRAJIT CRUX R ACC CABLE,,ACC CABLE TVS,SEY0330,,0.00,145,Inclusive,0,Inclusive,0,3,,No,0,
7dbc4b3b-a9cf-4a37-bf17-f8f40728d356,SUPRAJIT CRUX S BREAK CABLE,,BREAK CABLE TVS,SEY0230S,,0.00,90,Inclusive,0,Inclusive,0,1,,No,0,
766a1b76-8b16-443e-998b-1402dc02feb1,SUPRAJIT CRUX S BREAK CABLE,,BREAK CABLE TVS,SEY030S,,0.00,90,Inclusive,0,Inclusive,0,2,,No,0,
919f43df-d31a-48bc-bbfd-f7e52490b2ff,SUPRAJIT CT100 ACC CABLE,,ACC CABLE BAJAJ,SKB0366DLX,,0.00,176,Inclusive,0,Inclusive,0,7,1.0,No,0,
013cc88a-5a73-4383-bd2e-6a6e7674b9b8,SUPRAJIT CT100 ACC CABLE,,ACC CABLE BAJAJ,SKB0317,,0.00,146,Inclusive,0,Inclusive,0,7,1.0,No,0,
a7ffffff-27f3-46f1-bf55-797060d60df1,SUPRAJIT CT100 CLUTCH CABLE,,CLUTCH CABLE BAJAJ ALL,SKB0166,,0.00,156,Inclusive,0,Inclusive,0,4,1.0,No,0,
f79f27a5-1dac-40f2-99ff-c995bd652373,SUPRAJIT CT100 DLX CHOKE CABLE,,CHOKE CABLE,SKB0466DLX,,0.00,111,Inclusive,0,Inclusive,0,4,,No,0,
bde20a2b-8db3-4489-a5cc-4cce4b27d024,SUPRAJIT CT100 NEW ACC CABLE,,ACC CABLE BAJAJ,SKB0306,,0.00,161,Inclusive,0,Inclusive,0,4,1.0,No,0,
c539ca58-78cc-45e7-ae6c-0c66cdffb6fd,SUPRAJIT CT100 NEW BS6 BREAK CABLE,,BAJAJ BREAK CABLE,SKB0237,,0.00,282,Inclusive,0,Inclusive,0,7,,No,0,
46ec40a9-0333-4c4e-96da-213aa49d58a9,SUPRAJIT CT100 NEW CLUTCH CABLE,,CLUTCH CABLE BAJAJ ALL,SKB0107,,0.00,175,Inclusive,0,Inclusive,0,2,1.0,No,0,
ba177958-aff7-4df0-ab80-52b35e5196f7,SUPRAJIT CT100 PLN METER CABLE,,METER CABLE BAJAJ,SKB0566,,0.00,121,Inclusive,0,Inclusive,0,0,1.0,No,0,
d68b36df-b986-443a-ada8-3c6fb732046f,SUPRAJIT DIS100 CLUTCH CABLE,,CLUTCH CABLE BAJAJ ALL,SKB0182,,0.00,183,Inclusive,0,Inclusive,0,2,1.0,No,0,
294eab0e-6836-4bfc-bc7b-acb0a27fce90,SUPRAJIT DIS112 CLUTCH CABLE,,CLUTCH CABLE BAJAJ ALL,SKB0191,,0.00,154,Inclusive,0,Inclusive,0,6,1.0,No,0,
4bba484d-9f4b-4a6d-8660-83948f4246f8,SUPRAJIT DISC100 ACC CABLE,,ACC CABLE BAJAJ,SKB0382,,0.00,116,Inclusive,0,Inclusive,0,10,1.0,No,0,
b8db29d4-ea29-44ee-a4c0-9ddff8077d7d,SUPRAJIT DISC 100M ACC CABLE,,ACC CABLE BAJAJ,SKB0386,,0.00,144,Inclusive,0,Inclusive,0,8,1.0,No,0,
2d38a760-7de7-40cb-98fb-e18a4e56b52f,SUPRAJIT DISC125 OLD ACC CABLE,,ACC CABLE BAJAJ,SKB0381,,0.00,124,Inclusive,0,Inclusive,0,12,1.0,No,0,
46d16c03-cff2-49ca-b04c-598400168d25,SUPRAJIT DISC FRO BREAK CABLE,,BAJAJ BREAK CABLE,SKB3201,,0.00,167,Inclusive,0,Inclusive,0,3,1.0,No,0,
b09c393a-865e-41fb-a168-142c85b75db7,SUPRAJIT DISC METER CABLE,ALL DISCOVER,METER CABLE BAJAJ,SKB0582,,0.00,132,Inclusive,0,Inclusive,0,0,1.0,No,0,
e474ccf0-6a10-4183-adcc-40e981273bba,SUPRAJIT DREAM NEO HF DLX METER CABLE,,METER CABLE HERO ALL,SHM0515,,0.00,120,Inclusive,0,Inclusive,0,1,1.0,No,0,
3afe6554-a9a6-413b-b7bc-7ea88bfe4517,SUPRAJIT DREAM Y /SHINE ACC CABLE,,ACC CABLE HH,SHM0315,,0.00,140,Inclusive,0,Inclusive,0,4,,No,0,
132bc815-1d78-4ea4-92d6-1eebf9b9a71f,SUPRAJIT DREAM YUGA NEO ACC CABLE,,ACC CABLE HH,SHM0355,,0.00,260,Inclusive,0,Inclusive,0,9,,No,0,
84a11c77-d134-49c2-996b-36481469e0cc,SUPRAJIT DREAM YUGA SHINE ACC CABLE,,ACC CABLE HH,SHM0316,,0.00,136,Inclusive,0,Inclusive,0,8,,No,0,
9d3e737c-86d2-436c-a20c-d84b19c77e00,SUPRAJIT DRM YGA SPL BS6,,METER CABLE HERO ALL,SHM0159,,0.00,107,Inclusive,0,Inclusive,0,2,,No,0,
87a296ef-b80d-4dc7-948c-3cff306906b4,SUPRAJIT FZ CLUTCH CABLE,,YAMAHA CLUTCH CABLE,SEY0191,,0.00,165,Inclusive,0,Inclusive,0,1,1.0,No,0,
3b5a9db2-a880-465a-b682-02303d568e9a,SUPRAJIT FZ F1 ACC CABLE,,ACC CABLE TVS,SEY0397,,0.00,186,Inclusive,0,Inclusive,0,1,,No,0,
beddb12d-5864-4441-bdf0-fc7295617c0a,SUPRAJIT FZ S ACC CABLE,,ACC CABLE TVS,SEY0382,,0.00,255,Inclusive,0,Inclusive,0,2,,No,0,
717e3a3f-1a01-45b9-8197-2daed00406d8,SUPRAJIT HF DLX BS6 ACC CABLE,,ACC CABLE HH,SHH0317,,0.00,113,Inclusive,0,Inclusive,0,3,,No,0,
a688ee38-bf0a-4bf0-b681-1d9d587b12df,SUPRAJIT HF DLX BS6 BREAK CABLE,,BREAK CABLE HERO,SHH0201,,0.00,350,Inclusive,0,Inclusive,0,0,,No,0,
07b931f2-617d-4359-b589-65df90fa0fbb,SUPRAJIT HH  BREAK CABLE,,BREAK CABLE HERO,903266983932,,0.00,166,Inclusive,0,Inclusive,0,1,,No,0,
1a97d283-4f98-4c28-a9b8-ad4135d4c6c1,SUPRAJIT JUPITER BS6 ACC CABLE,,ACC CABLE ALL MOPED,STM2328,,0.00,220,Inclusive,0,Inclusive,0,2,,No,0,
5b088c3b-e797-4d01-a2be-e1666145cb21,SUPRAJIT JUPITOR ACC CABLE,,ACC CABLE ALL MOPED,STM2325,,0.00,266,Inclusive,0,Inclusive,0,8,,No,0,
2e7f728a-dc7e-4834-b959-be33b4507dff,SUPRAJIT JUPITOR REAR BREAK CABLE,,BREAK CABLE MOPED,STM2628,,0.00,355,Inclusive,0,Inclusive,0,5,,No,0,
02a1ed98-f5aa-4ffa-af82-7a181b6521c2,SUPRAJIT JUPITOR REAR BREAK CABLE ,,BREAK CABLE MOPED,STM2625,,0.00,375,Inclusive,0,Inclusive,0,1,,No,0,
cd51d394-79c0-42fd-969e-c0349c595a4f,SUPRAJIT JUPITOR WEGO METER CABLE,,METER CABLE MOPED ALL,STM2520,,0.00,154,Inclusive,0,Inclusive,0,4,1.0,No,0,
f2c5fac5-abd8-4c47-8e67-f7ccb87b8a37,SUPRAJIT LONG  ACC CABLE YAMAHA  FASINO,,ACC CABLE TVS,SEY0385,,0.00,321,Inclusive,0,Inclusive,0,3,,No,0,
62b30de4-b1c3-46e7-b549-b03aa8e5649d,SUPRAJIT MAX 100 BREAK CABLE,,BREAK CABLE TVS,STS0201,,0.00,102,Inclusive,0,Inclusive,0,3,,No,0,
a615b6f3-4d92-42e8-8317-7afc75e1e5cb,SUPRAJIT MAX 100 METER CABLE ,,METER CABLE TVS ALL,STS0500,,0.00,116,Inclusive,0,Inclusive,0,10,,No,0,
d556d21c-1e24-4bc3-9de5-2bc7da2dcdbd,SUPRAJIT MESTRO ACC CABLE,,ACC CABLE ALL MOPED,SHH0385,,0.00,314,Inclusive,0,Inclusive,0,0,,No,0,
820c295b-70e4-43f3-8c1b-a9bc63f5752c,SUPRAJIT MESTRO ACC CABLE,,ACC CABLE ALL MOPED,SH0385,,0.00,314,Inclusive,0,Inclusive,0,4,,No,0,
3b94e53d-13c1-4151-acc3-f6722d7f00e8,SUPRAJIT MESTRO/DUET F OPE CABLE,,FUEL CAP OPENING CABLE,SHH0922,,0.00,130,Inclusive,0,Inclusive,0,2,,No,0,
27e24ac1-2968-4d4c-b3d5-ef7d98c49ed2,SUPRAJIT MESTRO PLEASURE METER CABLE,,METER CABLE HERO MOPED ALL,SHH0522,,0.00,132,Inclusive,0,Inclusive,0,1,1.0,No,0,
36fc2257-d838-402e-b780-3c72edf05fc6,SUPRAJIT NEW ACCESS METER CABLE,,METER CABLE MOPED ALL,SSZ0502,,0.00,161,Inclusive,0,Inclusive,0,2,1.0,No,0,
0129fc50-1497-4cc1-a8fb-150558aaab3b,SUPRAJIT PEP ACC CABLE,,ACC CABLE ALL MOPED,STM2330,,0.00,275,Inclusive,0,Inclusive,0,3,,No,0,
3cd33fb7-d3dc-4ab3-8331-64ac0cadc0f6,SUPRAJIT PEP FRO BREAK CABLE,,BREAK CABLE MOPED,STM2230,,0.00,146,Inclusive,0,Inclusive,0,7,,No,0,
12b51274-dfcd-4660-ac6b-b576580d8c36,SUPRAJIT PEP PLS  BS6 ACC CABLE,,ACC CABLE ALL MOPED,STM2332,,0.00,220,Inclusive,0,Inclusive,0,3,,No,0,
8b6aca4c-f845-4a3c-8ac1-de67689b0561,SUPRAJIT PEP PLS REAR BREAK CABLE,,BREAK CABLE MOPED,STM2630,,0.00,240,Inclusive,0,Inclusive,0,4,,No,0,
c057eadf-8dab-4c47-a54e-44665d12e25b,SUPRAJIT PLEASURE REAR BREAK CABLE,,BREAK CABLE MOPED,SHH0622,,0.00,254,Inclusive,0,Inclusive,0,2,,No,0,
8e68a07d-236f-4c24-8306-10b1154707ae,SUPRAJIT PLN100 COM BREAK CABLE,,BAJAJ BREAK CABLE,SKB0298,,0.00,295,Inclusive,0,Inclusive,0,1,,No,0,
b5f2c344-fa78-4300-9f9e-446293dc18ec,SUPRAJIT PLN110 BS6 ACC CABLE,,ACC CABLE BAJAJ,SKB0358,,0.00,152,Inclusive,0,Inclusive,0,2,1.0,No,0,
dfe31463-54b8-44a8-ab95-c40fe2647127,SUPRAJIT PLN CHOKE CABLE,,CHOKE CABLE,SKB0466,,0.00,108,Inclusive,0,Inclusive,0,5,,No,0,
1c6e5ae7-4638-4491-b878-ef93fbc7ecdc,SUPRAJIT PLN CT100 OLD BREAK CABLE,,BAJAJ BREAK CABLE,SKB0266,,0.00,185,Inclusive,0,Inclusive,0,2,1.0,No,0,
45f89231-6f10-429f-824b-6511ddbd1ad2,SUPRAJIT PLN DTS ES CLUTCH CABLE,,CLUTCH CABLE BAJAJ ALL,SKB0189,,0.00,160,Inclusive,0,Inclusive,0,4,1.0,No,0,
c11f6227-b2c3-40c0-8cc8-2af29a0b4445,SUPRAJIT PLN ES FRO BREAK CABLE,,BAJAJ BREAK CABLE,SKB0289,,0.00,169,Inclusive,0,Inclusive,0,1,1.0,No,0,
75d13371-e2e6-481d-a3fb-7c2219603ee8,SUPRAJIT PLN METER CABLE,,METER CABLE BAJAJ,SKB0566D,,0.00,118,Inclusive,0,Inclusive,0,5,,No,0,
91b53831-6120-44f4-8725-7488c5e97a14,SUPRAJIT PLN NEW ACC CABLE,,ACC CABLE BAJAJ,SKB0388,,0.00,146,Inclusive,0,Inclusive,0,5,1.0,No,0,
e56d137f-e922-4bc6-86b9-5815592756cd,SUPRAJIT PLN NEW CLUTCH CABLE,,CLUTCH CABLE BAJAJ ALL,SKB0188,,0.00,174,Inclusive,0,Inclusive,0,6,1.0,No,0,
22884d36-6f8e-4248-bccb-62deb18412c5,SUPRAJIT PLN NEW FRO BREAK CABLE,,BAJAJ BREAK CABLE,SKB0288,,0.00,144,Inclusive,0,Inclusive,0,5,1.0,No,0,
a4b9a641-e25b-4715-b8cc-cfb185cdcfc7,SUPRAJIT PLN OLD ACC CABLE,,ACC CABLE BAJAJ,SKB0366,,0.00,174,Inclusive,0,Inclusive,0,7,1.0,No,0,
fe8331f7-87f6-4b06-8163-aec05eb872cc,SUPRAJIT PLN OLD CLUTCH CABLE,,CLUTCH CABLE BAJAJ ALL,SKB0166DLX,,0.00,137,Inclusive,0,Inclusive,0,0,1.0,No,0,
7171b349-36e6-46d0-aa4b-b4a47a736bd9,SUPRAJIT PLS CLUTCH CABLE,,CLUTCH CABLE BAJAJ ALL,SKB0176,,0.00,154,Inclusive,0,Inclusive,0,0,1.0,No,0,
fab1aee0-d204-4f54-b8c3-b2c99181bc88,SUPRAJIT PLSR 150 ACC CABLE,,ACC CABLE BAJAJ,SKB0370,,0.00,116,Inclusive,0,Inclusive,0,3,1.0,No,0,
cc7ee554-bea5-43f5-b040-c3084d4de73b,SUPRAJIT PLSR 150 CLUTCH CABLE,,CLUTCH CABLE BAJAJ ALL,SKB0170,,0.00,125,Inclusive,0,Inclusive,0,3,1.0,No,0,
d49957c7-0395-4b30-9788-9e1c1541cbc1,SUPRAJIT PLSR 180 CLUTCH CABLE,,CLUTCH CABLE BAJAJ ALL,SKB0172,,0.00,167,Inclusive,0,Inclusive,0,2,1.0,No,0,
ec81b22c-bb5e-4937-a628-a822866fad4a,SUPRAJIT PLSR220 ACC CABLE,,ACC CABLE BAJAJ,SKB0373,,0.00,134,Inclusive,0,Inclusive,0,0,1.0,No,0,
a901ff81-f728-441f-a78a-cc4c5ab9f553,SUPRAJIT PLSR 220 CLUTCH CABLE,,CLUTCH CABLE BAJAJ ALL,SKB0174,,0.00,144,Inclusive,0,Inclusive,0,3,1.0,No,0,
a532e297-2968-4a9e-8c85-139d298fa02e,SUPRAJIT PLSR ACC CABLE,,ACC CABLE BAJAJ,SKB0372,,0.00,145,Inclusive,0,Inclusive,0,5,1.0,No,0,
07c0d902-ba10-4476-9a0b-354ed1d19755,SUPRAJIT PSN BREAK CABLE,,BREAK CABLE HERO,SHH0233,,0.00,117,Inclusive,0,Inclusive,0,1,,No,0,
f7ff6ee2-9eb5-4d7a-9fc2-49f1ab89fa73,SUPRAJIT PSN PRO CLUTCH CABLE,,CLUTCH CABLE H.H,SHH0133,,0.00,112,Inclusive,0,Inclusive,0,2,1.0,No,0,
83fe1699-4198-4026-a231-6a8af3284919,SUPRAJIT PSN PRO METER CABLE,,METER CABLE HERO ALL,SHH0533,,0.00,106,Inclusive,63.8,Inclusive,0,2,1.0,No,0,
6cf3c551-1183-4603-9fed-c2b2a918de34,SUPRAJIT PSN SPL METER CABLE,,METER CABLE HERO ALL,SHH0520,,0.00,116,Inclusive,0,Inclusive,0,2,1.0,No,0,
57823eef-79dc-448d-9ee5-47084db0a36b,SUPRAJIT PSN X PRO ACC CABLE,,ACC CABLE HH,SHH0389,,0.00,160,Inclusive,0,Inclusive,0,3,,No,0,
dc6f5fc3-ecfe-4bc6-afd8-026cfb7e8452,SUPRAJIT RX100 ACC CABLE,,ACC CABLE TVS,SEY0300,,0.00,309,Inclusive,0,Inclusive,0,4,,No,0,
0c9f959b-2a19-4d0f-8c63-180badfe64c5,SUPRAJIT RX 100 BREAK CABLE,,BREAK CABLE TVS,SEY0200,,0.00,112,Inclusive,0,Inclusive,0,4,,No,0,
23560eb1-844f-434f-b2a3-336e621fec12,SUPRAJIT RX100 CHOKE CABLE,,CHOKE CABLE,SEY0400,,0.00,68,Inclusive,0,Inclusive,0,3,,No,0,
ce860fe5-b9bc-496d-a019-d76c26bd6ece,SUPRAJIT RX 100 CLUTCH CABLE,,YAMAHA CLUTCH CABLE,SEY0100,,0.00,112,Inclusive,0,Inclusive,0,4,1.0,No,0,
122db3f9-8a05-4d26-b480-c78a137459c0,SUPRAJIT RX100 METER CABLE,,METER CABLE YAMAHA,SEY0500,,0.00,102,Inclusive,0,Inclusive,0,3,1.0,No,0,
9b917901-550d-49b5-91a9-18a4f6f05fa4,SUPRAJIT  SATR BS 6 ACC CABLE,,ACC CABLE TVS,STS7305,,0.00,177,Inclusive,0,Inclusive,0,6,,No,0,
4fa49281-cb3b-47c3-a2a5-423aca2922ba,SUPRAJIT SCOOTY PEP METER CABLE,,METER CABLE MOPED ALL,STM2530,,0.00,156,Inclusive,0,Inclusive,0,5,1.0,No,0,
d25a6d00-3490-4859-a06c-073a7f6a69d2,SUPRAJIT SHINE 125 BS6 ACC CABLE,,ACC CABLE HH,SHM0312,,0.00,153,Inclusive,0,Inclusive,0,2,,No,0,
065b78e0-dc7a-404e-8a70-c2493553ea9f,SUPRAJIT SHINE ACC CABLE,,ACC CABLE HH,SHM0333,,0.00,119,Inclusive,0,Inclusive,0,5,,No,0,
3b7928fc-6f60-4424-81c1-d2c86213e3fd,SUPRAJIT SHINE ACC CABLE,,ACC CABLE HH,SHH0333,,0.00,110,Inclusive,0,Inclusive,0,3,,No,0,
68993ce0-6a12-4855-b8b0-08ac6a89710f,SUPRAJIT SHINE BS6 ACC CABLE,,ACC CABLE HH,SHM0311,,0.00,142,Inclusive,0,Inclusive,0,3,,No,0,
859d3a87-6067-4036-8c7c-59d7efc655e5,SUPRAJIT SHINE BS6 BREAK CABLE,,BREAK CABLE HERO,SHM0213,,0.00,270,Inclusive,0,Inclusive,0,2,,No,0,
f887bcbf-520d-47fb-8059-5c2057f64e03,SUPRAJIT SHINE BS6 FR BREAK CABLE,,BREAK CABLE HERO,SHM0210,,0.00,170,Inclusive,0,Inclusive,0,5,,No,0,
8621ec29-f26d-4fc5-a9ca-e8b1bf9fdec5,SUPRAJIT SHINE CLUTCH CABLE,,CLUTCH CABLE H.H,SHM0133,,0.00,140,Inclusive,0,Inclusive,0,0,1.0,No,0,
d6cb2127-fdcf-4ec6-bcb5-56a2e0ef9d2e,SUPRAJIT SHINE COM BS6 BREAK CABLE,,BREAK CABLE HERO,SHM0211,,0.00,295,Inclusive,0,Inclusive,0,10,,No,0,
b9f14b66-ac9d-45d9-a6b6-342ca00d59b8,SUPRAJIT SHINE FRO BREAK CABLE,,BREAK CABLE HERO,SHM0223,,0.00,166,Inclusive,0,Inclusive,0,3,,No,0,
b78be8f4-4f52-41db-bfd1-d6549b5dd7ab,SUPRAJIT SHINE OLD METER CABLE,,METER CABLE HERO ALL,SHM0533,,0.00,136,Inclusive,0,Inclusive,0,6,1.0,No,0,
cc05ee57-44f1-42ad-b61f-a8eac8d06093,SUPRAJIT SHINE SEAT CABLE,,SEAT CABLE,SHM0717,,0.00,18,Inclusive,0,Inclusive,0,2,,No,0,
2406a84c-b376-435e-9938-8eba79014558,SUPRAJIT SPL BS6 ACC CABLE,,ACC CABLE HH,SHH0304,,0.00,103,Inclusive,0,Inclusive,0,4,,No,0,
cb37f410-939f-4649-b8b6-9d934bd31eff,SUPRAJIT SPL BS6 BREAK CABLE,,BREAK CABLE HERO,SHH0232,,0.00,165,Inclusive,0,Inclusive,0,8,,No,0,
717a11d6-d6b1-4c28-930c-911ba7acc933,SUPRAJIT SPL BS6 COM BREAK CABLE,,BREAK CABLE HERO,SH0238,,0.00,182,Inclusive,0,Inclusive,0,6,,No,0,
c1b4c0a3-d65c-49c3-a21c-d3101f68a0e9,SUPRAJIT SPL BS6 COM BREAK CABLE,,BREAK CABLE HERO,SHH0237,,0.00,264,Inclusive,0,Inclusive,0,2,,No,0,
f4fc40b3-1079-47a1-8718-148f901c522b,SUPRAJIT SPL BS6 DREAM YUGA METER CABLE,,METER CABLE HERO ALL,SHM0529,,0.00,107,Inclusive,0,Inclusive,0,3,1.0,No,0,
4406cd2c-a09b-480e-8dcd-716c3c3d8dc3,SUPRAJIT SPL CLUTCH CABLE,,CLUTCH CABLE H.H,SHH0120,,0.00,105,Inclusive,0,Inclusive,0,3,1.0,No,0,
e8a723de-0c63-4d0a-ad54-7c26d7596181,SUPRAJIT SPL OLD METER CABLE,,METER CABLE HERO ALL,SSZ0523,,0.00,148,Inclusive,0,Inclusive,0,1,1.0,No,0,
bf82d081-e03f-46ad-9334-d7867d108309,SUPRAJIT SPL PSN ACC CABLE,,ACC CABLE HH,SHH0320,,0.00,75,Inclusive,0,Inclusive,0,3,,No,0,
f5085bb6-fccc-48a8-8b2f-bdc3b99e3b02,SUPRAJIT SPL PSN FRO BREAK CABLE,,BREAK CABLE HERO,SHH0231,,0.00,325,Inclusive,0,Inclusive,0,6,,No,0,
9eb31793-cc91-48a5-a877-f48b9abcc434,SUPRAJIT SPL PSN FRO. BREAK CALE,,BREAK CABLE HERO,SHH0220,,0.00,119,Inclusive,0,Inclusive,0,6,,No,0,
6d382fa2-1da2-47cc-a8b1-593f18960084,SUPRAJIT STAR ALL CHOKE CABLE,,CHOKE CABLE,STS0401,,0.00,66,Inclusive,0,Inclusive,0,3,,No,0,
7bc6d47d-0821-409c-92cb-ebabfe171f6b,SUPRAJIT STAR CHOKE CABLE,,CHOKE CABLE,STS0402,,0.00,95,Inclusive,0,Inclusive,0,8,,No,0,
69f1fd9a-ea4d-4334-8d44-b136754c5b9a,SUPRAJIT STAR CITY COMBO ACC CABLE,,ACC CABLE TVS,STS9300,,0.00,182,Inclusive,0,Inclusive,0,0,,No,0,
50a79280-b865-4007-95b7-f4498015da07,SUPRAJIT  STAR CITY  COMBO BRAK CABLE ,,BREAK CABLE TVS,STM2240,,0.00,325,Inclusive,0,Inclusive,0,5,,No,0,
d265d889-997b-434b-8bf2-0334fda99d19,SUPRAJIT STAR CITY CVTI 110 ES CLUTCH CABLE ,,CLUTCH CABLE TVS,STS9100,,0.00,189,Inclusive,0,Inclusive,0,2,,No,0,
4bd8b1d2-4e0d-43b5-97cf-e0d7aba45ee1,SUPRAJIT STAR CITY DLX,,ACC CABLE TVS,STS7300,,0.00,147,Inclusive,0,Inclusive,0,5,,No,0,
1ddaced4-1f0f-4d04-8759-7cf8b08ca5c1,SUPRAJIT STAR CITY PLS110 ACC CABLE,,ACC CABLE TVS,STM2326,,0.00,175,Inclusive,0,Inclusive,0,16,,No,0,
a4cf6f51-9321-43d4-b2ea-db32f0620d09,SUPRAJIT STAR CITY PLS VICTOR FRONT BREAK CABLE,,BREAK CABLE TVS,STS4200,,0.00,152,Inclusive,0,Inclusive,0,4,,No,0,
2b9e68d8-a7a8-4e24-9d9d-42021b3d06ba,SUPRAJIT STAR CITY PLUS110 CHOKE CABLE ,,CHOKE CABLE,STM2431,,0.00,98,Inclusive,0,Inclusive,0,5,,No,0,
8f0ebf22-c63f-48f3-ba7e-66a324ca94d5,SUPRAJIT STAR CITY UG ACC CABLE,,ACC CABLE TVS,STS7303,,0.00,220,Inclusive,0,Inclusive,0,1,,No,0,
0338bf40-24ba-42fa-89db-253d4370482e,SUPRAJIT STAR CLUTCH CABLE,,CLUTCH CABLE TVS,STS9102,,0.00,226,Inclusive,0,Inclusive,0,2,1.0,No,0,
a6405b95-0fb1-4dff-973f-ae94087a4d45,SUPRAJIT STAR CLUTCH CABLE,,CLUTCH CABLE TVS,STS7100,,0.00,197,Inclusive,0,Inclusive,0,6,1.0,No,0,
512f06c3-53ef-4f6d-8c6b-7abfcb1d5feb,SUPRAJIT STAR DLX ACC CABLE,,ACC CABLE TVS,STS7301,,0.00,153,Inclusive,0,Inclusive,0,1,,No,0,
4651f84c-3812-4593-8750-e5d14557886e,SUPRAJIT STAR SPORT ACC CABLE,,ACC CABLE TVS,STS9310,,0.00,209,Inclusive,0,Inclusive,0,4,,No,0,
0f3af837-9234-4ecd-81a5-aae022b49568,SUPRAJIT STAR SPORT METER CABLE,,METER CABLE TVS ALL,STS7501,,0.00,153,Inclusive,0,Inclusive,0,4,1.0,No,0,
96dfded5-14c5-4d7e-abc5-60b62819408a,SUPRAJIT SUPER SPL ACC CABLE,,ACC CABLE HH,SHH0390,,0.00,106,Inclusive,0,Inclusive,0,4,,No,0,
efe77fb4-2e1f-4536-95c9-0ab024ef5156,SUPRAJIT SUPER SPL CLUTCH CABLE,,CLUTCH CABLE H.H,SHH0103,,0.00,110,Inclusive,0,Inclusive,0,1,,No,0,
f4cb0900-0dbd-42c1-948a-c48db9a30435,SUPRAJIT SUPER SPL CLUTCH CABLE,,CLUTCH CABLE H.H,SHH0190,,0.00,116,Inclusive,0,Inclusive,0,5,,No,0,
7ac0e757-30f2-4400-82a6-696d11b080bb,SUPRAJIT SUPER SPL GLAMOUR METER CABLE,,METER CABLE HERO ALL,SHH0590,,0.00,100,Inclusive,0,Inclusive,0,0,1.0,No,0,
10ecf5ef-3c56-4f36-a5d7-be76ccdae1ab,SUPRAJIT SUZUKI MAX 100 ACC CABLE,,ACC CABLE TVS,STS0301,,0.00,185,Inclusive,0,Inclusive,0,2,,No,0,
31bb9069-7fc6-4cab-8cf5-d657bbe31c52,SUPRAJIT SUZUKI MAX CLUTCH CABLE,,CLUTCH CABLE SUZUKI,STS0100,,0.00,121,Inclusive,0,Inclusive,0,2,1.0,No,0,
e7aa581f-0e12-4ed1-98a0-f448dbe353c7,SUPRAJIT UNICORN CHOKE CABLE,,CHOKE CABLE,SHM0410,,0.00,97,Inclusive,0,Inclusive,0,5,,No,0,
928e6090-098e-47a5-b5ff-063aa0e9acd8,SUPRAJIT VICTOR ACC CABLE,,ACC CABLE TVS,STS4300,,0.00,191,Inclusive,0,Inclusive,0,2,,No,0,
6f2614c0-83ed-4e99-8d20-65765abf442e,SUPRAJIT VICTOR GL CHOKE CABLE,,CHOKE CABLE,STS4400,,0.00,124,Inclusive,0,Inclusive,0,2,,No,0,
1739d9fd-6a37-447e-8a40-a0fde49078dd,SUPRAJIT VICTOR GL CLUTCH CABLE,,CLUTCH CABLE TVS,STS4100,,0.00,162,Inclusive,0,Inclusive,0,2,,No,0,
a49cf474-7bfe-4042-bb3b-7fe15351ada2,SUPRAJIT VICTORGL METER CABLE,,METER CABLE TVS ALL,STS7500,,0.00,153,Inclusive,0,Inclusive,0,1,,No,0,
b251893c-8c12-48f0-bf4c-676c34aec7ac,SUPRAJIT VICTOR GLX METER CABLE,,METER CABLE TVS ALL,STS4500,,0.00,179,Inclusive,0,Inclusive,0,2,1.0,No,0,
189dee14-bced-4b7c-af14-63807283a633,SUPRAJIT WEGO ACC CABLE,,ACC CABLE ALL MOPED,STM2313,,0.00,250,Inclusive,0,Inclusive,0,3,,No,0,
74da1780-c96a-4f1f-bc64-45d27b6b255f,SUPRAJIT WEGO CHOKE CABLE,,CHOKE CABLE,STM2430,,0.00,196,Inclusive,0,Inclusive,0,5,,No,0,
20f10373-c2d1-4023-9233-f076016a6b21,SUPRAJIT WEGO FRO BREAK CABLE,,BREAK CABLE MOPED,STM2231,,0.00,133,Inclusive,0,Inclusive,0,2,,No,0,
518836df-c8a0-44d9-86f1-f77dd659d7d6,SUPRAJIT WEGO REAR BREAK CABLE,,BREAK CABLE MOPED,STM2620,,0.00,338,Inclusive,0,Inclusive,0,7,,No,0,
192359e5-8ac0-472d-b161-befef72bc264,SUPRAJIT XL100 BS6 ACC CABLE,,ACC CABLE ALL MOPED,STM3333,,0.00,169,Inclusive,0,Inclusive,0,6,,No,0,
c62a2d09-b68b-4efb-8116-450ee331ef0d,SUPRAJIT XL100 BS6 FRO BREAK CABLE,,BREAK CABLE MOPED,STM3223,,0.00,164,Inclusive,0,Inclusive,0,5,,No,0,
dc888cb3-e198-49c4-8784-bae329fe9f87,SUPRAJIT XL100 BS6 REAR BREAK CABLE,,BREAK CABLE MOPED,STM3621,,0.00,275,Inclusive,0,Inclusive,0,4,,No,0,
04ca93f9-43e5-4251-bfb7-3cde7cb424db,SUPRAJIT XL100 FRO BREAK CABLE,,BREAK CABLE MOPED,STM3220,,0.00,126,Inclusive,0,Inclusive,0,4,,No,0,
d3a0c137-4062-4793-aed9-28668e7f8b0d,SUPRAJIT XL ALL METER CABLE,,METER CABLE MOPED ALL,STM3500,,0.00,117,Inclusive,0,Inclusive,0,0,1.0,No,0,
7954cbc9-5ba5-415f-9a19-21af639dc8a7,SUPRAJIT XL CHOKE CABLE,,CHOKE CABLE,STM3400,,0.00,94,Inclusive,0,Inclusive,0,5,,No,0,
f07be0a6-b051-478d-9b34-5541352fc86b,SUPRAJIT XL SUPER ACC CABLE,,ACC CABLE ALL MOPED,STM3300,,0.00,156,Inclusive,0,Inclusive,0,17,,No,0,
9fd3b348-1a05-452c-9160-b5f053112520,SUPRAJIT XL SUPER FRO BREAK CABLE,,BREAK CABLE MOPED,STM3200,,0.00,91,Inclusive,0,Inclusive,0,2,,No,0,
cbb61d64-83cf-4b36-8753-c312fd0d58ee,SUPRAJIT XL SUPER REAR BREAK CABLE,,BREAK CABLE MOPED,STM3600,,0.00,139,Inclusive,0,Inclusive,0,8,,No,0,
1f59d4fd-cd1c-44c5-bd4a-a58d24551d28,SUPRAJIT YAMAHA ALL ACC CABLE,,ACC CABLE TVS,SEY0318,,0.00,238,Inclusive,0,Inclusive,0,3,,No,0,
5baa13c7-2add-4773-bcec-56854f4734b9,SUPRAJIT ZEUS CLUTCH CABLE,,CLUTCH CABLE SUZUKI,SSZ0100,,0.00,156,Inclusive,0,Inclusive,0,5,1.0,No,0,
bf46fccf-3c7c-4f0f-826c-bb74f97ec0a4,SUZUKI ACCESS 125N/M  BLOCK PISTON,,BLOCK PISTON,1210008810000,,0.00,2525,Inclusive,0,Inclusive,0,1,,No,0,
a93f1319-62d0-42d1-8fc9-f88a2e9e1f8e,SUZUKI ACCESS 125 N/M TIMING CHAIN,,,1276008K10000,,0.00,192,Inclusive,0,Inclusive,0,1,,No,0,
ee205818-bc84-407f-ad2e-be0e5530ed27,SUZUKI ACCESS BLOCK PISTON,,BLOCK PISTON,1120033810000,,0.00,2797,Inclusive,0,Inclusive,0,1,1.0,No,0,
bf62d0d0-7f37-4da8-9f88-cd5ff29757b1,SUZUKI ACCESS CAM SHAFT,,CAMSHAFT ROCKER,1271033GC0000,,0.00,1391,Inclusive,0,Inclusive,0,1,,No,0,
61026412-1af9-40bc-bd9d-9e19b5d363bb,SUZUKI ACCESS CARB,,CARBURATOR ALL,1320033G81000,,0.00,3243,Inclusive,0,Inclusive,0,1,,No,0,
d7faff51-2055-4f75-8ac0-81f000da0408,SUZUKI ACCESS COIL PLATE ASSLY,,,3210133GA30000,,0.00,1514,Inclusive,0,Inclusive,0,1,,No,0,
e0d8ffe5-c6b4-4ee6-bf1d-0965fdbed913,SUZUKI ACCESS DECOMPRESSION,,TIMING CHAIN HH,1295033G50000,,0.00,247,Inclusive,0,Inclusive,0,3,,No,0,
b15caa8d-81a8-42b0-87d5-e98d59550322,SUZUKI ACCESS  ROCKER SET,,CAMSHAFT ROCKER,1284033G70000,,0.00,309,Inclusive,0,Inclusive,0,4,,No,0,
1564b511-e3cc-4616-bfc1-cf1150c13231,SUZUKI ACCESS TIMING CHAIN,,TIMING CHAIN HH,1276020G50000,,0.00,350,Inclusive,0,Inclusive,0,1,,No,0,
fe44a010-6a13-4b63-8671-73cd981a18c9,SUZUKI ACCESS TIM.PAD ,,OIL PUMP HH,12771 33G60000,,0.00,78,Inclusive,0,Inclusive,0,1,,No,0,
bfbc71b4-5b4c-4dd8-975e-5b3abac4f6b9,SWATI 4S BXR BRAKE PADEL,,BRAKE PEDAL ALL,SWATI802,,0.00,210,Inclusive,0,Inclusive,0,1,,No,0,
565c0b23-2669-4465-9a6a-a0f575e904fc,SWATI DIS100/XCD MAIN STAND ,,MAIN STAND ALL,809D,,0.00,330,Inclusive,0,Inclusive,0,1,,No,0,
4a69dcf8-5a44-4992-8434-e09f468fc626,SWATI PLS PRESSURE PLATE,,PRESSURE PLATE BAJAJ,867T,,0.00,98,Inclusive,0,Inclusive,0,1,,No,0,
ef73933c-2532-49b8-a3c1-f125456afaae,SWATI SPL HEAD TOP PLATE ,,OIL PUMP HH,123,,0.00,50,Inclusive,0,Inclusive,0,3,,No,0,
8d25171c-8097-4283-9aeb-c0e6b651cb6a,SWATI STAR CITY PLS HANDLE BAR,,HANDLE BAR,290HE,,0.00,294,Inclusive,0,Inclusive,0,1,,No,0,
7638310c-ea86-412e-9e98-ebf014732628,SWATI SUPER XL HANDLE BAR,,HANDLE BAR,2111H,,0.00,308,Inclusive,0,Inclusive,0,1,,No,0,
6cbccba3-a628-457d-9ecc-576fdaeffff6,SWATI TWISTER PRESSURE PLATE,,PRESSURE PLATE HH/TVS,446005561884,,0.00,150,Inclusive,0,Inclusive,0,1,,No,0,
4fbcab5c-830d-4f10-bf99-fb71d36e0ffb,SWATI XL 100 M STAND ,,MAIN STAND ALL,2109X,,0.00,280,Inclusive,0,Inclusive,0,1,,No,0,
78455dfd-7a72-42b5-a8c0-3a8f4832ee8e,SWILUM CENTRA  [2004 MODEL],,WIRING HARNESS TVS,SLM0211R,,0.00,955,Inclusive,0,Inclusive,0,0,,No,0,
85e8372e-6db1-45e4-a4dc-e11516467eb0,SWILUM DIS 125ST WIRING ,,WIRING HARNESS BAJAJ,SLM0212SS,,0.00,1545,Inclusive,0,Inclusive,0,1,,No,0,
cd938880-60fe-4250-abb8-05c1fa3645e9,SWISS 4S ,,WIRING HARNESS BAJAJ,DEUS0212B,,0.00,650,Inclusive,0,Inclusive,0,2,,No,0,
9c3c92d0-30d1-4396-bbf8-922d0d718866,SWISS 4S LH H/B/S ,,HANDLE BAR SWITCH LH BAJAJ,SAP0547,,0.00,410,Inclusive,0,Inclusive,0,1,,No,0,
29d0b9c1-7496-4fde-a1dc-b295a631294a,SWISS ACCESS 125 ES 2012,,WIRING HARNESS TVS,DEUS0211UB,,0.00,1030,Inclusive,0,Inclusive,0,1,,No,0,
2d5861f8-decc-47e5-901e-6d09977d8869,SWISS ACCESS 12 POLE MAG.COIL,,MAGNET COIL ASSY HH,SAP1372,,0.00,730,Inclusive,0,Inclusive,0,0,,No,0,
a717169a-27cc-48f4-9fd5-30695750b2aa,SWISS ACCESS 2010,,WIRING HARNESS TVS,DEUS0211UA,,0.00,1030,Inclusive,0,Inclusive,0,1,,No,0,
39765d42-2e13-4241-800b-033f48a1220e,SWISS ACTIVA 110 3G ,,WIRING HARNESS HERO,DEUS0208HC,,0.00,1395,Inclusive,0,Inclusive,0,1,,No,0,
36a34980-e35d-4b82-afa4-0ce0f26ad8b6,SWISS ACTIVA 2000 ,,WIRING HARNESS HERO,DEUS0208H,,0.00,1110,Inclusive,0,Inclusive,0,1,,No,0,
808730b9-030c-43d4-89b1-5a2d95e229d3,SWISS ACTIVA 2010 ,,WIRING HARNESS HERO,DEUS0208HJ,,0.00,1420,Inclusive,0,Inclusive,0,1,,No,0,
69f483fb-c722-45fd-8997-245a3833f1e3,SWISS BOXER AT RH H/B/S ,,HANDLE BAR SWITCH RH BAJAJ,SAP0549B,,0.00,490,Inclusive,0,Inclusive,0,2,,No,0,
7ab0bf55-5d96-49f2-8c4d-a5b702b5291f,SWISS BULLET STEEL WHITE REAR,,INDICATOR BAJAJ,DEUS1035PS,,0.00,184,Inclusive,0,Inclusive,0,4,,No,0,
18d076a7-5475-4099-a8f3-02a32ab227d2,SWISS CALIBER 115  RR UNIT,,RR UNIT BAJAJ,SAR0763S,,0.00,245,Inclusive,0,Inclusive,0,2,,No,0,
1b8c61c8-bb62-4e59-868f-b6bbc75787cf,SWISS CALIBER LH H/B/S,,HANDLE BAR SWITCH LH BAJAJ,SAP0547B,,0.00,430,Inclusive,0,Inclusive,0,2,,No,0,
2533d3ca-1cfe-4788-961d-ecb50a08d4b1,SWISS CALIBER RR UNIT,,RR UNIT BAJAJ,SAP0764,,0.00,235,Inclusive,0,Inclusive,0,1,,No,0,
7ac31b37-a2d9-4de3-8c45-ae6a0f6e790c,SWISS CALIBRER  115 LH H/B/S,,HANDLE BAR SWITCH LH BAJAJ,SAP0548A,,0.00,230,Inclusive,0,Inclusive,0,5,,No,0,
6947c15e-b681-441c-afc1-f1f5ab6002b6,SWISS CB SHINE 125 ES 2007,,WIRING HARNESS HERO,DEUS0208QB,,0.00,1140,Inclusive,0,Inclusive,0,2,,No,0,
0cec4557-e6eb-43cc-9adb-652762a95eb8,SWISS CB SHINE SP 125 RR UNIT ,,RR UNIT HH,SAP0753,,0.00,300,Inclusive,0,Inclusive,0,2,,No,0,
8e70ee81-1f37-4d18-87e6-73651a60d7d2,SWISS CBZ 2008,,WIRING HARNESS HERO,0209GH,,0.00,1580,Inclusive,0,Inclusive,0,1,,No,0,
036a85cc-3b06-44c4-bb40-3ae829aa8add,SWISS CD 100 ,,IGNITION SWITCH HH,SAP0425,,0.00,155,Inclusive,0,Inclusive,0,1,,No,0,
82d533be-dae2-42db-9813-7ccfa640ee59,SWISS CD 100 1985,,WIRING HARNESS HERO,DEUS0209,,0.00,445,Inclusive,0,Inclusive,0,1,,No,0,
c6d81dda-467f-443a-90b8-540918eb142e,SWISS CD100 CDI,,CDI HH,SAP0672,,0.00,220,Inclusive,0,Inclusive,0,10,,No,0,
1480719b-126f-469e-9035-cdfcc365318b,SWISS CD 100 MAG. COIL,,MAGNET COIL ASSY HH,SAP1351,,0.00,1070,Inclusive,0,Inclusive,0,0,,No,0,
213046eb-d931-4d57-97f6-15b74405a6ef,SWISS CD DAWN LH H/B/S,,HANDLE BAR SWITCH LH  HH,SAP0551C,,0.00,240,Inclusive,0,Inclusive,0,1,,No,0,
71378283-a010-4d24-816b-12c03c09427c,SWISS CD DLX 4 WR ,,IGNITION SWITCH HH,SAP0425G,,0.00,155,Inclusive,0,Inclusive,0,1,,No,0,
2432bcfb-4ea9-40f0-85db-7f1ae92d478e,SWISS CLBR 115 KS ,,WIRING HARNESS BAJAJ,DEUS0212Q,,0.00,1060,Inclusive,0,Inclusive,0,3,,No,0,
f8ba0617-ecc7-4e90-8767-4c698845965c,SWISS CLBR MAG. COIL  ,,MAGNET COIL ASSY BAJAJ,SAP1397,,0.00,1355,Inclusive,0,Inclusive,0,1,,No,0,
ff1602fe-9771-458f-9b12-c9ab66eddfb7,SWISS CT100 KS,,WIRING HARNESS BAJAJ,DEUS0212TE,,0.00,855,Inclusive,0,Inclusive,0,1,,No,0,
1608fc1b-979f-4e1a-902b-47a2a82da90b,SWISS CT100 KS ,,WIRING HARNESS BAJAJ,DEUS0212T,,0.00,930,Inclusive,0,Inclusive,0,0,,No,0,
e0200df1-1016-4125-9861-8d24f8287825,SWISS CT100 KS 2006,,WIRING HARNESS BAJAJ,DEUS0212TD,,0.00,830,Inclusive,0,Inclusive,0,1,,No,0,
7311b971-2bce-45fc-af7b-d7f5a57d9689,SWISS CT100 KS /DISC 112,,WIRING HARNESS BAJAJ,DEUS0212TA,,0.00,815,Inclusive,0,Inclusive,0,1,,No,0,
9ab87fab-8602-4863-9aec-c6a8644aee9c,SWISS CT100 KS DLX,,WIRING HARNESS BAJAJ,DEUS0212TF,,0.00,865,Inclusive,0,Inclusive,0,1,,No,0,
d017deaa-615d-4000-bebc-c9f465756236,SWISS CT100 NEW RH H/B/S,,HANDLE BAR SWITCH RH BAJAJ,SAP0543D,,0.00,250,Inclusive,0,Inclusive,0,2,,No,0,
e16449ca-834e-4e0d-84fa-793077237892,SWISS DISC 100M ES 5G 2000,,WIRING HARNESS BAJAJ,DEUS02123Q,,0.00,1380,Inclusive,0,Inclusive,0,1,,No,0,
14733791-1725-49ad-a8b1-1b57883af20d,SWISS DISC DTSI 125 ES 5G 2014/15,,WIRING HARNESS BAJAJ,DEUS0212RW,,0.00,1390,Inclusive,0,Inclusive,0,1,,No,0,
67f175dd-cbd9-4b9d-8b6c-31135c5d59c6,SWISS DISC DTSI ST 125 ES 2013,,WIRING HARNESS BAJAJ,DEUS0212SS,,0.00,1615,Inclusive,0,Inclusive,0,0,,No,0,
f870313f-288a-4708-897d-0208d1e2f799,SWISS DREAM YUGA CDI 2013,,CDI HH,SAP0671J,,0.00,800,Inclusive,0,Inclusive,0,1,,No,0,
954197a7-89cf-48fb-9706-ee1d8d34de42,SWISS DREAM YUGA ES LH H/B/S ,,HANDLE BAR SWITCH LH  HH,SAP0505J,,0.00,580,Inclusive,0,Inclusive,0,1,,No,0,
63b6bf28-76c7-44d3-a070-7c64acea6a92,SWISS DREAM YUGA LH H/B/S,,HANDLE BAR SWITCH LH  HH,SAP0505JA,,0.00,580,Inclusive,0,Inclusive,0,1,,No,0,
603dd1cc-fb00-4868-bda2-f33b72557369,SWISS GLADATOR 5 GEAR 2010,,WIRING HARNESS TVS,DEUS0210GB,,0.00,1125,Inclusive,0,Inclusive,0,1,,No,0,
6ad601bb-368a-4e14-88a4-ee51138e9067,SWISS HORN ,,HORN ALL,SAP4005,,0.00,225,Inclusive,0,Inclusive,0,3,,No,0,
02f675f6-f195-4798-9348-d474b65fae31,SWISS JUPITOR HT COIL,,H.T.COIL ALL,SAP1786,,0.00,1390,Inclusive,0,Inclusive,0,1,,No,0,
a970ab33-1002-42f5-99f4-d2bf17037560,SWISS MAX 100 LH H B SWITCH,,HANDLE BAR SWITCH TVS LH,SAP0520B,,0.00,430,Inclusive,0,Inclusive,0,1,,No,0,
afea1f6c-ee00-4950-8aa3-f8b68aeb6e56,SWISS MESTRO 2012 CDI,,CDI HH,SAP0672M,,0.00,610,Inclusive,0,Inclusive,0,1,,No,0,
a84e6b2c-ddcd-4320-8828-1f13ffdb615b,SWISS PASSION PRO RR UNIT,,RR UNIT HH,SAP0751B,,0.00,360,Inclusive,0,Inclusive,0,3,,No,0,
cd035983-cd5d-4d25-a28b-51c679c8d909,SWISS PLEASURE 2014/15,,WIRING HARNESS HERO,DEUS0209PC,,0.00,1540,Inclusive,0,Inclusive,0,1,,No,0,
1972edc3-2286-4e4b-8fb0-03c8913479a7,SWISS PLEASURE CDI,,CDI HH,SAP0672P,,0.00,645,Inclusive,0,Inclusive,0,0,,No,0,
ab7e8bd6-ab87-4b07-b693-37c36e5851c0,SWISS PLN /CT100 CDI,,CDI COIL BAJAJ,SAP0676P,,0.00,525,Inclusive,0,Inclusive,0,3,,No,0,
b3f2998f-1076-416f-ae77-43e6afac2aac,SWISS PLN ES 125 RH H/B/S ,,HANDLE BAR SWITCH RH BAJAJ,SAP0548LB,,0.00,280,Inclusive,0,Inclusive,0,5,,No,0,
73e859e7-236c-437b-9f58-b3758bf828ea,SWISS PLN RR UNIT,,RR UNIT BAJAJ,SAP0765C,,0.00,375,Inclusive,0,Inclusive,0,2,,No,0,
bbf7775b-7426-41ea-8587-769353bad075,SWISS PLSR ,,WIRING HARNESS BAJAJ,324449086344,,0.00,975,Inclusive,0,Inclusive,0,1,,No,0,
bab400a0-2102-485e-9371-4ea2f7522b71,SWISS PLSR ,,WIRING HARNESS BAJAJ,779357597240,,0.00,1150,Inclusive,0,Inclusive,0,1,,No,0,
429da869-f3c2-47a4-97c9-133a04483c3e,SWISS PLSR 135 DTSI ES 2010 ,,WIRING HARNESS BAJAJ,0212LS,,0.00,590,Inclusive,0,Inclusive,0,1,,No,0,
884bd5ad-1df9-42d3-9ea3-73a0c6bf4889,SWISS PLSR 135 ES ,,WIRING HARNESS BAJAJ,0212LT,,0.00,835,Inclusive,0,Inclusive,0,1,,No,0,
09700e24-891b-442d-bee2-c1060b82dab9,SWISS PLSR 150/180 DTSI ES UG 3 2011,,WIRING HARNESS BAJAJ,DEUS0212LJ,,0.00,1440,Inclusive,0,Inclusive,0,1,,No,0,
6ddcc286-29d4-4f98-9dd5-e1c9584c6a6b,SWISS PLSR 180 ,,WIRING HARNESS BAJAJ,212KC,,0.00,1150,Inclusive,0,Inclusive,0,1,,No,0,
4d3f5f4b-083c-481d-be38-2c5fe2eeffef,SWISS PLS RH H/B/S ,,HANDLE BAR SWITCH RH BAJAJ,SAP0548Q,,0.00,310,Inclusive,0,Inclusive,0,2,,No,0,
2c97dc7b-9c25-46cb-9f16-6a21005c0a1f,SWISS PSN KS 2001,,WIRING HARNESS HERO,DEUS0209H,,0.00,765,Inclusive,0,Inclusive,0,1,,No,0,
48d062d4-f0c5-4668-b234-99733d20eddf,SWISS PSN PRO ES 2008 ,,WIRING HARNESS HERO,DEUS0209HR,,0.00,1110,Inclusive,0,Inclusive,0,2,,No,0,
b9fa2562-f17f-4e4b-92cf-36aee3e93dbf,SWISS PSN PRO ES 2012,,WIRING HARNESS HERO,DEUS0209HT,,0.00,1325,Inclusive,0,Inclusive,0,1,,No,0,
15d85ea5-01f1-4515-8f63-896026cf9760,SWISS PSN PRO ES 2016,,WIRING HARNESS HERO,DEUS0209HN,,0.00,1505,Inclusive,0,Inclusive,0,1,,No,0,
f1051068-df19-4293-8b4f-858b9fc0bf44,SWISS RX100 LH H B SWITCH,,HANDLE BAR SWITCH TVS LH,SAP0530A,,0.00,465,Inclusive,0,Inclusive,0,1,,No,0,
549ee173-ae23-4c7c-9717-c645476f60df,SWISS RX100 LH H B SWITCH,,HANDLE BAR SWITCH TVS LH,SAP0530,,0.00,500,Inclusive,0,Inclusive,0,1,,No,0,
7685b8dc-3c4b-4034-88bb-f46395e41e04,SWISS SHINE 125 ES 2013,,WIRING HARNESS HERO,DEUS0208QE,,0.00,1095,Inclusive,0,Inclusive,0,2,,No,0,
da7e740f-f5cc-4505-b7db-96f774cc6ba2,SWISS SHINE IG SW,,IGNITION SWITCH HH,SAP0423JE,,0.00,320,Inclusive,0,Inclusive,0,1,,No,0,
73d8a554-7899-461f-a56f-93771ffa31c4,SWISS  SHINE RH H/B/S ,,HANDLE BAR SWITCH RH HH,SAP0551J,,0.00,110,Inclusive,0,Inclusive,0,3,,No,0,
1d5972b4-212c-43f8-8bf7-fd304fff7a7c,SWISS SPL I3S RH H/B/S ,,HANDLE BAR SWITCH RH HH,SAP0551JA,,0.00,210,Inclusive,0,Inclusive,0,1,,No,0,
d2eacc77-adb4-4127-ba66-a4d1c942c8d4,SWISS SPL KS 1994,,WIRING HARNESS HERO,DEUS0209D,,0.00,740,Inclusive,0,Inclusive,0,1,,No,0,
619f79a3-f015-4361-8620-33ea4cbee3ac,SWISS SPL LH H/B/S,,HANDLE BAR SWITCH LH  HH,SAP0550,,0.00,320,Inclusive,0,Inclusive,0,2,,No,0,
60d4d9a6-f131-4ad4-96f4-2aa3291b1c7f,SWISS SPL MAG. COIL ,,MAGNET COIL ASSY HH,SAP1353C,,0.00,300,Inclusive,0,Inclusive,0,1,,No,0,
43f782b2-ce9c-4a3a-bc47-4eefa07aa7c1,SWISS SPL PLS ES 2017 BS4,,WIRING HARNESS HERO,DEUS0209DC,,0.00,1385,Inclusive,0,Inclusive,0,1,,No,0,
93cb0743-135f-41cd-a3de-1623e6f5ab54,SWISS SPL PRO CDI,,CDI HH,SAP0673B,,0.00,845,Inclusive,0,Inclusive,0,2,,No,0,
42eac79c-1129-4239-8a2c-74e16e7a05d6,SWISS SPL PRO LH H/B/S ,,HANDLE BAR SWITCH LH  HH,SAP0551T,,0.00,550,Inclusive,0,Inclusive,0,1,,No,0,
225c4cc4-2768-4b2d-bab6-cb17d0684704,SWISS SPL /PSN CDI,,CDI HH,SAP0673,,0.00,185,Inclusive,0,Inclusive,0,3,,No,0,
583bfdde-feca-41fb-9c73-db8d31ae300d,SWISS SPL SMALL ROLLER,,ROLLER HH,223932336826,,0.00,65,Inclusive,0,Inclusive,0,2,,No,0,
b1772203-57e3-4a89-8312-47ba403b92ba,SWISS SPL+/SPL ES I3S,,WIRING HARNESS HERO,DEUS0209DJ,,0.00,1290,Inclusive,0,Inclusive,0,2,,No,0,
745ea510-3704-4210-bdaa-e5b64c320cc0,SWISS SPL SPO ES LH H/B/S ,,HANDLE BAR SWITCH LH  HH,SAP055S,,0.00,590,Inclusive,0,Inclusive,0,3,,No,0,
1f757e56-4a0b-40a4-9fdb-145d82c1d618,SWISS STAR 6 POLE MAG. COIL,,MAGNET COIL ASSY TVS,SAP1362E,,0.00,950,Inclusive,0,Inclusive,0,1,,No,0,
d345a7ea-19e5-4b99-a40e-060ca448ee97,SWISS STAR CDI +HT COIL,,CDI TVS,SAP1785C,,0.00,745,Inclusive,0,Inclusive,0,1,,No,0,
6837611a-2acd-469d-be9b-8e0cbf85e6ae,SWISS STAR CENTRA 4 WR ,,IGNITION SWITCH TVS,SAP0444,,0.00,255,Inclusive,0,Inclusive,0,2,,No,0,
1661acaf-733e-4b3a-b2fb-d8f36a740b89,SWISS STAR CITY 110 ES LH H/B/S ,,HANDLE BAR SWITCH TVS LH,SAP0522C,,0.00,620,Inclusive,0,Inclusive,0,3,,No,0,
690f79d8-aea0-4f89-9812-8269507c69b5,SWISS STAR CITY 110 KS ,,WIRING HARNESS TVS,DEUS0211SG,,0.00,700,Inclusive,0,Inclusive,0,0,,No,0,
fcad5e54-3f3f-4bcc-83f3-951e344d1ba6,SWISS  STAR CITY ES RR UNIT,,RR UNIT TVS,SAP0759,,0.00,315,Inclusive,0,Inclusive,0,5,,No,0,
2c3c2ec2-39e3-478c-ae12-4f6c2ea7ab90,SWISS STAR LH H/B/S ,,HANDLE BAR SWITCH TVS LH,SAP0522B,,0.00,440,Inclusive,0,Inclusive,0,1,,No,0,
65516b3e-56d7-4c93-b246-eee2bd343b85,SWISS SUPER XL CDI,,CDI TVS,SAP0857,,0.00,255,Inclusive,0,Inclusive,0,1,,No,0,
294dbd3f-f099-41a0-a78a-0095514e7417,SWISS SUPER XL HD ,,WIRING HARNESS TVS,DEUS0243K,,0.00,305,Inclusive,0,Inclusive,0,2,,No,0,
a631a6dd-28eb-4f8c-a493-dadbe66bee36,SWISS SUPER XL RH H B SWITCH,,HANDLE BAR SWITCH TVS RH,SAP0514E,,0.00,275,Inclusive,0,Inclusive,0,3,,No,0,
7acafe7c-3951-41e3-96be-476b06304c35,SWISS SUZUKI RH H B SWITCH,,HANDLE BAR SWITCH TVS RH,SAP0521A,,0.00,390,Inclusive,0,Inclusive,0,2,,No,0,
18c65630-481a-4000-9f99-692c8b872af6,SWISS SUZUKI RR UNIT ,,RR UNIT TVS,SAP0760,,0.00,310,Inclusive,0,Inclusive,0,1,,No,0,
ae278dba-b19f-4b2f-8473-ce014ce456a4,SWISS SUZUKI ZEUS ,,WIRING HARNESS TVS,DEUS0211TA,,0.00,1080,Inclusive,0,Inclusive,0,1,,No,0,
761325f1-6e08-475e-8778-6d4d95564aa3,SWISS WEGO STRTER RELAY,,STRTER  RELAY  ALL,SAP0898D,,0.00,130,Inclusive,0,Inclusive,0,2,,No,0,
2d05cd24-9c40-487b-b3f2-5113e760153d,SWISS XL 100 ES 2018,,WIRING HARNESS TVS,DEUS0243FB,,0.00,1305,Inclusive,0,Inclusive,0,1,,No,0,
00a3776b-c28f-4887-b2f9-ae735f3bde27,SWISS XL100 KS 2016,,WIRING HARNESS TVS,DEUS0243F,,0.00,270,Inclusive,0,Inclusive,0,1,,No,0,
8a628ba7-36ed-49cf-a53e-675856b1be1b,SWISS XL100 KS 2017,,WIRING HARNESS TVS,DEUS0243FA,,0.00,435,Inclusive,0,Inclusive,0,1,,No,0,
b88c1248-1335-4d6b-91e4-dc855c694f16,SWISS XL100 RH H B SWITCH,,HANDLE BAR SWITCH TVS RH,SAP0514EA,,0.00,285,Inclusive,0,Inclusive,0,1,,No,0,
1d48373f-45b3-4564-81ec-9448cedff4d9,SWISS YAMAHA YBR,,WIRING HARNESS TVS,266552911826,,0.00,698,Inclusive,0,Inclusive,0,1,,No,0,
82b4b417-e2df-431f-822f-4b8d2d8e5689,SWISS YAMAHA YBR ,,WIRING HARNESS TVS,518284771942,,0.00,998,Inclusive,0,Inclusive,0,1,,No,0,
1348b31e-480b-4897-9c2d-b949fcb240c7,SWISS YBR STRTER  RELAY ,,STRTER  RELAY  ALL,SAP0895YA,,0.00,260,Inclusive,0,Inclusive,0,2,,No,0,
7efd5c91-9d78-4150-88f3-8e3710d1b5ea,tail panel,,TAIL PANEL BAJAJ,plk585a,,0.00,1109,Inclusive,0,Inclusive,0,1,,No,0,
0e7a21f1-239b-4ad5-b64c-5b830fa48f0d,TATA 6204 BEARING,,BEARING,TA6204,,0.00,138,Inclusive,0,Inclusive,0,2,,No,0,
6d786e0b-9fd6-417e-8417-f5e1c9095dbb,TAT CRUX STEERING CONE SET,,STEERING CONE SET,TAT6071,,0.00,170,Inclusive,0,Inclusive,0,2,,No,0,
ce5c2c2d-9273-4d35-ae18-6ed7e173eaa7,TECHLON 4S CARB,,CARBURATOR ALL,TEC515,,0.00,1360,Inclusive,0,Inclusive,0,0,,No,0,
250548a1-cc78-41dc-b61a-8235c8b2c748,TECHLON SPL CARB. ,,CARBURATOR ALL,TEC520,,0.00,1460,Inclusive,0,Inclusive,0,1,,No,0,
d1de4f3d-307a-4704-809f-cd68c260fd45,TEMAX 4S RED,,SIDE PANEL BOXER CALIBER 4S,TMX191A,,0.00,600,Inclusive,0,Inclusive,0,1,,No,0,
49564fd7-1d05-4802-8e85-1736b37ee609,TEMAX CT100 BLK/BLUE TP,,TAIL PANEL BAJAJ,TMX314A,,0.00,498,Inclusive,0,Inclusive,0,0,,No,0,
ad50e9b4-dbb7-4430-ab4a-48847622923d,TEMAX CT100 DLX BLK\GREY,,SIDE PANEL CT 100,TMX199,,0.00,550,Inclusive,0,Inclusive,0,1,,No,0,
8107b0ab-ca29-4b07-8bf3-9d685ab393a2,TEMAX CT100 DLX BLK/SILVER,,VISOR BAJAJ,448116054174,,0.00,550,Inclusive,0,Inclusive,0,1,,No,0,
50fb0296-3f95-4e2f-bafe-e93b34703ab4,TEMAX CT100 DLX BLK/SILVER,,VISOR BAJAJ,954117661708,,0.00,390,Inclusive,0,Inclusive,0,3,,No,0,
7604703c-3222-4852-9427-098f6a296780,TEMAX DIS 100 125 BLK/GREEN,,VISOR BAJAJ,953637248247,,0.00,644,Inclusive,0,Inclusive,0,0,,No,0,
4461f7f6-324a-4664-b00e-d9c8b8b7b612,TEMAX DIS 100 BLK/BLUE,,VISOR BAJAJ,44378097397,,0.00,615,Inclusive,0,Inclusive,0,1,,No,0,
42f9886a-a235-4028-b3e5-f5da5ead8851,TEMAX DIS 100 BLK/BLUE,,VISOR BAJAJ,TMX482,,0.00,615,Inclusive,0,Inclusive,0,2,,No,0,
bc9eccf9-b48d-414b-9de2-886beeafa4dc,TEMAX DIS100 BLK/BLUE,,SIDE PANEL DISCOVER,TMX203,,0.00,580,Inclusive,0,Inclusive,0,0,,No,0,
337316bc-643e-40c1-9a33-48d1bad88c23,TEMAX DIS 125 BLK/BLUE,,SIDE PANEL DISCOVER,TMX201,,0.00,570,Inclusive,0,Inclusive,0,1,,No,0,
ffc83cd4-7384-4dd3-a7ba-462a17f420ee,TEMAX DIS 125 OLD BLK/BLUE  TP,,TAIL PANEL BAJAJ,317078055849,,0.00,550,Inclusive,0,Inclusive,0,1,,No,0,
7b4fa075-0e58-43fe-bc95-3ad05bb015ea,TEMAX DIS OLD BLK/BLUE,,VISOR BAJAJ,TMX479,,0.00,550,Inclusive,0,Inclusive,0,0,,No,0,
d1a992b2-8fed-433b-8556-c7533a8d93c0,TEMAX HF DLX BLK/PURPLE,,SIDE PANEL HF DLX,907322930425,,0.00,530,Inclusive,0,Inclusive,0,0,,No,0,
3c2a5354-8ec2-4f84-88c1-5264dd4e9ab0,TEMAX KB4S BLK,,SIDE PANEL BOXER CALIBER 4S,TMX191,,0.00,550,Inclusive,0,Inclusive,0,1,,No,0,
673a152e-81be-454e-aa73-3921f81e412f,TEMAX KB4S WINE RED ,,SIDE PANEL BOXER CALIBER 4S,TMX191B,,0.00,600,Inclusive,0,Inclusive,0,1,,No,0,
604f402e-b9b0-43f1-9d75-fd079acbb926,TEMAX PLN BLK/SILVER,,SIDE PANEL PLATINA,TMX206,,0.00,600,Inclusive,0,Inclusive,0,1,,No,0,
9fbce24e-37ca-431d-a5c4-75f564d03160,TEMAX PLN ES BLK/SILVER,,VISOR BAJAJ,TMX498,,0.00,550,Inclusive,0,Inclusive,0,2,,No,0,
ac05c6de-7c8b-49f6-b02c-4ad12c5c8dfa,TEMAX PLN LED BLK/RED,,,455005585858,,0.00,550,Inclusive,0,Inclusive,0,1,,No,0,
5782d511-c345-42f9-a718-428d1e45129c,TEMAX PLN RED,,VISOR BAJAJ,450712126768,,0.00,550,Inclusive,0,Inclusive,0,1,,No,0,
104710a9-52c4-4eac-a831-df82a6c5bb08,TEMAX PSN PLS AW BLK/BLUE,,SIDE PANEL PASSION,TMX117,,0.00,560,Inclusive,0,Inclusive,0,1,,No,0,
53883e12-1565-4a79-b7fa-426a95ed280d,TEMAX PSN PLS BLK/BLUE ,,SIDE PANEL PASSION,TMX116,,0.00,560,Inclusive,0,Inclusive,0,2,,No,0,
532381f0-d423-42bb-ab4b-327c410c4c89,TEMAX PSN PLS BLK/BLUE TP,,TAIL PANEL HH,TMX260,,0.00,570,Inclusive,0,Inclusive,0,2,,No,0,
3835d308-373c-493e-824c-623a2f3e8623,TEMAX PSN PLS BLK/RED ,,SIDE PANEL PASSION,TMX116A,,0.00,560,Inclusive,0,Inclusive,0,3,,No,0,
f130de3e-936c-4e4d-80e1-078460beec0c,TEMAX PSN PRO DIGITAL BLK/GREY,,SIDE PANEL PASSION,TMX119B,,0.00,560,Inclusive,0,Inclusive,0,0,,No,0,
f9763efe-80d9-49a8-9cf0-6f93fbc5d7b5,TEMAX PSN PRO DIGITAL BLK/RED,,VISOR HH,TMX414A,,0.00,600,Inclusive,0,Inclusive,0,4,,No,0,
c1d20afe-41d5-4486-a538-36cddea705d0,TEMAX PSN PRO OLD BLK/RED ,,SIDE PANEL PASSION,TMX118A,,0.00,560,Inclusive,0,Inclusive,0,1,,No,0,
19da191b-67ac-4763-a383-586f80aebdf2,TEMAX SHINE BLK/RED,,VISOR HH,876325955137,,0.00,460,Inclusive,0,Inclusive,0,2,,No,0,
1d17ff18-e61a-4557-9cd9-b6c04106245e,TEMAX SHINE BLK/SILVER TP,,TAIL PANEL HH,146057517349,,0.00,640,Inclusive,0,Inclusive,0,1,,No,0,
a3f7a52b-74cd-4b1c-a15f-435994a08651,TEMAX SPL BLK/GREY TP,,TAIL PANEL HH,TMX290A,,0.00,450,Inclusive,0,Inclusive,0,1,,No,0,
a00ba860-c747-48e0-872a-7cf057a717b7,TEMAX STAR CITY BLK TP,,TAIL PANEL TVS,TMX301,,0.00,580,Inclusive,0,Inclusive,0,2,,No,0,
2ad9a3e1-e9a8-4470-bed6-0a4112f80971,TEMAX STAR CITY OLD BLK/ORANGE,,SIDE PANEL TVS,TMX176,,0.00,670,Inclusive,0,Inclusive,0,2,,No,0,
8433ca46-b7db-4862-b953-a6ab7f164665,TEMAX STAR CITY OLD BLK TP,,TAIL PANEL TVS,TMX300,,0.00,580,Inclusive,0,Inclusive,0,2,,No,0,
7d3ac8f5-59bc-4474-a5cd-24ee52576119,TEMAX STAR SILVER ,,VISOR TVS,22757779607,,0.00,600,Inclusive,0,Inclusive,0,1,,No,0,
181c945a-ee41-4dd4-8c2e-a4bca8edfa0c,TEMAX VICTOR GL BLK/RED,,SIDE PANEL TVS,584220233272,,0.00,540,Inclusive,0,Inclusive,0,1,,No,0,
f89355df-de29-4b4a-b36d-e982396ad17b,TEMAX VICTOR GL RED,,MUDGUARD TVS,TMX812A,,0.00,410,Inclusive,0,Inclusive,0,1,,No,0,
f948ff8b-9da6-4ac6-86db-9b1ffb48d8af,TEXSPIN 6005 BEARING,,BEARING,TEX6005,,0.00,128,Inclusive,0,Inclusive,0,6,,No,0,
64f5041f-1f9e-41f4-97b3-5ff799a6b9a3,TEXSPIN 6200 BEARING,,BEARING,TEX6200,,0.00,70,Inclusive,0,Inclusive,0,1,,No,0,
bd66bb96-f174-490a-a4a1-f690b3a023b9,TEXSPIN 628 BEARING,,BEARING,TX628,,0.00,57,Inclusive,0,Inclusive,0,4,,No,0,
f5739679-9dcc-4e48-acba-2c5945a56300,TEXSPIN SPL ROCKER SET,,CAMSHAFT ROCKER,TXRA1036,,0.00,245,Inclusive,0,Inclusive,0,1,,No,0,
e7441b3f-0604-48b5-b2e7-69f804c7a39d,TIMING CHAIN ACTIVA N/M,,,14401KWP901,,0.00,163,Inclusive,0,Inclusive,0,7,,No,0,
bc76ceca-4042-43ac-9bfc-ea961504c3d8,TMAX CBZ SPORT RED TP,,TAIL PANEL HH,TMX270A,,0.00,730,Inclusive,0,Inclusive,0,1,,No,0,
c9f31406-13ac-482f-8fae-3ed216688e71,TMC CD DAWN METER CASE,,METER CASE ALL,TMC860,,0.00,227,Inclusive,0,Inclusive,0,1,,No,0,
659b6259-d61f-45f0-a634-48dc7b90393c,TMC SUZUKI SAMURAI RED,,INDICATOR TVS,952,,0.00,81,Inclusive,0,Inclusive,0,2,,No,0,
3d748584-612f-4358-90bd-f2569d97093a,TODAY STAR 4 WR,,IGNITION SWITCH TVS,184201666197,,0.00,300,Inclusive,0,Inclusive,0,1,,No,0,
5fde6786-4040-4b99-b31c-501b46ce69df,TR999 ACTIVA 110 F.P.SET,,FULL PACKING SET ALL,419923391293,,0.00,165,Inclusive,0,Inclusive,0,1,,No,0,
780be564-d3cb-4253-9386-9542a92886b2,TR999 CRUX C C PAK,,CLUTCH PACKING ALL,224272342810,,0.00,30,Inclusive,0,Inclusive,0,3,,No,0,
a66f13ec-e6c9-4326-aa41-5109e59e50c1,TR999 CT100 F P SET,,FULL PACKING SET ALL,475933999247,,0.00,100,Inclusive,0,Inclusive,0,0,,No,0,
1e27b7fe-835b-4896-9aa4-378698dc0435,TR999 CT100 F P SET,,FULL PACKING SET ALL,AGM01026,,0.00,116,Inclusive,0,Inclusive,0,2,,No,0,
f808d57e-a4c4-47af-9dea-496377886fc6,TR 999 DIS125 NEW HAL PAC SET,,HALF PACKING SET BAJAJ,633870368161,,0.00,55,Inclusive,0,Inclusive,0,0,,No,0,
47a100c6-a8b5-4051-af74-07bba3e823e0,TR999 DIS C C PAK,,FULL PACKING SET ALL,63665786339,,0.00,32,Inclusive,0,Inclusive,0,8,,No,0,
f3b45c16-2c50-449d-bc55-4ebbcc16507b,TR999 MKAX100 F.P.SET,,FULL PACKING SET ALL,564095127493,,0.00,110,Inclusive,0,Inclusive,0,2,,No,0,
cba6f50a-c977-406d-ab65-7f399d465ee2,TR 999 PLSR 150 HAL PAC SET,,HALF PACKING SET BAJAJ,966414185290,,0.00,55,Inclusive,0,Inclusive,0,4,,No,0,
29232c55-e059-4713-9eca-7dbd45c48319,TR999 SHINE C C PAK,,CLUTCH PACKING ALL,292557559663,,0.00,32,Inclusive,0,Inclusive,0,5,,No,0,
f6e99d85-070a-451e-b4dc-f6ebaad6cf50,TR999 SHINE MAG PAK,,MAGNET PACKING ALL,488349009159,,0.00,20,Inclusive,0,Inclusive,0,6,,No,0,
9e57f221-d5f0-4308-8749-7f471dad836e,TR999 SPL F P SET,,FULL PACKING SET ALL,300119053639,,0.00,135,Inclusive,0,Inclusive,0,1,,No,0,
e177641d-51f3-4f75-8e1f-8dc4f2f81c4b,TR999 SUZUKI C C PAK,,CLUTCH PACKING ALL,239982824658,,0.00,30,Inclusive,0,Inclusive,0,8,,No,0,
f35d3467-fc69-4bda-815f-157525eeb4cd,TR 999 UNICORN HAL PAC SET,,HALF PACKING SET HH,844512181127,,0.00,50,Inclusive,0,Inclusive,0,2,,No,0,
3e227545-fe53-4945-9802-eb04337ac356,TR 999 VICTOR HAL PAC SET,,HALF PACKING SET TVS,480211609453,,0.00,50,Inclusive,0,Inclusive,0,2,,No,0,
bbdf6b61-fcab-487d-b31d-cf7493255f4f,TRD SPL VALVE SEAL,,VALVE/VALVE SEAL HH,2485,,0.00,34,Inclusive,0,Inclusive,0,2,,No,0,
a21007d5-df88-4628-a5d8-949714b49b58,TUTTO CT100 CARB,,CARBURATOR ALL,43956455225,,0.00,1275,Inclusive,0,Inclusive,0,1,,No,0,
af1661b4-1299-4b81-9359-825fcab27b84,TUTTO SPL O/M  CARBORETOR,,,87038332713,,0.00,1150,Inclusive,0,Inclusive,0,1,,No,0,
5d29dfbd-a8ae-4737-8971-d5105a4303e9,TVRA PSN PRO BS 6 F P SET,,FULL PACKING SET ALL,457847387406,,0.00,190,Inclusive,0,Inclusive,0,5,,No,0,
a266cc1a-7421-425f-b914-bafed8952ae0,TVRA SPL C C PAK,,CLUTCH PACKING ALL,TV05,,0.00,35,Inclusive,0,Inclusive,0,0,,No,0,
28d7d136-4e46-4649-bd1d-f582b091f520,TVR MAX100 F.P.SET,,FULL PACKING SET ALL,TV617,,0.00,117,Inclusive,0,Inclusive,0,2,,No,0,
d1665de0-8ea3-4714-9d3b-5f9c557c20d2,TVS ALL VALVE OE,,TVS ALL ENGINE SPARE,N8325230,,0.00,460,Inclusive,0,Inclusive,0,1,,No,0,
0b368a59-05ef-45ce-a62d-8b3910a616fa,TVS JUPITER BS6  VALVE SET ,,TVS ALL ENGINE SPARE,N9323800,,0.00,679,Inclusive,0,Inclusive,0,2,,No,0,
de022e09-e3e5-4c59-b7e6-b3c87e7b9708,TVS LUCAS PSN PRO BS6 STARTER MOTOR,,STARTER MOTOR,26026031,,0.00,1846,Inclusive,0,Inclusive,0,2,,No,0,
11dfa558-8814-487c-8419-b27efdebffa3,TVS LUCAS SPL STARTER MOTOR,,STARTER MOTOR,26046091,,0.00,1440,Inclusive,0,Inclusive,0,1,,No,0,
03bd3ac5-4ea5-4074-8527-370a2143fc7a,TVS MAX 100 R.MUD,,REAR MUDGUARD FIBRE ALL,904371903368,,0.00,435,Inclusive,0,Inclusive,0,1,,No,0,
4cb2a425-a0a8-4fa6-87fb-facaeced9ea7,TVS NIDDLE BEARING,,BEARING,0339020,,0.00,123,Inclusive,0,Inclusive,0,3,,No,0,
3ef7b757-d86a-4bcf-9efe-0a47f89812aa,TVS PEP ACC CABLE,,ACC CABLE ALL MOPED,K3170050,,0.00,274,Inclusive,0,Inclusive,0,3,,No,0,
2da62b63-7162-40ca-8f7d-23913a132bba,TVS PEP FRONT BREAK CABLE,,BREAK CABLE MOPED,K3170030,,0.00,158,Inclusive,0,Inclusive,0,2,,No,0,
edce4b94-950d-427a-af29-e5a8d3d010f4,TVS PEP REAR BREAK CABLE,,BREAK CABLE MOPED,K3170020,,0.00,254,Inclusive,0,Inclusive,0,2,,No,0,
91964b06-3381-4f37-b88a-0c1f8883b832,TVSPHOENIX BLOCK PISTON,,BLOCK PISTON,N5322130,,0.00,4915,Inclusive,0,Inclusive,0,2,,No,0,
79250c40-b0d1-431b-9bb8-7f4fdbdeae7f,TVS SATRCITY +110 TIMING CHAIN ,,TVS ALL ENGINE SPARE,NA010030,,0.00,293,Inclusive,0,Inclusive,0,4,,No,0,
1c965d4d-54d8-47b1-92a9-d9b9abaf5d29,TVS SATR OLD METER ASSLY ,,METER ASSLY ALL,N5220590,,0.00,1443,Inclusive,0,Inclusive,0,1,,No,0,
8941fb0e-69b9-4ee4-9710-b9b340d8516e,TVS SCOOTY PEP PLUS VALVE KIT,,TVS ALL ENGINE SPARE,K3321640,,0.00,631,Inclusive,0,Inclusive,0,2,,No,0,
22041943-748a-4d20-a4d6-0cbc0c439165,TVS SPORT ES BLOCK PISTON,STAR SP ES ,BLOCK PISTON,ND320140,,0.00,2937,Inclusive,0,Inclusive,0,2,1.0,No,0,
8cdca8bf-7580-427f-ba3f-04c556d89756,TVS STAR 110 ACC CABLE,,ACC CABLE TVS,N8170330,,0.00,213,Inclusive,0,Inclusive,0,0,,No,0,
2496ccd4-e35e-4bc2-af9b-508e774b7ad2,TVS STAR110ES MAG. COIL,,MAGNET COIL ASSY TVS,N8324010,,0.00,1410,Inclusive,0,Inclusive,0,2,,No,0,
5965ad85-9a3f-4825-8949-e4ebbd0ea557,TVS STAR 110 RR UNIT ,,RR UNIT TVS,N9060290,,0.00,780,Inclusive,0,Inclusive,0,1,,No,0,
27c85991-5456-4d6b-908b-0b30e2865ce8,TVS STAR 13/40 CHAIN KIT,,CHAIN SPROCKET TVS,712702762320,,0.00,675,Inclusive,0,Inclusive,0,1,,No,0,
b46aa551-956c-4a74-8163-9fd5040ce547,TVS STAR CDI,,CDI TVS,823187934636,,0.00,650,Inclusive,0,Inclusive,0,1,,No,0,
a88548d7-92ec-46e5-93c0-b1773df4dc0a,TVS  STAR CDI COIL,,CDI TVS,N8060530,,0.00,1218,Inclusive,0,Inclusive,0,2,,No,0,
5201b5fb-55b7-425f-a9ca-1ba0fb6c2e07,TVSSTAR CDI COIL,,CDI TVS,N8060520,,0.00,1439,Inclusive,0,Inclusive,0,1,,No,0,
47d35b36-3b6c-413f-9ebe-8d3e4d8bba8a,TVS STAR CHAIN TENSIONER OE BIG,,TVS ALL ENGINE SPARE,N3011370,,0.00,293,Inclusive,0,Inclusive,0,5,,No,0,
ec0fdd76-c598-4538-b5b5-f9b27284fb27,TVS STAR CITY 110 HAL PAC SET,,HALF PACKING SET TVS,N8324530,,0.00,267,Inclusive,0,Inclusive,0,2,,No,0,
b1565efc-2d5d-4567-8d52-fb18a6cb46e7,TVS STAR CITY +110 LOCK KIT ,,LOCK KIT TVS,N5150460,,0.00,936,Inclusive,0,Inclusive,0,2,,No,0,
0c7bd85d-bbcb-4e0f-9701-e9e202d43103,TVS STAR CITY CLUTCH PLATE ,,CLUTCH PLATE TVS,N2320640,,0.00,366,Inclusive,0,Inclusive,0,2,,No,0,
356d1d45-39c9-4cbf-a57d-99741f770673,TVS STAR CITY CVTI 14/41 CHAIN KIT ,,CHAIN SPROCKET TVS,N8325610,,0.00,907,Inclusive,0,Inclusive,0,5,,No,0,
66f0270e-4ce6-428a-ab6e-f3975660b3d2,TVS STAR CITY CVTI ES 13/41 CHAIN KIT,,CHAIN SPROCKET TVS,N8322830,,0.00,904,Inclusive,0,Inclusive,0,2,,No,0,
cc13307c-d55e-49e0-8adb-30054a096e37,TVS STAR CITY GEAR SHAFT,,GEAR SHAFT ALL,N8080530,,0.00,372,Inclusive,0,Inclusive,0,3,,No,0,
20edfd77-cca8-4e8f-8d51-e17bf99a5f6a,TVS STAR CITY IGNITION LOCK ,,IGNITION SWITCH TVS,N8160490,,0.00,382,Inclusive,0,Inclusive,0,1,,No,0,
9a3c1115-96ea-4098-b8a7-818a509fd155,TVS STAR CITY LH H B SWITCH,,HANDLE BAR SWITCH TVS LH,N8150220,,0.00,535,Inclusive,0,Inclusive,0,1,,No,0,
99fc6c38-39cb-43dd-a809-0d9c693e431f,TVS STAR CITY LOCK KIT ,,LOCK KIT TVS,N8211510,,0.00,799,Inclusive,0,Inclusive,0,1,,No,0,
fb2abe92-2d78-468b-8f2f-d95f4b03d788,TVS STAR CITY NEW KS ,,WIRING HARNESS TVS,NA160040,,0.00,1025,Inclusive,0,Inclusive,0,1,,No,0,
e523a8bf-e2f0-481b-a8a5-c1e919491e09,TVS STAR CITY PLS 110 LH SHOCUB,,REAR SHOCUB,N80910200D,,0.00,1480,Inclusive,0,Inclusive,0,1,,No,0,
2e40d0de-e908-472e-8db3-8ba071880a14,TVS STAR CITY PLS110 RH SHOCUB,,REAR SHOCUB,N80910300D,,0.00,1480,Inclusive,0,Inclusive,0,1,,No,0,
412fc1dd-28cf-4c3c-bfe8-8c4c528fadf3,TVS STAR CITY PLS 110 SILVER SHOCUB,,REAR SHOCUB,N80911002C,,0.00,1290,Inclusive,0,Inclusive,0,2,,No,0,
65d84c32-2d8e-46fd-95f2-ace03a3b054d,TVS STAR CITY PLS 110 SS,,WIRING HARNESS TVS,NA160030,,0.00,1164,Inclusive,0,Inclusive,0,1,,No,0,
39580755-0bd4-4dc9-9c7e-49fab55b29e7,TVS STAR CITY PLS RH H B SWITCH,,HANDLE BAR SWITCH TVS RH,NC160150,,0.00,265,Inclusive,0,Inclusive,0,1,,No,0,
282491f8-1704-455c-9191-157798a95ece,TVS STAR CITY PLS R.MUD,,REAR MUDGUARD FIBRE ALL,NA220250,,0.00,272,Inclusive,0,Inclusive,0,2,,No,0,
f32b1789-385a-4e9a-9b64-aab6dfec7a68,TVS STAR CITY +PRESSURE PLATE,,PRESSURE PLATE HH/TVS,N5322250,,0.00,203,Inclusive,0,Inclusive,0,1,,No,0,
3b365376-95ab-4965-aadc-b99209724ac4,TVS STAR CITY  SMALL TIMING TENSIONER,,TVS ALL ENGINE SPARE,N5010470,,0.00,307,Inclusive,0,Inclusive,0,3,,No,0,
bd3c9799-0701-4ebc-8d9d-5954ea93ee47,TVS STAR CITY STEER CONE SET,,STEERING CONE SET,N8320070,,0.00,372,Inclusive,0,Inclusive,0,3,,No,0,
36021016-9520-4d63-bc98-60e6d702c3e0,TVS STAR DRUM RUBBER,,DRUM RUBBER ALL,676977609517,,0.00,60,Inclusive,0,Inclusive,0,1,,No,0,
258873fd-a070-484a-af90-35e852fa53bc,TVS STAR HAL PAC SET,,HALF PACKING SET TVS,N8324520,,0.00,285,Inclusive,0,Inclusive,0,2,,No,0,
d7ac820f-313f-48d6-848c-f3ba935b756f,TVS  STAR   HT   COIL,,,N4060210,,0.00,652,Inclusive,0,Inclusive,0,4,,No,0,
f380eab0-506c-496f-a088-d77eadb80075,TVS STAR LH H B SWITCH,,HANDLE BAR SWITCH TVS LH,N8150050,,0.00,655,Inclusive,0,Inclusive,0,1,,No,0,
25e262be-ecaa-43fe-9378-f95a64cb031e,TVS STAR LOCK KIT ,,LOCK KIT TVS,N3150780,,0.00,830,Inclusive,0,Inclusive,0,1,,No,0,
46fada8d-96a9-4cb3-b955-a8a971872074,TVS STAR METER CASE,,METER CASE ALL,925418777053,,0.00,335,Inclusive,0,Inclusive,0,1,,No,0,
6bd3fc66-b643-459a-bded-9cdf87dad074,TVS STAR MOTOR ,,STARTER MOTOR,N80602,,0.00,1985,Inclusive,0,Inclusive,0,1,,No,0,
375bec9a-a955-4612-81ea-b96acb8d73c4,TVS STAR OLD LOCK KIT ,,LOCK KIT TVS,N5210080,,0.00,790,Inclusive,0,Inclusive,0,2,,No,0,
c16d2dae-6428-4839-aaf9-524b954ed30c,TVS STAR PLS 110ES CVTI MAG. COIL,,MAGNET COIL ASSY TVS,N8060380,,0.00,1343,Inclusive,0,Inclusive,0,1,,No,0,
2a28f685-dae0-480f-a5de-fcf6d01f43fe,TVS STAR RR UNIT,,RR UNIT TVS,N3060120,,0.00,782,Inclusive,0,Inclusive,0,2,,No,0,
5e9979f8-9976-4ee0-ac49-a4a06faa9b3e,TVS STAR SILVER SILENCER,,SILENCER ALL,MFSL00070,,0.00,2154,Inclusive,0,Inclusive,0,1,,No,0,
ede825be-bffc-4cf5-a6b4-539be926cce4,TVS STAR S ONE WAY KIT,,STARTER ONE WAY KIT ALL,R1060110,,0.00,1025,Inclusive,0,Inclusive,0,3,,No,0,
3c7874f5-2d31-45f1-b6fe-4757761c2e1a,"TVS STAR, SPORT BLOCK PISTON",KICK START STAR SPORT,BLOCK PISTON,ND320110,,0.00,2974,Inclusive,0,Inclusive,0,0,1.0,No,0,
a6df7f0c-fade-4644-b8f2-35cae3fba93d,TVS STAR SPORT CHAIN COVER,,CHAIN COVER PVC,299502717810,,0.00,552,Inclusive,0,Inclusive,0,1,,No,0,
f84fc940-b43c-475c-9b24-bcbb026e9915,TVS STAR SPORT CVTI 13/39 CHAIN KIT ,,CHAIN SPROCKET TVS,N8323690,,0.00,886,Inclusive,0,Inclusive,0,2,,No,0,
85e94eae-f5d1-45ef-b230-7953a9df01e6,TVS STAR STARTER RELAY,,STRTER  RELAY  ALL,R2160100,,0.00,295,Inclusive,0,Inclusive,0,9,,No,0,
05642f1b-f639-46fb-8224-befdc045acbe,TVS STAR TIMING CHAIN OE,,TVS ALL ENGINE SPARE,N5010790,,0.00,164,Inclusive,0,Inclusive,0,5,,No,0,
72a92830-c3ff-4495-9dc8-73a0aab408dd,TVS STAR TIMING CHAIN PAD ,,TVS ALL ENGINE SPARE,N8325660,,0.00,299,Inclusive,0,Inclusive,0,6,,No,0,
6e150731-14ce-4385-88cb-364eef0879cc,TVS STAR VALVE SEAL ,,TVS ALL ENGINE SPARE,M1010620,,0.00,92,Inclusive,0,Inclusive,0,5,,No,0,
b6c76848-f904-4750-b9a8-14ea3abc12a7,TVS VICTOR BLOCK PISTON,,BLOCK PISTON,N3321030,,0.00,3407,Inclusive,0,Inclusive,0,0,1.0,No,0,
7de95dc2-33e0-4652-9684-c2209ec12cf4,TVS VICTOR/PHOENIX CLUTCH PLATE,,CLUTCH PLATE TVS,N5322240,,0.00,546,Inclusive,0,Inclusive,0,4,,No,0,
db8d19a0-08ed-491e-b088-56ed6093e496,TVS VICTOR /STAR PRESSURE PLATE,,PRESSURE PLATE HH/TVS,N2320750,,0.00,180,Inclusive,0,Inclusive,0,3,,No,0,
2c201733-4cab-44df-90f9-e8d6c73f5047,TVS WEGO/JUPITOR B.SHOE,,BREAK SHOE HH/TVS,K6320590,,0.00,171,Inclusive,0,Inclusive,0,9,,No,0,
c5180f33-8e63-4392-8fff-3cbe6d3ba740,TVS XL100 13/42 CHAIN KIT,,CHAIN SPROCKET TVS,P6320140,,0.00,780,Inclusive,0,Inclusive,0,1,,No,0,
00088317-7fca-40b5-8656-80dbfe163c13,TVS XL100 BS6 BLOCK PISTON,,BLOCK PISTON,P7320260,,0.00,2166,Inclusive,0,Inclusive,0,1,1.0,No,0,
22e2b32d-3036-409e-8a77-12d314c151f3,TVS XL100 RH H B SWITCH,,HANDLE BAR SWITCH TVS RH,P7150010,,0.00,514,Inclusive,0,Inclusive,0,1,,No,0,
2a233d70-b08e-4bd5-8564-bc1902922bf2,TVS XL100 TIMING CHAIN OE,,TVS ALL ENGINE SPARE,P6010150,,0.00,191,Inclusive,0,Inclusive,0,6,,No,0,
9ad5240c-1256-4a72-9e05-7031663c0fa3,TVS XL100 TIMING PAD,,TVS ALL ENGINE SPARE,P6010080,,0.00,100,Inclusive,0,Inclusive,0,2,,No,0,
9c251ec6-5667-4cf0-89a7-ef682ea90b21,TVS XL100 TIMING PAD,,TVS ALL ENGINE SPARE,P6010070,,0.00,85,Inclusive,0,Inclusive,0,2,,No,0,
6946bfa7-0a5e-458b-96c6-8664734db070,TVS XL 70 BLOCK PISTON,,BLOCK PISTON,P1320280,,0.00,2162,Inclusive,0,Inclusive,0,1,1.0,No,0,
b1a94271-f420-471d-9b32-6671ba66d24d,TVS XL CARB,,CARBURATOR ALL,P1040140,,0.00,1524,Inclusive,0,Inclusive,0,1,,No,0,
a89e2b31-f402-4816-93e5-ccbad2e0fe2d,TVS XL CDI ,,CDI TVS,P160520,,0.00,416,Inclusive,0,Inclusive,0,1,,No,0,
89cd5f04-04a7-4462-9b8b-24134554fc71,TVS XL CHAIN COVER,,CHAIN COVER PVC,P3090270,,0.00,266,Inclusive,0,Inclusive,0,2,,No,0,
ada682ae-8377-401e-880f-e26952b88a9a,TVS XL FOOTRACE BAR,,FOOTRACE ALL,144017928807,,0.00,269,Inclusive,0,Inclusive,0,0,,No,0,
60ccd50a-6877-4d89-8cd2-b11c45a6164c,TVS XL FRO BREAK CABLE,,BREAK CABLE MOPED,P170120,,0.00,87,Inclusive,0,Inclusive,0,3,,No,0,
5b7a88b4-6e80-49ae-a4a7-d43f9d056af7,TVS XL  FR.SHOCK PIPE ,,SHOCK PIPE TVS FRONT,P6100090,,0.00,417,Inclusive,0,Inclusive,0,4,,No,0,
0a467c60-bf7f-4e98-a97f-4846dfdb7a51,TVS XL LH HANDLE BAR SWITCH,,HANDLE BAR SWITCH TVS LH,P6150030,,0.00,530,Inclusive,0,Inclusive,0,1,,No,0,
3abbcc90-d785-4209-9ae9-0bed0542e034,TVS XL REAR BREAK CABLE,,BREAK CABLE MOPED,P1320810,,0.00,158,Inclusive,0,Inclusive,0,1,,No,0,
ad758aea-b5d9-4866-874d-45266416b9ee,TVS XL SHOCUB,,REAR SHOCUB,P30900100D,,0.00,915,Inclusive,0,Inclusive,0,2,,No,0,
3f49fb49-37a0-40a6-8f20-c2bcc0a8c96d,TVS XL SPUER HT COIL,,H.T.COIL ALL,P060150,,0.00,439,Inclusive,0,Inclusive,0,1,,No,0,
9396d7ff-12cb-42ac-bfc1-ad3bf78fb38b,TVS XL SS IG SW,,IGNITION SWITCH TVS,87160050,,0.00,343,Inclusive,0,Inclusive,0,1,,No,0,
79c40f1f-57b3-426d-b19d-4c2d76619615,TVS XL SUPER SHOCK PIPE ,,SHOCK PIPE TVS FRONT,T4100510,,0.00,379,Inclusive,0,Inclusive,0,14,,No,0,
e6c68107-ec36-4be2-9a8c-3a18329e4e90,TVS XL SUPR LOCK KIT ,,MOPED LOCK KIT ALL,P3210210,,0.00,676,Inclusive,0,Inclusive,0,1,,No,0,
eabf9705-77ce-4bb8-8b87-36f140b98d08,UCAL SUZUKI CARB ,,CARBURATOR ALL,VM18143SP,,0.00,1270,Inclusive,0,Inclusive,0,1,,No,0,
3f428b74-264e-4276-880c-936da8eef9b5,UIL 6001 BEARING,,BEARING,UIL6001,,0.00,61,Inclusive,0,Inclusive,0,3,,No,0,
ff57b131-e320-4678-ab7f-9fbb343315be,UIL 6005 BEARING,,BEARING,UIL6005,,0.00,124,Inclusive,0,Inclusive,0,2,,No,0,
4feea778-4225-4e25-a2f6-dd080d1b4a55,UIL 6201 BEARING,,BEARING,UIL6201,,0.00,63,Inclusive,0,Inclusive,0,5,,No,0,
408c1a0e-bea0-4434-958d-d0c9edf9ee84,UIL 6202 BEARING,,BEARING,UIL6202,,0.00,73,Inclusive,0,Inclusive,0,8,,No,0,
c846da91-f45a-421f-b779-d40ec1586abd,UIL 6205 BEARING,,BEARING,UIL6205,,0.00,141,Inclusive,0,Inclusive,0,1,,No,0,
0ceb92e8-c885-4bc1-9f6d-f8992a9dd8a6,UIL 6300 BEARING,,BEARING,5806306300A,,0.00,88,Inclusive,0,Inclusive,0,3,1.0,No,0,
b485c6ba-1bdd-4d48-8144-f9f0154f6d2e,UIL 6302 BEARING,,BEARING,UIL6302,,0.00,133,Inclusive,0,Inclusive,0,6,,No,0,
ea42a24e-35f8-4315-9859-642799238034,UIL 6303 BEARING,,BEARING,UIL6303,,0.00,134,Inclusive,0,Inclusive,0,13,,No,0,
76cc8a62-3962-4afa-929a-ac6c34a13b08,UKMAX PLN HEAD LIGHT,,HEAD LIGHT BAJAJ,LHU211PLTWOP,,0.00,495,Inclusive,0,Inclusive,0,0,,No,0,
90957595-e9b1-4b6e-a877-772ae02b9a08,UKMAX PSN PLUS HEAD LIGHT ,,HEAD LIGHT HH,LHU210PSNN,,0.00,398,Inclusive,0,Inclusive,0,1,,No,0,
d216fd3b-e122-4aa4-ac73-6edfa9709bb6,UKMAX PSN XPRO HEAD LIGHT ,,HEAD LIGHT HH,LHU210PSNXPR,,0.00,505,Inclusive,0,Inclusive,0,2,,No,0,
b602de1c-9392-49ce-9abe-053f28a50e96,UKMAX STAR SPORT HEAD LIGHT ,,HEAD LIGHT TVS,LHU212STRSPRT,,0.00,709,Inclusive,0,Inclusive,0,2,,No,0,
0a63ada9-774d-49ae-aba8-f0f9921c085a,U MINAD DIS100  HEAD  LIGHT,,HEAD LIGHT BAJAJ,HL5210M,,0.00,740,Inclusive,0,Inclusive,0,6,,No,0,
071c33a3-a941-4661-b4d6-2f2b2912e6cb,U MINAD PLS DTS OLD HEAD LIGHT ,,HEAD LIGHT BAJAJ,HL5149M,,0.00,730,Inclusive,0,Inclusive,0,2,,No,0,
6e414922-0be8-420e-8b32-ffc678ef7039,U MINAD STAR SPORT LH H/B/S ,,HANDLE BAR SWITCH TVS LH,SW0251CM01,,0.00,560,Inclusive,0,Inclusive,0,6,,No,0,
58892a7d-493b-472d-a6ae-0270c7b0da74,U MINDA 4S HEAD LIGHT,,HEAD LIGHT BAJAJ,HL5129A,,0.00,533,Inclusive,0,Inclusive,0,2,,No,0,
77da4de4-039a-417f-86b1-204974876514,U MINDA ACCESS 125 HEDAD LIGHT ,,HEAD LIGHT MOPED ALL,HL5208M,,0.00,584,Inclusive,0,Inclusive,0,1,,No,0,
c5049493-a913-47b7-abc7-4455067bdee7,U MINDA ACTIVA 3G  HEAD LIGHT,,HEAD LIGHT MOPED ALL,HL5243M,,0.00,547,Inclusive,0,Inclusive,0,1,,No,0,
4e6d6e6d-0dec-40d5-8abd-2677d9f1b966,U MINDA ACTIVA NEW HEAD LIGHT ,,HEAD LIGHT MOPED ALL,HL5216,,0.00,421,Inclusive,0,Inclusive,0,3,,No,0,
2f175052-d82a-4f07-9377-d2e136a9638f,U MINDA ACTIVA OLD HEAD LIGHT,,HEAD LIGHT MOPED ALL,HL5209M,,0.00,336,Inclusive,0,Inclusive,0,1,,No,0,
2a7b53eb-2bd9-47db-a80d-cd3e475d1541,U MINDA CB SHINE HEAD LIGHT ,,HEAD LIGHT HH,HL5251M,,0.00,719,Inclusive,0,Inclusive,0,4,,No,0,
f61b0529-29ed-4718-9420-4c2a5aafd289,U MINDA CD100 SS HEAD LIGHT,,HEAD LIGHT HH,HL5132AM,,0.00,371,Inclusive,0,Inclusive,0,5,,No,0,
08bcb959-a62d-41ed-b1cc-2be73d2c2209,U MINDA CD DAWN IGNITION SWITCH ,,IGNITION SWITCH HH,SW0117CZ,,0.00,183,Inclusive,0,Inclusive,0,8,,No,0,
b5394c3e-4a30-49c5-a6e4-2ccbd36186d8,U MINDA CD DLX HEAD LIGHT ,,HEAD LIGHT HH,HL5230,,0.00,471,Inclusive,0,Inclusive,0,3,,No,0,
d58fbe7b-a097-4dcd-bf0b-38bfe4adca0b,U MINDA CD DLX RONUD HEAD LIGHT,,HEAD LIGHT HH,HL5246M,,0.00,687,Inclusive,0,Inclusive,0,2,,No,0,
8a2607cf-2b57-41f8-bbfc-9ddeac89c5a5,U MINDA CD DOWN HEAD LIGHT,,HEAD LIGHT HH,HL5146M,,0.00,394,Inclusive,0,Inclusive,0,11,,No,0,
a31c52ad-ffd4-42d5-846d-9f37e4616149,U MINDA CENTRA HANDLE BAR SWITCH LH,,HANDLE BAR SWITCH TVS LH,SW00657N,,0.00,477,Inclusive,0,Inclusive,0,1,,No,0,
b83bbfab-a845-4d09-bdab-b4b0efac26e8,U MINDA CRUX LH  H B SWITCH,,HANDLE BAR SWITCH TVS LH,SW0657D,,0.00,592,Inclusive,0,Inclusive,0,2,,No,0,
d33fe997-5477-485a-b871-853f61ca8019,U MINDA CT 100 ROUND HEAD LIGHT ,,HEAD LIGHT BAJAJ,HL5222M,,0.00,416,Inclusive,0,Inclusive,0,3,,No,0,
301ff9c4-3c0e-4fdc-be9c-1b5fdbd881b5,U MINDA DIS 135 HEAD LIGHT ,,HEAD LIGHT BAJAJ,HL5201M,,0.00,677,Inclusive,0,Inclusive,0,1,,No,0,
5080bfaf-9fa0-440d-b528-19e47281efe3,U MINDA DRM NIO HEAD LIGHT,,HEAD LIGHT HH,HL5253M,,0.00,628,Inclusive,0,Inclusive,0,2,,No,0,
8f11310c-0daf-4fc6-8a26-9d1e1c65edd5,U MINDA FZ LH HANDLE BAR SWITCH,,HANDLE BAR SWITCH TVS LH,SW0639BM01,,0.00,380,Inclusive,0,Inclusive,0,1,,No,0,
74477957-f8e3-4a2f-bafa-36ef5fbf362a,U MINDA PLN HEAD LIGHT ,,HEAD LIGHT BAJAJ,HL5202M,,0.00,543,Inclusive,0,Inclusive,0,8,,No,0,
aa473a44-14a8-4b25-b41b-7a9ea15a7ae6,U MINDA PSN PLS HEDA LIGHT ,,HEAD LIGHT HH,HL5205M,,0.00,339,Inclusive,0,Inclusive,0,4,,No,0,
36ce91b9-230e-47bf-b409-325bf70f5226,U MINDA PSN PRO HEAD LIGHT ,,HEAD LIGHT HH,HL5215M,,0.00,432,Inclusive,0,Inclusive,0,2,,No,0,
c38a2ad5-d750-46c8-b342-8a444b30ccd6,  U MINDA RINDER PLS UG3 /4 HEAD LIGHT ,,HEAD LIGHT BAJAJ,RB018HLU,,0.00,1116,Inclusive,0,Inclusive,0,1,,No,0,
33cccb61-b3ab-442f-b4ea-30efa038bb39,U MINDA RX100 HEAD LIGHT ,,HEAD LIGHT TVS,HL5115A,,0.00,420,Inclusive,0,Inclusive,0,2,,No,0,
3aedf5aa-346d-4e31-be58-ebf711a4e7bf,U MINDA RX100 LH H B SWITCH,,HANDLE BAR SWITCH TVS LH,SW0714,,0.00,575,Inclusive,0,Inclusive,0,1,,No,0,
e3d70081-5802-45fe-adf8-625161eea4f5,U MINDA SATR CITY LH H/B/S ,,HANDLE BAR SWITCH TVS LH,SW0251AM01,,0.00,596,Inclusive,0,Inclusive,0,7,,No,0,
86804372-67f7-4c84-80da-f3d11640e252,U MINDA SHINE/DREAM HEDA LIGHT,,HEAD LIGHT HH,HL5213M,,0.00,569,Inclusive,0,Inclusive,0,3,,No,0,
79f4a562-a412-48b2-9181-07324010964b,U MINDA SPL HEAD LIGHT ,,HEAD LIGHT HH,HL5196M,,0.00,326,Inclusive,0,Inclusive,0,10,,No,0,
a222fc5f-7060-4def-8a01-462edc48afb4,U MINDA STAR CITY +110 H/B/S ,,HANDLE BAR SWITCH TVS RH,SW0580KM01,,0.00,345,Inclusive,0,Inclusive,0,2,,No,0,
59c710c4-0a30-459e-b9ce-70131efbb83d,U MINDA STAR CITY +110 LH H/B/S,,HANDLE BAR SWITCH TVS LH,SW0581LM01,,0.00,503,Inclusive,0,Inclusive,0,4,,No,0,
e410423b-a3ee-48ee-839f-53464568f0cd,U MINDA STAR CITY HEAD LIGHT ,,HEAD LIGHT TVS,HL5198M,,0.00,512,Inclusive,0,Inclusive,0,3,,No,0,
e21df5cf-33ae-400c-8c3e-691961afce16,U MINDA STAR CITY PLS RH H B SWITCH,,HANDLE BAR SWITCH TVS RH,SW0580PM01,,0.00,285,Inclusive,0,Inclusive,0,5,,No,0,
ad46655a-7002-41dc-b7df-787c574781ca,U MINDA STAR CITY RH H B SWITCH,,HANDLE BAR SWITCH TVS RH,MI7612A,,0.00,340,Inclusive,0,Inclusive,0,5,,No,0,
8851bc9a-9528-4a30-9ec9-725f3155e532,U MINDA STAR DLX ROUND HEAD LIGHT ,,HEAD LIGHT TVS,HL5236M,,0.00,676,Inclusive,0,Inclusive,0,6,,No,0,
2b1ee8d3-475f-4755-a771-f4f4926c61b5,U MINDA STAR RH H B SWITCH,,HANDLE BAR SWITCH TVS RH,MI7612,,0.00,247,Inclusive,0,Inclusive,0,5,,No,0,
29ab6302-016f-4814-89d7-771df86e20f8,U MINDA STAR SPORT HEAD LIGHT ,,HEAD LIGHT TVS,HL5223M,,0.00,905,Inclusive,0,Inclusive,0,2,,No,0,
1e965a27-e2b8-4209-acda-f9b980195765,U MINDA STR CITY PLUS HEAD LIGHT ,,HEAD LIGHT TVS,HL5250M,,0.00,567,Inclusive,0,Inclusive,0,2,,No,0,
8f249dd8-62f7-4b48-bd52-7ba16bcd6b69,U MINDA SUPER SPL HEAD LIGHT ,,HEAD LIGHT HH,HL5204M,,0.00,560,Inclusive,0,Inclusive,0,1,,No,0,
816b7e60-258f-41d7-9d46-623136d31a6c,U MINDA SUZUKI LH H B SWITCH,,HANDLE BAR SWITCH TVS LH,SW0655A,,0.00,418,Inclusive,0,Inclusive,0,2,,No,0,
91794aa5-3d8a-47f4-a192-3105c66e4ac4,U MINDA SUZUKI RH H B SWITCH,,HANDLE BAR SWITCH TVS RH,SW0656A,,0.00,369,Inclusive,0,Inclusive,0,1,,No,0,
68fb0dc6-0ea0-4b74-9455-ce5b41c7dea2,U MINDA UNICORN HEAD LIGHT ,,HEAD LIGHT HH,HL5211M,,0.00,391,Inclusive,0,Inclusive,0,2,,No,0,
c3e17392-3be8-493f-82d1-99d827efba8b,U MINDA VICTR GL HEAD LIGHT,,HEAD LIGHT TVS,HL5199M,,0.00,436,Inclusive,0,Inclusive,0,1,,No,0,
0c520769-efde-43bf-9c8b-a03e5b4aad5b,U MINDA XL 100 HEAD LIGHT ,,HEAD LIGHT MOPED ALL,HL5182C,,0.00,397,Inclusive,0,Inclusive,0,2,,No,0,
5beba22b-f192-40f6-b26f-7fb9fc010c62,U MINDA XL 100 LH H/B/S,,HANDLE BAR SWITCH TVS LH,SW0697A,,0.00,415,Inclusive,0,Inclusive,0,1,,No,0,
b20649f3-c0d7-4afe-88d6-03f6680c682e,U MINDA XL100 LH H B SWITCH,,HANDLE BAR SWITCH TVS LH,SW0697D,,0.00,750,Inclusive,0,Inclusive,0,2,,No,0,
fa52e071-a814-4d1d-8fd2-14663bc2c0e2,U MINDA XL100 RH H B SWITCH,,HANDLE BAR SWITCH TVS RH,MI0078BM01,,0.00,508,Inclusive,0,Inclusive,0,5,,No,0,
4be2341b-0ee8-4445-9cf2-060f85512fc7,U MINDA XL100 RH H B SWITCH,,HANDLE BAR SWITCH TVS RH,MI0078A,,0.00,277,Inclusive,0,Inclusive,0,5,,No,0,
608f538f-cbc9-4ec3-b8e3-cbdb587c1a28,U MINDA  XL SUPR HEAD LIGHT ,,HEAD LIGHT MOPED ALL,HL5182B,,0.00,340,Inclusive,0,Inclusive,0,14,,No,0,
6a63198b-de01-47f3-af37-901ad2837f7a,UNICORN BRAKE PADEL,,BRAKE PEDAL ALL,639651422111,,0.00,375,Inclusive,0,Inclusive,0,2,,No,0,
7ed940d8-a1cd-45d3-a0ae-2676283eae1f,UNICORN C C PAK,,CLUTCH PACKING ALL,210684037196,,0.00,35,Inclusive,0,Inclusive,0,2,,No,0,
07c55481-82ed-4c5f-86b0-d27826a08fc1,UNICORN DRUM RUBBER,,DRUM RUBBER ALL,12748590,,0.00,120,Inclusive,0,Inclusive,0,2,,No,0,
b1eecdef-0a41-429b-8bbd-00ea4063861d,UNICORN SIDE PANEL BLK,,SIDE PANEL UNICORN,461623411254,,0.00,1080,Inclusive,0,Inclusive,0,1,,No,0,
ba869446-f4cd-44aa-af43-20c1feeaece1,UNISHOT DREAM YUGA CHAIN COVER,,CHAIN COVER PVC,UNIT527,,0.00,577,Inclusive,0,Inclusive,0,1,,No,0,
0cbd5396-eef4-4c9e-aa62-6b0bbb4d4024,UNO MINAD PLS 220 RH H/B/S ,,HANDLE BAR SWITCH RH BAJAJ,SW0630,,0.00,667,Inclusive,0,Inclusive,0,1,,No,0,
fa349205-ade1-4e5d-9643-edcde5146552,UNO MINDA 4S LH H/B/S ,,HANDLE BAR SWITCH LH BAJAJ,SW0721,,0.00,517,Inclusive,0,Inclusive,0,3,,No,0,
7dc2c3ca-8469-493b-bb0d-3da564f3fccc,UNO MINDA 4S RH H/B/S ,,HANDLE BAR SWITCH RH BAJAJ,SW0720,,0.00,216,Inclusive,0,Inclusive,0,5,,No,0,
ca8ddf48-e813-438f-8876-3db835206979,UNO MINDA 4S RH H/B/S ,,HANDLE BAR SWITCH RH BAJAJ,SW0734,,0.00,237,Inclusive,0,Inclusive,0,2,,No,0,
d715f834-cc04-4c1d-a957-ffa243b34e5b,UNO MINDA ACCESS FRONT LH,,INDICATOR MOPED,RS137BLAFL,,0.00,335,Inclusive,0,Inclusive,0,1,,No,0,
38786b03-69aa-47a9-af52-138eef0be2d6,UNO MINDA ACCESS FRONT RH,,INDICATOR MOPED,RS137BLAFR,,0.00,335,Inclusive,0,Inclusive,0,1,,No,0,
f833a19d-333a-419c-960a-bbf482e89e19,UNO MINDA ACCESS LH,,MIRROR MOPED,RV1203LH,,0.00,146,Inclusive,0,Inclusive,0,4,,No,0,
bfc1a096-9807-40ae-ab03-46b79dc0b18c,UNO MINDA ACCESS RH,,MIRROR MOPED,RV1203RH,,0.00,146,Inclusive,0,Inclusive,0,2,,No,0,
2db7318b-5cfc-48b4-9808-e58d2048272c,UNO MINDA ACTIVA LH,,MIRROR MOPED,RV4001L,,0.00,109,Inclusive,0,Inclusive,0,3,,No,0,
1d228a63-632e-4227-8e3b-b545565f5163,UNO MINDA ACTIVA LH,,INDICATOR MOPED,IL7096M,,0.00,210,Inclusive,0,Inclusive,0,2,,No,0,
4be2a44b-3ce2-4d81-aba0-702a4e1017d4,UNO MINDA ACTIVA LH ,,INDICATOR MOPED,IL7078M,,0.00,202,Inclusive,0,Inclusive,0,1,,No,0,
b76f6ea3-8d65-4a94-bde2-01bbbae4664e,UNO MINDA ACTIVA RH,,INDICATOR MOPED,IL7077M,,0.00,202,Inclusive,0,Inclusive,0,1,,No,0,
04324ded-e42a-4906-9bfa-3f65fd7acb63,UNO MINDA ACTIVA RH,,MIRROR MOPED,RV4001RD,,0.00,103,Inclusive,0,Inclusive,0,5,,No,0,
2f5aec3f-7797-4906-96fe-0287c805e390,UNO MINDA ACTIVA RH ,,INDICATOR MOPED,IL7095M,,0.00,198,Inclusive,0,Inclusive,0,1,,No,0,
5267a63f-be57-4aa1-9663-139cda14287d,UNO MINDA ACTIVA RH ,,MIRROR MOPED,RV4001R,,0.00,109,Inclusive,0,Inclusive,0,7,,No,0,
2652523b-ec1d-4ffd-97d3-7385ff2bacd8,UNO MINDA ACTIVA ST 10 CDI ,,CDI HH,CD4005,,0.00,1473,Inclusive,0,Inclusive,0,1,,No,0,
7604c753-082c-46dc-be80-3d37843b5ec1,UNO MINDA  BOXER LH H/B/S ,,HANDLE BAR SWITCH LH BAJAJ,SW0721C,,0.00,531,Inclusive,0,Inclusive,0,2,,No,0,
7da77e2a-cc76-4a4a-ae34-f041703298a3,UNO MINDA BULLET RH,,MIRROR TVS,RV6002R,,0.00,367,Inclusive,0,Inclusive,0,2,,No,0,
2f5f50fc-d98e-4dbc-aae4-6008076a92b2,UNO MINDA BULLET STEEL LH,,MIRROR TVS,RV6002L,,0.00,367,Inclusive,0,Inclusive,0,3,,No,0,
9d5540d7-d287-4790-a694-2fc5807203d5,UNO MINDA BXR CT FRONT STEEL,,INDICATOR BAJAJ,TD5018,,0.00,144,Inclusive,0,Inclusive,0,11,,No,0,
89bf9d8b-2cdb-4716-bd2a-6662ac8beb03,UNO MINDA BXR CT STEEL REAR,,INDICATOR BAJAJ,TD5018A,,0.00,144,Inclusive,0,Inclusive,0,10,,No,0,
2fac8dfe-0b55-4824-aabd-3dd08e558fe9,UNO MINDA BXR LH H/B/S,,HANDLE BAR SWITCH LH BAJAJ,SW0719S,,0.00,407,Inclusive,0,Inclusive,0,3,,No,0,
285cc37b-6a6a-4fb6-9d22-58c70380c55e,UNO MINDA BXR ROUND LH,,MIRROR BAJAJ,RV1010L,,0.00,127,Inclusive,0,Inclusive,0,8,,No,0,
e09904a6-83af-4f8b-8dee-8928efb050f2,UNO MINDA C100 SS LH H/B/S,,HANDLE BAR SWITCH LH  HH,SW0722,,0.00,253,Inclusive,0,Inclusive,0,3,,No,0,
71c531db-1e0c-4c8a-94da-7fa009ef4c9b,UNO MINDA  CAIIBER RH H/B/S ,,HANDLE BAR SWITCH RH BAJAJ,SW0720B,,0.00,288,Inclusive,0,Inclusive,0,4,,No,0,
c50ebaf5-ee8b-43a1-9a12-9b0f1a7bc49f,UNO MINDA CALIBER 115 LH H/B/S ,,HANDLE BAR SWITCH LH BAJAJ,SW0671C,,0.00,301,Inclusive,0,Inclusive,0,7,,No,0,
4d800797-af65-4b48-be27-860d0fb63d0a,UNO MINDA CB SHINE LH H/B/S,,HANDLE BAR SWITCH LH  HH,SW0685AR,,0.00,492,Inclusive,0,Inclusive,0,6,,No,0,
cf337d12-b117-4f53-88da-7b9f9b19bf9c,UNO MINDA CB UNICORN LH H/B/S ,,HANDLE BAR SWITCH LH  HH,SW0659AD,,0.00,530,Inclusive,0,Inclusive,0,3,,No,0,
8ba1f669-1b4c-4448-a9a2-794de426c85d,UNO MINDA  CBZ RH H/B/S ,,HANDLE BAR SWITCH RH HH,SW0660AM,,0.00,223,Inclusive,0,Inclusive,0,2,,No,0,
c3590f56-01b4-435a-b0a0-2f4971358884,UNO MINDA CBZ RH H/B/S ,,HANDLE BAR SWITCH RH HH,SW0660BB,,0.00,234,Inclusive,0,Inclusive,0,2,,No,0,
03c0ee5d-c04f-4aa2-a928-995fc4c7de84,UNO MINDA CD DAWN LH H/B/S,,HANDLE BAR SWITCH LH  HH,SW0722J,,0.00,255,Inclusive,0,Inclusive,0,3,,No,0,
6eedeb95-c0c7-49e9-bf03-898661d7cf26,UNO MINDA CD DLX LH H/B/S,,HANDLE BAR SWITCH LH  HH,SW0685C,,0.00,395,Inclusive,0,Inclusive,0,2,,No,0,
149df9e5-0aed-40f8-a092-7331b8cc5694,UNO MINDA CLBR 115 RR RR UNIT,,RR UNIT BAJAJ,RR1016,,0.00,228,Inclusive,0,Inclusive,0,1,,No,0,
22675fd3-774a-414d-bc1d-fd4c231e39c4,UNO MINDA CRUX LH H B SWITCH,,HANDLE BAR SWITCH TVS LH,SW0657A,,0.00,664,Inclusive,0,Inclusive,0,2,,No,0,
ae15cc52-1d17-4904-af81-dd1010beaa5e,UNO MINDA CT100 FRONT,,INDICATOR BAJAJ,TD5022,,0.00,108,Inclusive,0,Inclusive,0,12,,No,0,
c0d11509-608f-4ebf-b3ff-ea241dacbcda,UNO MINDA CT 100 LH H/B/S ,,HANDLE BAR SWITCH LH BAJAJ,SW0681H,,0.00,563,Inclusive,0,Inclusive,0,2,,No,0,
5fe7c17a-f67e-4029-aa0a-a31c1d6fa147,UNO MINDA CT100 LH REAR,,INDICATOR BAJAJ,TD5022AL,,0.00,114,Inclusive,0,Inclusive,0,7,,No,0,
bc90e751-bc89-4371-842a-7867d8495916,UNO MINDA CT100 REAR RH,,INDICATOR BAJAJ,TD5022A,,0.00,114,Inclusive,0,Inclusive,0,7,,No,0,
e838e395-712a-49d9-85d6-baf5b7b0cf2c,UNO MINDA CT 100 RH H/B/S ,,HANDLE BAR SWITCH RH BAJAJ,SW0682D,,0.00,502,Inclusive,0,Inclusive,0,1,,No,0,
d0792b69-c393-41f2-a734-1fc8ef889824,UNO MINDA CT100 RH H/B/S ,,HANDLE BAR SWITCH RH BAJAJ,SW0672BE,,0.00,145,Inclusive,0,Inclusive,0,3,,No,0,
848ce0ab-e6e1-4e92-b761-0f24959b68d7,UNO MINDA D70 HORN,,HORN ALL,D815319,,0.00,397,Inclusive,0,Inclusive,0,4,,No,0,
4d2fc509-8db3-42ce-8da9-95fed56e1629,UNO MINDA D82 HORN,,HORN ALL,HN8202M,,0.00,194,Inclusive,0,Inclusive,0,12,,No,0,
08693b46-2016-4c3f-9e30-84c168834080,UNO MINDA DIS 100 RH H/B/S,,HANDLE BAR SWITCH RH BAJAJ,SWCHXCEDJB01,,0.00,219,Inclusive,0,Inclusive,0,2,,No,0,
e204553c-b7a2-4b00-b2b2-913a8812c15f,UNO MINDA DIS 100 RH H/B/S ,,HANDLE BAR SWITCH RH BAJAJ,SW0672AF,,0.00,205,Inclusive,0,Inclusive,0,5,,No,0,
e7021fbd-48fa-41c3-8014-30d8e1835908,UNO MINDA DIS 100 STRTER RELAY ,,STRTER  RELAY  ALL,850043,,0.00,155,Inclusive,0,Inclusive,0,3,,No,0,
361a410c-a66a-4022-9abb-a1fa7510ac63,UNO MINDA DIS 125 TRANGLE RH,,MIRROR BAJAJ,RV1007RD,,0.00,136,Inclusive,0,Inclusive,0,11,,No,0,
77a4645a-1a89-4ba7-8fb6-a01dd95e17ff,UNO MINDA DIS M FRONT,,INDICATOR BAJAJ,TD5053,,0.00,168,Inclusive,0,Inclusive,0,13,,No,0,
0b1f097e-5531-488d-85ce-7bd512a8db6d,UNO MINDA DIS M REAR WHITE,,INDICATOR BAJAJ,TD5053A,,0.00,168,Inclusive,0,Inclusive,0,12,,No,0,
1089469b-d61f-4c71-8914-114a4e7eef3d,UNO MINDA DIS TRANGLE LH,,MIRROR BAJAJ,RV1007LD,,0.00,136,Inclusive,0,Inclusive,0,26,,No,0,
4ea2cbeb-5fb4-495f-bfc7-8d15061770fa,UNO MINDA DREAM NEO LH H/B/S ,,HANDLE BAR SWITCH LH  HH,SW0685AS,,0.00,578,Inclusive,0,Inclusive,0,3,,No,0,
6564f267-59e2-43a6-b1a6-cbfe5eeec034,UNO MINDA HF DLX I3S LH H/B/S,,HANDLE BAR SWITCH LH  HH,SW0685BC,,0.00,286,Inclusive,0,Inclusive,0,14,,No,0,
328c762a-fedc-4527-a9d8-95d2b7188652,UNO MINDA HF DLX I3S LH H/B/S ,,HANDLE BAR SWITCH LH  HH,SW0685J,,0.00,311,Inclusive,0,Inclusive,0,7,,No,0,
c91174b2-e572-4cd4-9a72-f4ec198c5180,UNO MINDA HF DLX LH H/B/S,,HANDLE BAR SWITCH LH  HH,SW0685BB,,0.00,240,Inclusive,0,Inclusive,0,4,,No,0,
cec593e3-8bd8-46f3-aec0-a3a97227a848,UNO MINDA HF DLX LH H/B/S ,,HANDLE BAR SWITCH LH  HH,SW0685K,,0.00,356,Inclusive,0,Inclusive,0,3,,No,0,
0fd749bf-8df7-4d8e-bb87-a464f568a830,UNO MINDA HF DLX WHITE,,INDICATOR HH,TD5038UN,,0.00,120,Inclusive,0,Inclusive,0,15,,No,0,
610abeda-6535-4b83-8e75-e5ac56f1d9a8,UNO MINDA JUPITOR LH,,MIRROR MOPED,RV2010LH,,0.00,157,Inclusive,0,Inclusive,0,2,,No,0,
91ccab71-2ea6-4220-8216-60b3d4d870fe,UNO MINDA JUPITOR RH,,MIRROR MOPED,RV2010RH,,0.00,157,Inclusive,0,Inclusive,0,2,,No,0,
842dae8f-52cb-49ad-a30f-a27ca182796e,UNO MINDA PEP+ STRTER RELAY ,,STRTER  RELAY  ALL,850087,,0.00,359,Inclusive,0,Inclusive,0,1,,No,0,
699b90be-ea4f-4a5b-88f7-c1871acf84c2,UNO MINDA PHOENIX REAR,,INDICATOR TVS,TD5055A,,0.00,146,Inclusive,0,Inclusive,0,0,,No,0,
14bd26a9-9492-4e91-91e5-6bd8d2a5e8d4,UNO MINDA PLE 150 RR UNIT ,,RR UNIT BAJAJ,RR1009,,0.00,361,Inclusive,0,Inclusive,0,1,,No,0,
e029b495-8958-48b0-a951-0e6422435f2f,UNO MINDA PLEASURE LH BLK,,MIRROR MOPED,RV5013LHBLK,,0.00,155,Inclusive,0,Inclusive,0,7,,No,0,
032ff678-37c7-4846-b7cc-c8c8b4ab0c34,UNO MINDA PLEASURE LH WHITE,,MIRROR MOPED,RV5013LHWHT,,0.00,223,Inclusive,0,Inclusive,0,2,,No,0,
303134d4-0ff3-4706-919b-7f81539c9068,UNO MINDA PLEASURE RED LH,,MIRROR MOPED,RV5013LHCRED,,0.00,223,Inclusive,0,Inclusive,0,3,,No,0,
224f23bc-1be8-446e-aacd-2309be1e314e,UNO MINDA PLEASURE RED RH,,MIRROR MOPED,RV5013RHSRED,,0.00,223,Inclusive,0,Inclusive,0,3,,No,0,
ac7ccdcd-a937-48ec-8074-1a8292502bbf,UNO MINDA PLEASURE RH BLK,,MIRROR MOPED,RV5013RH,,0.00,155,Inclusive,0,Inclusive,0,4,,No,0,
c303cef7-c1cb-44a8-a8a2-54dc04af52de,UNO MINDA PLEASURE RH WHITE,,MIRROR MOPED,RV5013RHWHT,,0.00,223,Inclusive,0,Inclusive,0,2,,No,0,
f44bf210-2ed1-407b-8405-78c342784b13,UNO MINDA PLN /DIS LH H/B/S ,,HANDLE BAR SWITCH LH BAJAJ,SW0671J,,0.00,315,Inclusive,0,Inclusive,0,4,,No,0,
1d2c0502-da07-48aa-af9c-841d0c1eba86,UNO MINDA PLN OLD LH,,MIRROR BAJAJ,RV1002LD,,0.00,107,Inclusive,0,Inclusive,0,16,,No,0,
d6a77046-0114-44a9-a867-e33a523cb508,UNO MINDA PLN OLD RH MIRROR,,MIRROR BAJAJ,RV1002RD,,0.00,107,Inclusive,0,Inclusive,0,19,,No,0,
1b99995a-9f40-4a5a-9d76-dfbe31ea086e,UNO MINDA PLN RED INDI.,,INDICATOR BAJAJ,TD5051,,0.00,125,Inclusive,0,Inclusive,0,26,,No,0,
f6adaaba-c8c0-4488-a406-d80ad9477e48,UNO MINDA PLN RH H/B/S ,,HANDLE BAR SWITCH RH BAJAJ,SW0672J,,0.00,213,Inclusive,0,Inclusive,0,6,,No,0,
ef2bb2c8-213a-47b8-915b-a5c158796862,UNO MINDA PLN WHITE,,INDICATOR BAJAJ,TD5052,,0.00,124,Inclusive,0,Inclusive,0,11,,No,0,
ddcbdb95-b827-4909-bf46-aabece9854dc,UNO MINDA PLS135/150/180 RH H/B/S ,,HANDLE BAR SWITCH RH BAJAJ,SW0648C,,0.00,642,Inclusive,0,Inclusive,0,1,,No,0,
848c2668-6002-4d05-9755-7966b15ac81e,UNO  MINDA PLS 150 LH H/B/S ,,HANDLE BAR SWITCH LH BAJAJ,SW0629,,0.00,687,Inclusive,0,Inclusive,0,2,,No,0,
af2d16b2-588e-4ac7-8d96-247572a50292,UNO  MINDA PLS  150 RR UNIT,,RR UNIT BAJAJ,RR1008,,0.00,320,Inclusive,0,Inclusive,0,1,,No,0,
437af7a0-4d0a-4881-aeae-e4d3bf6e7482,UNO MINDA PLS 220F LH H/B/S ,,HANDLE BAR SWITCH LH BAJAJ,SW0629C,,0.00,804,Inclusive,0,Inclusive,0,3,,No,0,
b6cd8188-8dd0-416d-8507-90bb0986e618,UNO MINDA PLS 220F RH H/B/S ,,HANDLE BAR SWITCH RH BAJAJ,SW0630E,,0.00,763,Inclusive,0,Inclusive,0,4,,No,0,
b6342e97-ca11-4c27-8f3d-a7c0ad5ee979,UNO MINDA PLS BS6  STRTER RELAY,,STRTER  RELAY  ALL,850040A,,0.00,490,Inclusive,0,Inclusive,0,4,,No,0,
2796406d-6226-4351-9a97-c06446ddf09b,UNO MINDAPLS DTSI LH H/B/S,,HANDLE BAR SWITCH LH BAJAJ,SW0671,,0.00,295,Inclusive,0,Inclusive,0,1,,No,0,
2b7affea-cd2d-4c10-b159-4b9ecbf06626,UNO MINDA PLS STRTER RELAY ,,STRTER  RELAY  ALL,850026,,0.00,105,Inclusive,0,Inclusive,0,7,,No,0,
6e9af200-32e0-4a00-85ec-ad0772d9a8d5,UNO MINDA PSN PRO LH,,MIRROR HH,RV5010L,,0.00,177,Inclusive,0,Inclusive,0,1,,No,0,
d8f0d3e2-e752-4f64-8f9d-f43aa5d1782c,UNO MINDA PSN PRO LH ,,MIRROR HH,RV5010LD,,0.00,191,Inclusive,0,Inclusive,0,9,,No,0,
c59c7ab8-8458-4e27-a1b5-4390c0e5dc3c,UNO MINDA PSN PRO LH H/B/S,,HANDLE BAR SWITCH LH  HH,SW0685S,,0.00,459,Inclusive,0,Inclusive,0,12,,No,0,
d5bb0445-24f2-4c32-b30d-3d94a06fab73,UNO MINDA PSN PRO RH,,MIRROR HH,RV5010R,,0.00,190,Inclusive,0,Inclusive,0,4,,No,0,
33f30b81-e33d-42ff-868e-f80b14253954,UNO MINDA PSN PRO STRTER RELAY ,,STRTER  RELAY  ALL,850044HD,,0.00,124,Inclusive,0,Inclusive,0,1,,No,0,
a4290a13-7304-44c8-b37c-1b83ba6fb667,UNO MINDA PSN X PRO REAR,,INDICATOR HH,TD5012J,,0.00,150,Inclusive,0,Inclusive,0,4,,No,0,
19f24e90-4244-4662-9f8b-4cf7bb66fab5,UNO MINDA RX 100 REAR ,,INDICATOR TVS,TD5057A,,0.00,216,Inclusive,0,Inclusive,0,4,,No,0,
62a2fb0d-e683-40bb-95df-4f59663a3a28,UNO MINDA SCOOTY PEP FRONT,,INDICATOR TVS,RT054,,0.00,140,Inclusive,0,Inclusive,0,2,,No,0,
992d2969-d888-421b-9e37-cb508e340815,UNO MINDA SCOOTY PEP MAG. COIL,,MAGNET COIL ASSY TVS,SCA318,,0.00,730,Inclusive,0,Inclusive,0,1,,No,0,
cbf7d708-7049-42ed-bc7b-5236c40f7277,UNO MINDA SHINE ALL HH,,MIRROR HH,RV4004RD,,0.00,137,Inclusive,0,Inclusive,0,16,,No,0,
3fca4946-91ea-4503-ab13-53ad2464d4b4,UNO MINDA SHINE BS6 FRONT WHITE,,INDICATOR HH,TD5068,,0.00,165,Inclusive,0,Inclusive,0,8,,No,0,
d256e30a-4292-4584-8ee4-678c66841699,UNO MINDA SHINE BS6 LH H/B/S ,,HANDLE BAR SWITCH LH  HH,SW0563BFM01,,0.00,470,Inclusive,0,Inclusive,0,1,,No,0,
68f1f184-7681-44d2-95af-a58b4f5b112f,UNO MINDA SHINE BS 6 REAR WHITE,,INDICATOR HH,TD5068A,,0.00,165,Inclusive,0,Inclusive,0,5,,No,0,
d9c7c307-65eb-4804-885a-b370b39ee58d,UNO MINDA SHINE HH ALL,,MIRROR HH,RV4004LD,,0.00,137,Inclusive,0,Inclusive,0,13,,No,0,
508fdf72-f6ba-4676-8c35-f71e70eab305,UNO MINDA SHINE REAR LH,,INDICATOR HH,TD5046AL,,0.00,130,Inclusive,0,Inclusive,0,4,,No,0,
7c89b442-ae7a-4b04-b304-a0afb0b92e85,UNO MINDA SHINE REAR RH,,INDICATOR HH,TD5046AR,,0.00,130,Inclusive,0,Inclusive,0,3,,No,0,
cce98db2-7228-4e8a-bc08-7ca3150870a5,UNO MINDA SHINE STRTER RELAY,,STRTER  RELAY  ALL,850039,,0.00,223,Inclusive,0,Inclusive,0,1,,No,0,
19c999c8-a95a-4d55-affd-c7241386c217,UNO MINDA SHINE UNICORN ,,INDICATOR HH,TD5046A,,0.00,134,Inclusive,0,Inclusive,0,8,,No,0,
d960af00-1315-44ec-8117-84ef9d6fe2bb,UNO MINDA SPL BS6 RH H/B/S ,,HANDLE BAR SWITCH RH HH,SW0686LM01,,0.00,160,Inclusive,0,Inclusive,0,13,,No,0,
37830219-f5bf-40b4-a925-233dcbb6e979,UNO MINDA SPL I SMART LH H/B/S ,,HANDLE BAR SWITCH LH  HH,SW0685T,,0.00,398,Inclusive,0,Inclusive,0,3,,No,0,
4f682c80-584c-422e-a6cc-91f10c1a28e1,UNO MINDA SPL NEW  LH H/B/S,,HANDLE BAR SWITCH LH  HH,SW0685D,,0.00,363,Inclusive,0,Inclusive,0,4,,No,0,
d5a577e4-0358-4972-8f04-5ea26564ebb7,UNO MINDA SPL PLS LH,,MIRROR HH,RV5006LD,,0.00,104,Inclusive,0,Inclusive,0,14,,No,0,
a22bc343-9663-49d0-9c9d-890ad31c2abf,UNO MINDA SPL PLS LH H/B/S ,,HANDLE BAR SWITCH LH  HH,SW0722D,,0.00,266,Inclusive,0,Inclusive,0,4,,No,0,
d223cf4f-9f61-4fef-95d0-c1b7af91e579,UNO MINDASPL PLS LH H/B/S,,HANDLE BAR SWITCH LH  HH,SW0685BW,,0.00,353,Inclusive,0,Inclusive,0,7,,No,0,
6460c6db-6a2f-4c49-b6a1-5fe140a3873f,UNO MINDA SPL PLS RH ,,MIRROR HH,RV5006RD,,0.00,104,Inclusive,0,Inclusive,0,9,,No,0,
78bfcd94-5b86-4371-a9da-21648ab63239,UNO MINDA SPL PRO LH H/B/S ,,HANDLE BAR SWITCH LH  HH,SW0722F,,0.00,272,Inclusive,0,Inclusive,0,9,,No,0,
818bdb2e-95b0-409c-a553-8944ecfddf3d,UNO MINDA SPL PRO RH H/B/S ,,HANDLE BAR SWITCH RH HH,SW0686C,,0.00,90,Inclusive,0,Inclusive,0,6,,No,0,
a2da072b-215d-46ce-b4c9-727a52d9649f,UNO MINDA SPL PRO RH H/B/S ,,HANDLE BAR SWITCH RH HH,SW0686,,0.00,95,Inclusive,0,Inclusive,0,7,,No,0,
797a2326-0825-46c0-ae06-1d130162a8cc,UNO MINDA SPL RED,,INDICATOR HH,TD5009UA,,0.00,110,Inclusive,0,Inclusive,0,21,,No,0,
d64a4fc3-18db-42fe-bf1e-1d961e59deff,UNO MINDA SPL WHITE,,INDICATOR HH,TD5009UN,,0.00,121,Inclusive,0,Inclusive,0,15,,No,0,
d053e99f-261a-4a17-ba70-a4929025213f,UNO MINDA SS FRONT ,,INDICATOR HH,TD5017,,0.00,121,Inclusive,0,Inclusive,0,5,,No,0,
053fdf8e-4654-4f8a-ab0e-02ec74dffa92,UNO MINDA SS REAR,,INDICATOR HH,TD5017A,,0.00,121,Inclusive,0,Inclusive,0,6,,No,0,
3be0b5e6-2617-44f7-bf7b-4e16db4345d2,UNO MINDA STAR CITY 110(PLS) RH,,MIRROR TVS,RV2012R,,0.00,171,Inclusive,0,Inclusive,0,7,,No,0,
732ae4ca-6cde-4627-a0c6-3f82a32794f8,UNO MINDA STAR CITY LH H B SWITCH,,HANDLE BAR SWITCH TVS LH,SW0251B,,0.00,487,Inclusive,0,Inclusive,0,3,,No,0,
603cd0da-206c-43b4-8425-3e0a107bfbc7,UNO MINDA STAR CITY PLS / STAR110 LH,,MIRROR TVS,RV2012L,,0.00,171,Inclusive,0,Inclusive,0,6,,No,0,
a41d3996-1e20-4f52-8282-1780dd9ed91a,UNO MINDA STAR CITY/SPORT LH,,MIRROR TVS,RV2007L,,0.00,137,Inclusive,0,Inclusive,0,3,,No,0,
335e091c-7679-49c8-af6e-902b4ab28f7a,UNO MINDA STAR CITY /SPORT RH,,MIRROR TVS,RV2007R,,0.00,137,Inclusive,0,Inclusive,0,5,,No,0,
756de42f-4193-4c2b-afe4-1155dc38c459,UNO MINDA STAR HT  COIL,,H.T.COIL ALL,CI2005,,0.00,393,Inclusive,0,Inclusive,0,0,,No,0,
3feab34e-4b2b-4999-8e8c-d2cebe747261,UNO MINDA STAR PHOENIX FRONT ,,INDICATOR TVS,TD5055,,0.00,145,Inclusive,0,Inclusive,0,18,,No,0,
1e5f92a4-c84d-4b5a-b662-ebc702086bd9,UNO MINDA STAR SPORT LH ,,MIRROR TVS,RV2007LD,,0.00,131,Inclusive,0,Inclusive,0,1,,No,0,
128de40a-bf6e-4b53-a2cb-1c4c63bd0845,UNO MINDA STAR SPORT RH ,,MIRROR TVS,RV2007RD,,0.00,131,Inclusive,0,Inclusive,0,3,,No,0,
181d6297-bad0-40af-af8a-03a8b034bd92,UNO MINDA SUPER XL LH H B SWITCH,,HANDLE BAR SWITCH TVS LH,SW0697,,0.00,405,Inclusive,0,Inclusive,0,2,,No,0,
5b6394eb-9a03-4438-aa14-bc0d4106dc43,UNO MINDA SUZUKI MAX 100 FRONT ,,INDICATOR TVS,TD5016,,0.00,92,Inclusive,0,Inclusive,0,3,,No,0,
80af77bf-da1d-4492-98f8-3bd030867727,UNO MINDA TWISTER FL/FR,,INDICATOR HH,TD5046,,0.00,130,Inclusive,0,Inclusive,0,9,,No,0,
39a21059-617a-4316-acc4-aaff24819fe7,UNO MINDA UNCR 150 RH H/B/S ,,HANDLE BAR SWITCH RH HH,SW0660AL,,0.00,337,Inclusive,0,Inclusive,0,4,,No,0,
36c45cd7-ebf4-4a93-9fa7-95f4bdcaf9ab,UNO MINDA UNICORN SHINE,,INDICATOR HH,TD5030UN,,0.00,146,Inclusive,0,Inclusive,0,29,,No,0,
9300cfc9-3763-4cb7-82c4-d63f1b8bcad8,UNO MINDA XL 100 BS6 H/B/S,,HANDLE BAR SWITCH TVS RH,MI0078CM01,,0.00,685,Inclusive,0,Inclusive,0,3,,No,0,
8025fffc-c242-4aef-b05f-5a8dab337b3b,UNO MINDA  XL100 LH H B SWITCH,,HANDLE BAR SWITCH TVS LH,SW0697B,,0.00,539,Inclusive,0,Inclusive,0,1,,No,0,
37f65403-6baf-4dfd-a485-7d9f8e38146d,UNO MINDA XL MIRROR,,MIRROR MOPED,RV5001,,0.00,91,Inclusive,0,Inclusive,0,6,,No,0,
3c980d30-f4d7-4927-a85b-dc1092c1cbe5,V2 ACTIVA TIM PAD,,,82722463,,0.00,180,Inclusive,0,Inclusive,0,4,,No,0,
c6b8bbac-ebe6-4de3-9262-0dad7f7aede0,VAARROC VICTORR 5 PIN RR,,RR UNIT TVS,REGR TVSF TV39,,0.00,323,Inclusive,0,Inclusive,0,2,,No,0,
cb3fe9da-18de-4b67-b350-b01e4499f63c,VARROC 4S BXR ANALOG,,CDI COIL BAJAJ,CLBR3152A,,0.00,228,Inclusive,0,Inclusive,0,0,,No,0,
f657cff7-c59e-4d89-a3b0-92d7e27daf44,VARROC 4S CLIBAR HT COIL,,,ICOLKB10BJ01,,0.00,190,Inclusive,0,Inclusive,0,7,,No,0,
b4970070-9696-4802-874b-25ad37fb7756,VARROC 4S HAL PAC SET,,HALF PACKING SET BAJAJ,GSKTBOXRHK30,,0.00,76,Inclusive,0,Inclusive,0,1,,No,0,
786ae140-57fa-4c05-9158-1eb75a708fc3,VARROC ACCESS 125 RR UNIT ,,RR UNIT HH,REGRACES32J4,,0.00,426,Inclusive,0,Inclusive,0,2,,No,0,
2bdcceb4-eb17-4c76-bbd4-637eed6215af,VARROC ACCESS CDI,,CDI HH,CDEIACES3G00,,0.00,1193,Inclusive,0,Inclusive,0,2,,No,0,
a61f02d7-c043-4175-b16f-7189e8345dc7,VARROC ACCESS HT COIL,,H.T.COIL ALL,ICOLACCSS903,,0.00,252,Inclusive,0,Inclusive,0,2,,No,0,
fa6324db-784f-4ea9-a6f6-a67fcc7ba234,VARROC ACCESS RR UNIT ,,RR UNIT HH,REGRACES3240,,0.00,409,Inclusive,0,Inclusive,0,3,,No,0,
02d38f36-205d-4076-9384-05294c783f35,VARROC ACCESS STRTER RELAY,,STRTER  RELAY  ALL,RELYACESSZ65,,0.00,156,Inclusive,0,Inclusive,0,1,,No,0,
f084b1cd-5e19-4aa7-aab4-0758ee7cc49d,VARROC ACCESS /SVISH MOTOR,,STARTER MOTOR,STMRACES3150,,0.00,1554,Inclusive,0,Inclusive,0,1,,No,0,
1fd2d26e-1ff2-452b-a9fc-7d4a509b99b0,VARROC ACTIVA 110 F.P.SET,,FULL PACKING SET ALL,GSKTA110FK42,,0.00,180,Inclusive,0,Inclusive,0,3,,No,0,
2a9157c8-cdaf-4d6f-9728-d44e88de2ee0,VARROC ACTIVA CDI,,CDI HH,CDIACTIVAHM19,,0.00,820,Inclusive,0,Inclusive,0,1,,No,0,
6600e181-7164-45d1-9daa-b29fa48f93de,VARROC ACTIVA CDI 110CC,,CDI HH,CDEIATVAHM76,,0.00,1009,Inclusive,0,Inclusive,0,3,,No,0,
33d674e7-4118-4bc1-83b7-cc86e1f8c547,VARROC ACTIVA DREAM YUGA HT COIL,,H.T.COIL ALL,ICOLAHETH605,,0.00,291,Inclusive,0,Inclusive,0,4,,No,0,
a0a876b7-0fa3-404a-a660-16fd4eee4ab6,VARROC ACTIVA HET,,CDI HH,CDEIATVA30M1,,0.00,1276,Inclusive,0,Inclusive,0,3,,No,0,
4651f742-5f8e-43d6-8da5-b4f2ea1eb829,VARROC ACTIVA HET MAGNET COIL,,MAGNET COIL ASSY HH,MGCPATVAHETM,,0.00,907,Inclusive,0,Inclusive,0,2,,No,0,
ab8c0309-b29a-4b39-a946-b755db74dd42,VARROC ACTIVA HT COIL,,H.T.COIL ALL,ICOLATVAHM19,,0.00,220,Inclusive,0,Inclusive,0,1,,No,0,
24566720-6dae-40c0-970f-504938f27fa3,VARROC ACTIVA NEW HEAD LIGHT ,,HEAD LIGHT MOPED ALL,HLAMACTVHU01,,0.00,360,Inclusive,0,Inclusive,0,0,,No,0,
e203514c-6f85-4bf7-afee-21bd365aa3d8,VARROC ACTIVA NEW /PLEASURE MAG. COIL,,MAGNET COIL ASSY HH,MGCPATVANEWM,,0.00,930,Inclusive,0,Inclusive,0,2,,No,0,
4267beba-7fc0-4000-9b65-69020acf51ee,VARROC ACTIVA N/M HT COIL,,H.T.COIL ALL,ICOLACNMK329,,0.00,284,Inclusive,0,Inclusive,0,1,,No,0,
f570fd74-6039-4045-bcc5-a5c4dbe790de,VARROC ACTIVA OLD MAG. COIL,,MAGNET COIL ASSY HH,MGCPATVA3101,,0.00,959,Inclusive,0,Inclusive,0,2,,No,0,
a1d7fb6b-7d2d-4cf0-bb31-5de3b20b3aba,VARROC ACTIVA/PLEASURE RR UNIT,,RR UNIT HH,REGRATVAHM25,,0.00,216,Inclusive,0,Inclusive,0,3,,No,0,
20425c34-1960-452b-b78d-2b96f521ee68,VARROC ACTIVA STRTER RELAY ,,STRTER  RELAY  ALL,RELYKIHOKI44,,0.00,122,Inclusive,0,Inclusive,0,3,,No,0,
85c0919a-fc66-401c-9c96-ce142077cc48,VARROC ACTVA RR UNIT,,RR UNIT HH,RGERATVAHM25,,0.00,225,Inclusive,0,Inclusive,0,2,,No,0,
df1da5b8-6b17-4965-a239-66d2826761a1,VARROC BOXER OIL PUMP GEAR,,OIL PUMP BAJAJ STAR,OPGRBOXRDF03,,0.00,58,Inclusive,0,Inclusive,0,1,,No,0,
d14bccf6-8034-460d-8c98-1862d41656c7,VARROC BOXER RH MIRROR,,MIRROR BAJAJ,REVMBXARDF07,,0.00,133,Inclusive,0,Inclusive,0,8,,No,0,
08287261-fd12-450c-82ed-721173d199c9,VARROC BOXR CT AR RR UNIT,,RR UNIT BAJAJ,REGRBXCTDF21,,0.00,279,Inclusive,0,Inclusive,0,8,,No,0,
18c3618b-aa2c-4920-9700-95adfa424c63,VARROC BULLET HORN,,HORN ALL,BULT133H,,0.00,293,Inclusive,0,Inclusive,0,0,,No,0,
0559b83f-e658-4293-aed9-12b30c538bbb,VARROC BXR AR LH ROUND,,MIRROR BAJAJ,BXARDF37,,0.00,117,Inclusive,0,Inclusive,0,0,,No,0,
a76dc074-fd05-41f6-9d4e-a3fb94db047f,VARROC BXR AR MAG COIL,,MAGNET COIL ASSY BAJAJ,MGCPK4S3155,,0.00,1035,Inclusive,0,Inclusive,0,2,,No,0,
81600220-1e5d-4ba8-a6d4-55b952be427c,VARROC BXR HANDLE BAR,,HANDLE BAR,HLBRBXCTBJ09,,0.00,326,Inclusive,0,Inclusive,0,4,,No,0,
f44c853f-8986-4246-9550-09e72c04f83f,VARROC CD100 DON RR UNIT ,,RR UNIT HH,REGRDAWNHH23,,0.00,176,Inclusive,0,Inclusive,0,4,,No,0,
3de3927d-f9d3-4109-b274-b71b76207c38,VARROC CD DLX NEW CDI,,CDI HH,CDICDDXHH22,,0.00,1136,Inclusive,0,Inclusive,0,3,,No,0,
497e6e8a-aaf5-4ccb-b3cb-b55abf262b9a,VARROC CD DLX OLD CDI,,CDI HH,CDICDDXHH13,,0.00,242,Inclusive,0,Inclusive,0,3,,No,0,
2d3fff4c-3f76-4df7-bf8f-c73502df66a0,VARROC CDEI CALIBAR,,,CDEICLBR3152A,,0.00,228,Inclusive,0,Inclusive,0,4,,No,0,
b005115a-fbe4-48ee-a72e-b7e898b6d795,VARROC CDI DISCOVER  100,,CDI COIL BAJAJ,DSVR-JB01,,0.00,922,Inclusive,0,Inclusive,0,1,,No,0,
640c2fd8-05c8-4fb3-bdd9-425f1821e9eb,VARROC CDI PULSAR 150 UG 4,,CDI COIL BAJAJ,CDEIPLSRDH72,,0.00,1060,Inclusive,0,Inclusive,0,1,,No,0,
c1bdb047-baeb-41db-b76e-1518ef560788,VARROC CLBR 115 RR UNIT,,RR UNIT BAJAJ,REGRC115DD57,,0.00,338,Inclusive,0,Inclusive,0,3,,No,0,
55f70875-8660-46c7-80cc-0ba6a588b8e3,VARROC CRUX LEBERO  CDI ,,CDI TVS,CDEICRUXSR20,,0.00,1218,Inclusive,0,Inclusive,0,1,,No,0,
167d7260-bb14-4d5f-9225-ef58db84283d,"VARROC CT100,DIS,PLN CDI",,CDI COIL BAJAJ,CDEIC100DF17A,,0.00,291,Inclusive,0,Inclusive,0,4,,No,0,
d35074ef-554c-45d2-b557-cf4f71ffff77,VARROC CT100 ES ,,CDI COIL BAJAJ,C100PF24,,0.00,680,Inclusive,0,Inclusive,0,2,,No,0,
08cbc4b2-9122-40bd-98df-746d22db28c4,VARROC CT100 RR UNIT ,,RR UNIT BAJAJ,REGRC100DU62,,0.00,276,Inclusive,0,Inclusive,0,6,,No,0,
98bd898b-f33a-45d8-b921-8422c64b0a2b,VARROC DIS 100 ,,CDI COIL BAJAJ,DSVRPA00,,0.00,1167,Inclusive,0,Inclusive,0,1,,No,0,
1dd76ced-059f-47c3-9b27-26d5bb679354,VARROC DIS 100 4G,,CDI COIL BAJAJ,DSVRJB01,,0.00,867,Inclusive,0,Inclusive,0,1,,No,0,
320fa4a8-97ad-475d-adae-f67b4678fb4b,VARROC DIS 100 4GCDI,,,CDEIDSVRJB01,,0.00,922,Inclusive,0,Inclusive,0,5,,No,0,
ab827c19-72fa-4c89-b1d2-f6e41719e68c,VARROC DIS 100[4G]RR UNIT,,RR UNIT BAJAJ,REGRDSVRJN4G,,0.00,403,Inclusive,0,Inclusive,0,6,,No,0,
8f387cd6-390d-4a5e-b659-bd442a2c3db9,VARROC DIS 100 CDI COIL,,CDI COIL BAJAJ,CDEIDSVRPA00,,0.00,1167,Inclusive,0,Inclusive,0,2,,No,0,
90e09c69-0730-46a4-8b5d-4dc044d2b0b1,VARROC DIS 100 COIL PLATE,,,MGCPDSVRPF06,,0.00,1069,Inclusive,0,Inclusive,0,2,,No,0,
ce244f9d-5dc9-4113-b857-1e472a6f2663,VARROC DIS100 F P SET,,FULL PACKING SET ALL,GSKTD100FK27,,0.00,113,Inclusive,0,Inclusive,0,3,,No,0,
3b84c7a1-ec7a-4e8f-b752-db9b2f3c8f3c,VARROC DIS 100 HAL PAC SET,,HALF PACKING SET BAJAJ,GSKTD100HK27,,0.00,57,Inclusive,0,Inclusive,0,1,,No,0,
f7bffa90-c3d8-4b50-8a99-3f54a02d1085,VARROC DIS 100 HEAD LIGHT ,,HEAD LIGHT BAJAJ,HLAMDSVRHU90,,0.00,844,Inclusive,0,Inclusive,0,0,,No,0,
c4ff5cbb-0027-4606-b048-ac5395d5de74,VARROC DIS 100 M/125 M RR UNIT ,,RR UNIT BAJAJ,REGRDSVRJF00,,0.00,523,Inclusive,0,Inclusive,0,6,,No,0,
3f463db8-37a6-4cca-8c7e-2584b686d87c,VARROC DIS 100 MAGNET COIL,,MAGNET COIL ASSY BAJAJ,MGCPDSVRJB22,,0.00,1117,Inclusive,0,Inclusive,0,2,,No,0,
f3ab857d-9710-4b40-b003-85617830ebe8,VARROC DIS100 S ONE  WAY KIT,,STARTER ONE WAY KIT ALL,MGRTDSVREE34,,0.00,103,Inclusive,0,Inclusive,0,4,,No,0,
4f282243-9109-4bca-92a8-125a7ced6929,VARROC DIS 100 /XCD LOCK KIT ,,LOCK KIT BAJAJ,IGBJXCED52PZ,,0.00,861,Inclusive,0,Inclusive,0,1,,No,0,
f497b3c2-7390-492d-bb6e-c127f8f5ea3d,VARROC DIS110/CT110 /PLN110 STARTER MOTOR,,STARTER MOTOR,STMRDSVRJH02,,0.00,1286,Inclusive,0,Inclusive,0,0,,No,0,
2b2b2857-ce09-4f6f-89d4-be78fccb8cc2,VARROC DIS 125 RH,,MIRROR BAJAJ,JZ01,,0.00,191,Inclusive,0,Inclusive,0,1,,No,0,
7a22875f-0ba3-4eb9-881b-f84f9246bbec,VARROC DIS 125 RH H/B/S ,,HANDLE BAR SWITCH RH BAJAJ,HLBRDSVRJZ08,,0.00,187,Inclusive,0,Inclusive,0,2,,No,0,
3332fba6-8a35-4442-b942-58eb96b62e37,VARROC DIS 135 MOTOR,,STARTER MOTOR,STMRDSVRJN00,,0.00,1346,Inclusive,0,Inclusive,0,1,,No,0,
c2d6c493-1f49-4956-889a-b4fc42c7f169,VARROC DISC 125/135 H PACKING SET,,HALF PACKING SET BAJAJ,GSKTD125HK26,,0.00,73,Inclusive,0,Inclusive,0,8,,No,0,
c44b0e25-50a4-4fce-9870-0e929d237403,VARROC DIS HANDLE BAR,,HANDLE BAR,HLBRDSVRBJ12,,0.00,432,Inclusive,0,Inclusive,0,7,,No,0,
a45e03cb-a206-4760-a898-1d5cca45e261,VARROC DIS LH,,MIRROR BAJAJ,DSVRJZ00,,0.00,191,Inclusive,0,Inclusive,0,1,,No,0,
e8b27dbd-a1f7-4105-9067-f98a6cd23fbc,VARROC DIS LH ,,MIRROR BAJAJ,PLSRDJ03,,0.00,132,Inclusive,0,Inclusive,0,2,,No,0,
829fdc07-e5dd-4d2a-beaf-d72a95d3ca46,VARROC DIS OLD LH H/B/S ,,HANDLE BAR SWITCH LH BAJAJ,SWCHDSVRDJ24,,0.00,393,Inclusive,0,Inclusive,0,1,,No,0,
a2f98f12-233a-4aa8-aba0-00041d1db20d,VARROC DIS RH H/B/S ,,HANDLE BAR SWITCH RH BAJAJ,SWCHDSVRPA05,,0.00,242,Inclusive,0,Inclusive,0,0,,No,0,
c9205c3c-a312-4cce-9c55-7268af0b9fb3,VARROC DIS RH MIRROR,,MIRROR BAJAJ,PLSRDJ04,,0.00,132,Inclusive,0,Inclusive,0,1,,No,0,
bcca8f44-2af8-47fb-ad0f-3102e6dd2689,VARROC DIS STRTER RELAY ,,STRTER  RELAY  ALL,RELYPLTNBJ41,,0.00,279,Inclusive,0,Inclusive,0,15,,No,0,
47ddd169-b4ab-4bf6-a11c-c5a00593fd71,VARROC DREAM YUGA CDI COIL,,CDI HH,CDIDYUGA3011,,0.00,1171,Inclusive,0,Inclusive,0,2,,No,0,
812821ba-7cd0-4854-8e8e-e81d19143ac9,VARROC DREAM YUGA MOTOR,,STARTER MOTOR,STMRTWSRKW11,,0.00,1456,Inclusive,0,Inclusive,0,1,,No,0,
c1850d46-1656-424b-af22-47b2a65ad366,VARROC GLAMIOR CDI,,CDI HH,CDISUSPHH21,,0.00,1157,Inclusive,0,Inclusive,0,2,,No,0,
9aa669ee-9133-4675-989f-b60a2d68fa92,VARROC HERO HONDA STRTER RELAY,,STRTER  RELAY  ALL,209496493844,,0.00,41,Inclusive,0,Inclusive,0,2,,No,0,
e6aab22e-e237-4370-9477-df5c4530d9c2,VARROC HH RR UNIT ,,RR UNIT HH,RGERSUSP33HD,,0.00,492,Inclusive,0,Inclusive,0,3,,No,0,
2022a6b6-0f27-42d0-a478-19638a788211,VARROC IGNITION COIL CALIBAR,,,KB10BJ01,,0.00,204,Inclusive,0,Inclusive,0,0,,No,0,
b125f205-e30c-4352-aa47-6ad4237d89c3,VARROC JUPITOR RR UNIT ,,RR UNIT HH,REGRJPTRK390,,0.00,299,Inclusive,0,Inclusive,0,1,,No,0,
07b2f2ea-fb0c-457b-9a6d-7a79f7d4f9f1,VARROC JUPITOR WEGO BS4 CDI,,CDI TVS,ICDIJPTRK640,,0.00,1379,Inclusive,0,Inclusive,0,1,,No,0,
0310db35-633e-4223-bdbc-123b62f99729,VARROC K4S BOXR AT CT RR UNIT,,RR UNIT BAJAJ,REGRK4S3145,,0.00,305,Inclusive,0,Inclusive,0,6,,No,0,
c20f8cff-d8cd-4c39-9bed-ae6b62732b81,VARROC PHENIX125 HT COIL,,,ICOLPHNXT437,,0.00,376,Inclusive,0,Inclusive,0,3,,No,0,
b8ca5b26-29d7-4e1a-bea4-cac014872a36,VARROC PLEASURE MOTOR,,STARTER MOTOR,STMRPLEA10KTP,,0.00,1265,Inclusive,0,Inclusive,0,0,,No,0,
870c1124-2923-4bff-b318-2f20f96e2a7e,VARROC PLEASUR HT COIL ,,H.T.COIL ALL,ICOLPLSRH524,,0.00,177,Inclusive,0,Inclusive,0,2,,No,0,
4509bfa4-10ef-4333-835a-d92846142ca5,VARROC PLN 100 LOCK KIT ,,LOCK KIT BAJAJ,IGBJPLTN42EZ,,0.00,813,Inclusive,0,Inclusive,0,2,,No,0,
dac6481e-4f93-416c-81ed-5b4217fc6921,VARROC PLN 100 NEW,,CDI COIL BAJAJ,PLTNDJ02,,0.00,462,Inclusive,0,Inclusive,0,0,,No,0,
6a2d875f-40dd-4f1b-8f2e-8c18a9eb7ba6,VARROC PLN 100 NEW ,,CDI COIL BAJAJ,PLTNPF20,,0.00,1054,Inclusive,0,Inclusive,0,2,,No,0,
422a419d-ad0b-4bb9-a092-1ed97b011428,VARROC PLN 100 NEW RR UNIT,,RR UNIT BAJAJ,REGRPLTNPF00,,0.00,389,Inclusive,0,Inclusive,0,4,,No,0,
1a893b78-a110-4071-9688-472887a47197,VARROC PLN 100 RR UNIT,,RR UNIT BAJAJ,REGRPLTNPF01,,0.00,536,Inclusive,0,Inclusive,0,3,,No,0,
5f670c96-a083-41d8-826e-826a8118593f,VARROC PLN100 STARTER MOTOR ,,STARTER MOTOR,STMRPLTNPF01,,0.00,1336,Inclusive,0,Inclusive,0,2,,No,0,
95811178-a4b5-4451-8213-d64166f52622,VARROC PLN125 CDI COIL,,CDI COIL BAJAJ,CDEIPTUGJK00,,0.00,1127,Inclusive,0,Inclusive,0,1,,No,0,
e3335614-d3e2-4db2-99d5-8b105e53faa4,VARROC  PLN 125  RR UNIT,,RR UNIT BAJAJ,REGRPLTNJK03,,0.00,657,Inclusive,0,Inclusive,0,2,,No,0,
17824a64-41fc-44a9-a0f8-e170e77b673c,VARROC PLN 125 STRTER RELAY ,,STRTER  RELAY  ALL,RELYDVSRJZ13,,0.00,221,Inclusive,0,Inclusive,0,9,,No,0,
4e1729bd-086a-4d0e-8da4-fa5591fe5907,VARROC PLN C100 FULL PACKING SET,,FULL PACKING SET ALL,GSKTC100FK29,,0.00,127,Inclusive,0,Inclusive,0,6,,No,0,
4a8af067-c204-4c5b-b20a-7410836e4826,VARROC PLN C C PAK,,CLUTCH PACKING ALL,GSKTC100CC29,,0.00,40,Inclusive,0,Inclusive,0,9,,No,0,
b2524f1f-3f6e-4585-bcc2-8f6b0e2f835b,VARROC PLN COMF /ES HANDLE BAR,,HANDLE BAR,HLBRPLTNPF15,,0.00,495,Inclusive,0,Inclusive,0,5,,No,0,
ed0e1ba5-5800-4fbc-8e59-448f308995d6,VARROC PLN/CT100 HALF PACKING SET,,HALF PACKING SET BAJAJ,GSKTC100HK29,,0.00,61,Inclusive,0,Inclusive,0,9,,No,0,
53e96114-89c0-4bd2-8fee-7e9d525e71be,VARROC PLN/CT100 MAGNET COIL,,MAGNET COIL ASSY BAJAJ,MGCPC100DF20,,0.00,980,Inclusive,0,Inclusive,0,3,,No,0,
0174e09e-1434-44cd-8f75-b7ca717f3bbd,VARROC PLN DIS100 RR UNIT ,,RR UNIT BAJAJ,REGRPTUGJK00,,0.00,530,Inclusive,0,Inclusive,0,2,,No,0,
e5342dcf-9197-4466-9071-762054251435,VARROC PLN ES 12 POLE MAG. COIL,,MAGNET COIL ASSY BAJAJ,MGCPPLTNPF24,,0.00,813,Inclusive,0,Inclusive,0,2,,No,0,
4948f990-69dc-4664-8b7d-613e7e474a0f,VARROC PLN ES 8 POLE MAG. COIL,,MAGNET COIL ASSY BAJAJ,MGCPPLTNPF17,,0.00,1019,Inclusive,0,Inclusive,0,1,,No,0,
d5d97755-5fbd-4662-ad6d-6ee29df5d8da,VARROC PLN ES CDI,,CDI COIL BAJAJ,CDEIPLTNPF06,,0.00,946,Inclusive,0,Inclusive,0,3,,No,0,
62965031-3a92-42ad-9e83-3084516bba6d,VARROC PLN ES MOTOR,,STARTER MOTOR,STMRV15BHJH01,,0.00,1251,Inclusive,0,Inclusive,0,2,,No,0,
efd5e58d-550f-4de4-a61c-4aa5edc28384,VARROC PLN ES MOTOR,,STARTER MOTOR,STMRPLTNPF02,,0.00,1286,Inclusive,0,Inclusive,0,2,,No,0,
466202ad-504c-488a-b58f-f533dd3168ce,VARROC PLN HANDLE BAR,,HANDLE BAR,HLBRPLTNBJ15,,0.00,380,Inclusive,0,Inclusive,0,11,,No,0,
64fa78e0-55ac-4d5b-a862-c5f79ced1004,VARROC PLN KS NEW MAG. COIL,,MAGNET COIL ASSY BAJAJ,MGCPPLTNPF33,,0.00,802,Inclusive,0,Inclusive,0,1,,No,0,
e08f240a-985a-49d3-adb6-7ac1d81bc421,VARROC PLN N/ M  CDI COIL,,CDI COIL BAJAJ,CDEIPLTNPF20,,0.00,982,Inclusive,0,Inclusive,0,3,,No,0,
bda74f1e-96b2-42c4-b46f-097c4f63842d,VARROC PLN RH H/B/S ,,HANDLE BAR SWITCH RH BAJAJ,HLBRPLTNDZ44,,0.00,161,Inclusive,0,Inclusive,0,4,,No,0,
2d576a90-dc41-473a-ac24-6cdacb9f04cf,VARROC PLS 135 LS RR UNIT ,,RR UNIT BAJAJ,REGRSPNTJW01,,0.00,523,Inclusive,0,Inclusive,0,1,,No,0,
71b7ac8d-36ff-4a45-855a-968c69e9beb3,VARROC PLS 150/180 S ONE WAY KIT ,,STARTER ONE WAY KIT ALL,MGRTPLSREE10,,0.00,97,Inclusive,0,Inclusive,0,1,,No,0,
041372a5-cc13-45b2-8249-2c55f0a83418,VARROC PLS 150/180 UG4 S/O/W/KIT,,STARTER ONE WAY KIT ALL,STMSPLSRDK95G,,0.00,686,Inclusive,0,Inclusive,0,2,,No,0,
2e7eae4f-2ded-487f-8145-d30a67dac425,VARROC PLS 150 BS4 CDEI,,CDI COIL BAJAJ,CDEIPLSRDH04,,0.00,1030,Inclusive,0,Inclusive,0,1,,No,0,
711db1f1-1227-4ad9-bfbb-30c964fd3e97,VARROC PLS 150 ES/KS CDI COIL,,CDI COIL BAJAJ,CDEIPLSRDH56,,0.00,896,Inclusive,0,Inclusive,0,2,,No,0,
dad097ef-0d9d-4460-b3e9-755e4f4835cf,VARROC PLS 150 RR UNIT,,RR UNIT BAJAJ,REGRPLSRDH18,,0.00,294,Inclusive,0,Inclusive,0,2,,No,0,
a17909e5-36d7-4157-bd12-89ae0cd5e5f8,VARROC PLS 180 RR UNIT,,RR UNIT BAJAJ,REGRPLSRDJ02,,0.00,545,Inclusive,0,Inclusive,0,4,,No,0,
07413e33-6a6a-4aa1-ab93-411193ec9b04,VARROC PLS 180 RR UNIT,,RR UNIT BAJAJ,REGRPLSRDJ16,,0.00,494,Inclusive,0,Inclusive,0,1,,No,0,
32f4c7f2-573a-4d36-acb8-f18c4666c5e1,VARROC PLS DTSI STRTER RELAY ,,STRTER  RELAY  ALL,RELYPLSRBJ42,,0.00,149,Inclusive,0,Inclusive,0,1,,No,0,
12766f0b-03d1-47cb-9e7a-1beab6f6f837,VARROC PLS  HALF PACKING SET,,HALF PACKING SET BAJAJ,GSKTP150HK21,,0.00,76,Inclusive,0,Inclusive,0,4,,No,0,
2545fb9b-cc83-48e4-8178-7df81d542bd6,VARROC PLS HANDLE BAR,,HANDLE BAR,HLBRPLSRBJ16,,0.00,445,Inclusive,0,Inclusive,0,1,,No,0,
da7b086a-eba0-4b39-bd5e-7a073fb22fdb,VARROC PLS HT COIL ,,H.T.COIL ALL,ICOLAUT04B316,,0.00,183,Inclusive,0,Inclusive,0,4,,No,0,
3df89819-660d-4a0c-996c-717a2554c682,VARROC PLS METER CABLE,,METER CABLE BAJAJ,SPEO-PLSR-DJ83,,0.00,174,Inclusive,0,Inclusive,0,6,1.0,No,0,
654a0741-c0d5-4f82-a5cc-ed4c03673e3f,VARROC PLSR 150 UG4/180 UG4 2009 MODEL MAG. COIL,,MAGNET COIL ASSY BAJAJ,MGCPPLSRDH81,,0.00,872,Inclusive,0,Inclusive,0,1,,No,0,
7ad22e1f-9aab-4943-8c8c-c0122a998c9f,VARROC PLSR 150 UG 4 2009,,CDI COIL BAJAJ,PLSRDH72,,0.00,939,Inclusive,0,Inclusive,0,0,,No,0,
17f8d8a7-a968-46d0-82a1-7c35b2fbb8b1,VARROC PLSR 180 K2,,CDI COIL BAJAJ,PLSRDJ17,,0.00,863,Inclusive,0,Inclusive,0,1,,No,0,
a1e8d5d0-3147-4e0a-bc1a-3aa777d2081a,VARROC PLSR 180 UG4,,CDI COIL BAJAJ,PLSRDJ92,,0.00,1015,Inclusive,0,Inclusive,0,0,,No,0,
18f571ef-2384-4a2f-abd0-0b24e1f0df82,VARROC PLSR/DIS 100 MOTOR,,STARTER MOTOR,STMRSPNTJA00,,0.00,1353,Inclusive,0,Inclusive,0,2,,No,0,
70f2fdde-1f06-47fb-99c2-9f14f7e06e4a,VARROC PLSR PETROL TAP,,PETROL TAP,FLCKPLSR2028,,0.00,276,Inclusive,0,Inclusive,0,1,,No,0,
17bec16d-a9ce-4b7e-8395-0e4c942eede6,VARROC PLSR PETROL TAP,,PETROL TAP,FLCKPLSR1068,,0.00,208,Inclusive,0,Inclusive,0,9,,No,0,
9464b34a-7d30-49f6-99bc-e26a754ea8c7,VARROC PLS S ONE WAY KIT ,,STARTER ONE WAY KIT ALL,PLSRFOWCG,,0.00,677,Inclusive,0,Inclusive,0,2,,No,0,
138cd468-3b0c-49e1-b7e6-63752aa3e89e,VARROC PLS STRTER RELAY,,STRTER  RELAY  ALL,RELYLAMPBJ26,,0.00,85,Inclusive,0,Inclusive,0,3,,No,0,
2ddf5543-4422-44e5-a3f8-c5ca9b0d8855,VARROC PSN PRO CD DLX HAL PAC SET,,HALF PACKING SET HH,PPROHK02,,0.00,109,Inclusive,0,Inclusive,0,2,,No,0,
6b4d8107-ff92-4f7f-b87d-f28f192b154a,VARROC PSN PRO F P SET,,FULL PACKING SET ALL,GSKTPPROFK02ES,,0.00,207,Inclusive,0,Inclusive,0,2,,No,0,
027c0c4c-6909-43e1-b686-fbdbd9c1555c,VARROC PSN PRO S ONE WAY KIT,,STARTER ONE WAY KIT ALL,STMSPSPR2482G,,0.00,450,Inclusive,0,Inclusive,0,0,,No,0,
032bea06-08bb-4ec8-b6aa-956e71c838fd,VARROC PSN PRP /CD DLX MAG COIL,,MAGNET COIL ASSY HH,MGCPPDPR3131,,0.00,964,Inclusive,0,Inclusive,0,1,,No,0,
72c0f4ef-2058-4721-b801-cc44c5e143c4,VARROC SATR CITY ,,RR UNIT TVS,REGRSTARTV42,,0.00,259,Inclusive,0,Inclusive,0,0,,No,0,
ff5718b3-4094-4fab-9a7c-4fe6a35afa8d,VARROC SHINE CDEI COIL,,CDI HH,CDEISHIN3011,,0.00,1221,Inclusive,0,Inclusive,0,2,,No,0,
b3761f08-a730-409b-bcaf-d4e61165b35f,VARROC SHINE F P  SET,,FULL PACKING SET ALL,GSKTSHINFK43,,0.00,173,Inclusive,0,Inclusive,0,2,,No,0,
c9828318-9848-43b6-87a9-7a957b82b364,VARROC SHINE HANDLE BAR,,HANDLE BAR,HLBRSHINHH31,,0.00,400,Inclusive,0,Inclusive,0,4,,No,0,
b55f1353-9e35-4051-ae71-0805263e7bf0,VARROC SHINE MAG. COIL,,MAGNET COIL ASSY HH,MGCPSHIN3910,,0.00,1007,Inclusive,0,Inclusive,0,2,,No,0,
cdb32924-c799-470a-b624-a63b317ab927,VARROC SHINE NEW MAG. COIL,,MAGNET COIL ASSY HH,MGCPSHIN3162,,0.00,761,Inclusive,0,Inclusive,0,2,,No,0,
529cb835-2ec0-4830-9cdf-7900a984c6a6,VARROC SHINE STRTER RELAY,,STRTER  RELAY  ALL,848830501598,,0.00,200,Inclusive,0,Inclusive,0,1,,No,0,
d82e9e72-8904-4fdf-b8a6-035f762cb224,VARROC SHINE UNICON RR UNIT,,RR UNIT HH,RGERATVA31M1,,0.00,699,Inclusive,0,Inclusive,0,2,,No,0,
3e87e9c5-790c-4b3e-8fd3-bd6f14ebefb2,VARROC SPL 2 HOLE MAG COIL,,MAGNET COIL ASSY HH,MGCPSPLDOM2H,,0.00,981,Inclusive,0,Inclusive,0,3,,No,0,
39dee048-e6ba-492a-9fec-41a8cfbdf4a8,VARROC SPL 4 HOLE MAG. COIL,,MAGNET COIL ASSY HH,MGCPSPLDNM4H,,0.00,1053,Inclusive,0,Inclusive,0,3,,No,0,
6e14b316-5768-4417-8ebe-66ee744df86d,VARROC SPL FULL PACK SET,,FULL PACKING SET ALL,GSKTSPLNFK01,,0.00,188,Inclusive,0,Inclusive,0,10,,No,0,
75f5e5b5-ae91-4f12-a789-d87602b691c9,VARROC SPL HANDLE BAR,,HANDLE BAR,HLBRPPLSHH21,,0.00,393,Inclusive,0,Inclusive,0,4,,No,0,
d859abd6-89cb-41d6-bc49-3d4793c1c692,VARROC SPL HT COIL,,H.T.COIL ALL,ICOLSPDRHH16,,0.00,264,Inclusive,0,Inclusive,0,4,,No,0,
b5a40df1-9ca8-40d5-abfe-b458cee03a3a,VARROC SPL/PSN CDI,,CDI HH,CDISPPAHH14,,0.00,238,Inclusive,0,Inclusive,0,5,,No,0,
fe70f703-6d0d-412d-95af-748dd0afcbaa,VARROC SPL/PSN CLUTCH PACKING,,CLUTCH PACKING ALL,GSKTSPLNCCC01,,0.00,30,Inclusive,0,Inclusive,0,37,,No,0,
c893ac83-d318-4143-a11a-77fde6f0f37f,VARROC SPL P. TAP,,PETROL TAP,FLCKSPDR5001,,0.00,153,Inclusive,0,Inclusive,0,5,,No,0,
a6b1a99b-fd23-40f2-98e4-048212054460,VARROC SPL RR UNIT ,,RR UNIT HH,RGERSUSPHH33,,0.00,347,Inclusive,0,Inclusive,0,0,,No,0,
0ba367f9-41de-450b-a176-986f4d99e284,VARROC SPL RR UNIT ,,RR UNIT HH,REGRSPPLHH24,,0.00,216,Inclusive,0,Inclusive,0,4,,No,0,
f168b380-df7b-44bb-b3ef-3cf0f31e0fd6,VARROC SPL SELF MAG. COIL,,MAGNET COIL ASSY HH,MGCPPSPR3131,,0.00,964,Inclusive,0,Inclusive,0,1,,No,0,
1b2c6cc4-22ff-4020-b172-108c60371081,VARROC S SPL STARTER RELAY,,STRTER  RELAY  ALL,RELYSPLDHH39,,0.00,208,Inclusive,0,Inclusive,0,5,,No,0,
f9d1e351-bd76-44a3-a881-8b1df97029c8,VARROC STAR+110 BS6 MAGNET PACKING,,MAGNET PACKING ALL,GSKT SC1P6MCH3,,0.00,25,Inclusive,0,Inclusive,0,33,,No,0,
26d834f4-a4aa-4dc5-839c-c3391db98f85,VARROC STAR110 F P SET,,FULL PACKING SET ALL,GSKTS100FK54,,0.00,185,Inclusive,0,Inclusive,0,6,,No,0,
f85788c7-1c45-472a-b484-a36de6c71390,VARROC STAR CITY 4 WR ,,IGNITION SWITCH TVS,SCTYKT99,,0.00,369,Inclusive,0,Inclusive,0,2,,No,0,
77400bf1-36d9-4801-92dc-b0a517aa43aa,VARROC STAR CITY + BS6 HALF PACKING SET,,HALF PACKING SET TVS,GSKTSCPB6HKH4,,0.00,48,Inclusive,0,Inclusive,0,3,,No,0,
dfc36545-984c-42fa-8a82-3fe8ef4f8bce,VARROC STAR CITY CVTI 110CC CDI,,CDI TVS,CDEITVSCN830,,0.00,1028,Inclusive,0,Inclusive,0,2,,No,0,
6321883f-3392-4c9d-ae9f-c48fa44d2578,VARROC STAR CITY HANDLE BAR,,HANDLE BAR,HLBRSTRCTV24,,0.00,303,Inclusive,0,Inclusive,0,4,,No,0,
b80c5c55-5acf-4bbc-a9b5-77bf16e93646,VARROC STAR CITY HT COIL,,H.T.COIL ALL,ICOLSTRCT435,,0.00,425,Inclusive,0,Inclusive,0,5,,No,0,
1e735bb0-2d57-4af4-aad2-62bb79a1e95e,VARROC STAR CITY HT COIL ,,H.T.COIL ALL,ICDITVSTTV69,,0.00,432,Inclusive,0,Inclusive,0,3,,No,0,
dba80e78-e946-417a-9aaa-20a4ddf04d6e,VARROC STAR CITY NEW/ VICTOR MOTOR,,STARTER MOTOR,STMRWEGOK200,,0.00,1892,Inclusive,0,Inclusive,0,2,,No,0,
78571de5-2193-48d8-b4da-7d408a6c4da5,VARROC STARCITY OLD HT COIL,,H.T.COIL ALL,ICOLSTRCT431,,0.00,296,Inclusive,0,Inclusive,0,4,,No,0,
1935e92f-471f-48d2-b2c1-103f2ca0c6ed,VARROC STAR CITY PLS 110 CDI,,CDI TVS,TCCITVSCNA10,,0.00,1019,Inclusive,0,Inclusive,0,1,,No,0,
bd8f9d67-a3c5-421a-9698-ca81cc07158c,VARROC STAR CITY STRTER RELAY ,,STRTER  RELAY  ALL,RELYSTARN520,,0.00,449,Inclusive,0,Inclusive,0,0,,No,0,
222f2484-744e-4519-8a54-3bc1721d4c8b,VARROC STAR DLX CDI,,CDI TVS,ICDITVSSTTV69,,0.00,432,Inclusive,0,Inclusive,0,0,,No,0,
d8ad0b50-7ae1-4c7a-b84b-76cc06dbf472,VARROC STAR KS 4 WR ,,IGNITION SWITCH TVS,STARSW98,,0.00,369,Inclusive,0,Inclusive,0,3,,No,0,
4f9c311d-12f0-400b-8298-d18108f57957,VARROC STAR KS MAG. COIL,,MAGNET COIL ASSY TVS,MGCPTVSCN880,,0.00,745,Inclusive,0,Inclusive,0,1,,No,0,
f2032ab7-22ab-44c7-ab5e-083c792f76c5,VARROC STAR O/M HALF PACKING SET,,HALF PACKING SET TVS,GSKTCITYHK53,,0.00,65,Inclusive,0,Inclusive,0,3,,No,0,
da97fdd4-a15c-4713-b3d6-ecaf60444cdb,VARROC SUPER SPL FULL PACK SET,,FULL PACKING SET ALL,GSKTSUSPFK03,,0.00,149,Inclusive,0,Inclusive,0,1,,No,0,
d82f94a6-2b8e-4c39-8413-0ed96838771b,VARROC SUPER SPL HANDLE BAR,,HANDLE BAR,HLBRSSPLHH29,,0.00,389,Inclusive,0,Inclusive,0,8,,No,0,
47d9bbdb-f21b-4df0-9a8f-d83239b3d546,VARROC SUPER XL HALF PACKING SET,,HALF PACKING SET MOPED,GSKTSUXLHK57,,0.00,42,Inclusive,0,Inclusive,0,2,,No,0,
29ada8cb-03dc-4984-aada-2ff053e12297,VARROC UNICORN CDI,,CDI HH,CDEIUNICHM79,,0.00,1483,Inclusive,0,Inclusive,0,1,,No,0,
a6b67ae1-75aa-47de-b71f-aa0b75371596,VARROC UNICORN HAL PAC SET,,HALF PACKING SET HH,UNICHK44,,0.00,73,Inclusive,0,Inclusive,0,5,,No,0,
f37c42e9-435d-43e8-8ed3-6242f2a279be,VARROC UNIVARSAL RR,,RR UNIT HH,REGRSUSP33HD,,0.00,492,Inclusive,0,Inclusive,0,6,,No,0,
f205a689-a404-4235-a721-984a3bd7fc32,VARROC VCTR GL RR UNIT ,,RR UNIT TVS,REGRVCTRTV43,,0.00,268,Inclusive,0,Inclusive,0,2,,No,0,
06067a1f-7f49-4495-bb1d-6b331062b39a,VARROC VCTR RR UNIT,,RR UNIT TVS,REGRTVSVTV38,,0.00,301,Inclusive,0,Inclusive,0,3,,No,0,
43b451b8-a66c-482c-8b87-867ebe75f4c8,VARROC VICTOR GL RR,,RR UNIT TVS,REGRTVSFTV39,,0.00,323,Inclusive,0,Inclusive,0,4,,No,0,
3a325019-1086-4dd7-9549-041e073714e5,VARROC WIGO/JUPITOR HT COIL ,,H.T.COIL ALL,ICOLWEGOTV15,,0.00,349,Inclusive,0,Inclusive,0,2,,No,0,
833d30c5-59c3-450f-b0a6-15bbf0e6c4b9,VARROC XCD 125 MAG. COIL,,MAGNET COIL ASSY BAJAJ,MGCPXCEDJA12,,0.00,705,Inclusive,0,Inclusive,0,1,,No,0,
afd097f0-d234-4c38-a43a-02f06bd4939f,VARROC XCED 125 RR UNIT ,,RR UNIT BAJAJ,REGRXCEDJBO1,,0.00,586,Inclusive,0,Inclusive,0,1,,No,0,
f88a424a-3ca9-4dd3-b057-5b7cba4facf6,VARROC XCED 125 STARTER ONE WAY KIT ,,STARTER ONE WAY KIT ALL,STMSXCEDJA14G,,0.00,638,Inclusive,0,Inclusive,0,2,,No,0,
92ac9e10-b66d-4ba8-8599-ed56b81b6fa9,VARROC XL100BS3/BS4 HT COIL ,,H.T.COIL ALL,ICDIXL10P620,,0.00,921,Inclusive,0,Inclusive,0,1,,No,0,
de7f7157-729c-4d28-afd7-cdc26fb5af8e,VARROC XL 100BS3 BS4 RR UNIT ,,RR UNIT TVS,REGRXL10P630,,0.00,419,Inclusive,0,Inclusive,0,4,,No,0,
0cc6272b-52d9-44c4-bf84-9b59a5b44d74,VARROC XL SUPER HT COIL ,,H.T.COIL ALL,ICDITVSXTV71,,0.00,323,Inclusive,0,Inclusive,0,3,,No,0,
7c2fe045-195f-403b-98b3-28ccb7b91c4f,VARRO PLN CDI COIL,,CDI COIL BAJAJ,CDEIPLTNDZ02,,0.00,491,Inclusive,0,Inclusive,0,1,,No,0,
8fe62571-a933-4a8c-a4b0-3a05638d5f01,VENDER CT100 H L ASSY,,HEAD LIGHT BAJAJ,990020736067,,0.00,690,Inclusive,0,Inclusive,0,1,,No,0,
2c92aac1-4cf5-4359-b316-575e574b027b,VEVO PSN BS6 WHITE,,INDICATOR HH,VEVO512,,0.00,135,Inclusive,0,Inclusive,0,4,,No,0,
2fc160bc-f337-40b1-9036-2824df1d97bd,VHPL ACTIVA METER GLASS,,METER CASE ALL,ACT043A,,0.00,78,Inclusive,0,Inclusive,0,2,,No,0,
95f392bc-78f1-4850-a7df-e7008e51d779,VICTOR MAG PAC,,MAGNET PACKING ALL,715755010103,,0.00,22,Inclusive,0,Inclusive,0,9,,No,0,
63ca94fd-d52e-4086-999c-89ab81b29dfe,VICTORY SUZUKI MAX 100 HAL PAC SET,,HALF PACKING SET TVS,VGB926C,,0.00,56,Inclusive,0,Inclusive,0,1,,No,0,
bcf16d6f-dd6c-4cce-80de-5b347220c44e,VISOR CB SHINE BS6 BK/RED ,,VISOR HH,SV0570A,,0.00,1260,Inclusive,0,Inclusive,0,4,,No,0,
a5b42bd6-84fe-4a9c-b307-7580708dd368,VNG PSN X PRO INDI.,,INDICATOR HH,VNG512,,0.00,190,Inclusive,0,Inclusive,0,2,,No,0,
f6559744-926d-41e8-9e73-07da2dc37af3,VOLGA CT100 BLK/RED ,,VISOR BAJAJ,481432859603,,0.00,420,Inclusive,0,Inclusive,0,1,,No,0,
7977144d-ebd5-4fc6-acf5-33e487b75ea4,VOLG HF DLX BLK/VOILET TP,,TAIL PANEL HH,500123666027,,0.00,510,Inclusive,0,Inclusive,0,1,,No,0,
ce550686-ba10-4fde-b208-5d9ac6944d55,V PLUS CENTRA BRAKE PADEL,,BRAKE PEDAL ALL,579474869669,,0.00,391,Inclusive,0,Inclusive,0,2,,No,0,
83c23291-7014-4eb9-b1ae-04db568514be,V PLUS STAR S STAND,,SIDE STAND TVS/HH/MOPED,821946520175,,0.00,168,Inclusive,0,Inclusive,0,1,,No,0,
797a66a0-6fa2-44ec-af69-13f34e32a824,VROC  HF DLX S ONE WAY KIT,,STARTER ONE WAY KIT ALL,STMSPSPR2842G,,0.00,515,Inclusive,0,Inclusive,0,4,,No,0,
a3bf5dfc-fa93-4146-9101-74389cb5b54c,V+V SHINE MAIN STAND ,,MAIN STAND ALL,430769336290,,0.00,525,Inclusive,0,Inclusive,0,0,,No,0,
48a63e85-8c20-44c6-8539-b0bad96e5c66,V+V STAR MAIN STAND ,,MAIN STAND ALL,13306715370,,0.00,525,Inclusive,0,Inclusive,0,2,,No,0,
f4e51ba5-bd9c-41b4-82d8-d909283ee12a,WEGO /JUPITER STRTER RELAY ,,STRTER  RELAY  ALL,227947794976,,0.00,277,Inclusive,0,Inclusive,0,2,,No,0,
ea0060e8-5fb3-4247-b0a7-dcfdb3322ff7,WELFAR SPL VALVE SEAL,,VALVE/VALVE SEAL HH,490818644520,,0.00,60,Inclusive,0,Inclusive,0,0,,No,0,
7528f15a-dc73-437f-bcc1-06c5c42cb336,WELLFAR 4S BOXER BLOCK PISTON,,BLOCK PISTON,4S,,0.00,2230,Inclusive,0,Inclusive,0,0,1.0,No,0,
34a58f68-6171-42d5-bf27-237b434fd2ef,WELLFAR 4S ST CO SET,,STEERING CONE SET,746481037825,,0.00,280,Inclusive,0,Inclusive,0,6,,No,0,
58f9b0b1-ec96-4e5c-9e91-49461b4c12f4,WELLFAR 6004 BEARING,,BEARING,WEL6004,,0.00,140,Inclusive,0,Inclusive,0,0,,No,0,
76370ae1-9dc3-427a-a7a1-fd50e2333064,WELLFAR 6201 BEARING,,BEARING,WEL6201,,0.00,95,Inclusive,0,Inclusive,0,3,,No,0,
02ebb3a1-e299-4b12-859e-04ce3f2eb4a9,WELLFAR ACCESS CAM SHAFT,,CAMSHAFT ROCKER,99534794015,,0.00,750,Inclusive,0,Inclusive,0,1,,No,0,
a9315df2-1d00-4d57-b1f2-f62bfa0b08af,WELLFAR ACTIVA 110 BLOCK PISTON,,BLOCK PISTON,ACTIVA110,,0.00,2310,Inclusive,1400,Inclusive,0,1,,No,0,
cd905779-d779-441d-9584-03c7fbf41695,WELLFAR ACTIVA110 BLOCK PISTON,,BLOCK PISTON,WELACT110,,0.00,2310,Inclusive,1400,Inclusive,0,2,,No,0,
2ee5ee41-f51c-4a4c-a0ab-ec8fc9d2db17, WELLFAR ACTIVA 110 CAM SHAFT ,,CAMSHAFT ROCKER,277811722105,,0.00,750,Inclusive,0,Inclusive,0,0,,No,0,
c638c38d-00af-488e-8caf-7896555a15fc,WELLFAR ACTIVA 110 VALVE,,VALVE/VALVE SEAL HH,21317081447,,0.00,295,Inclusive,0,Inclusive,0,2,,No,0,
996b05d8-3426-4f97-91df-08581249b9f3,WELLFAR ACTIVA OLD VALVE,,VALVE/VALVE SEAL HH,16825803330,,0.00,340,Inclusive,0,Inclusive,0,2,,No,0,
989a381e-e9d3-4e39-93f5-b28202b06cd3,WELLFAR BEARING 6301,,BEARING,434436164045,,0.00,110,Inclusive,50,Inclusive,0,8,,No,0,
07fba7cd-6d19-453c-ad51-f343b47466a5,WELLFAR CD100 CAM SHAFT ,,CAMSHAFT ROCKER,251826403634,,0.00,750,Inclusive,0,Inclusive,0,2,,No,0,
df0c93e2-2abe-45ed-9ef8-8f3c3651d42f,WELLFAR CT100 PLN BLOCK PISTON,,BLOCK PISTON,CT100,,0.00,2050,Inclusive,0,Inclusive,0,2,1.0,No,0,
c6794e5b-71bc-42fc-9510-a1646c8f4955,WELLFAR DIS 100 BLOCK PISTON,,BLOCK PISTON,DIS 100,,0.00,2040,Inclusive,1300,Inclusive,0,5,1.0,No,0,
dec70cae-935d-4494-b083-f6ca5c74b989,WELLFAR  DIS 100 VALVE KIT ,,VALVE KIT BAJAJ,194192154993,,0.00,295,Inclusive,0,Inclusive,0,3,,No,0,
1570d8bf-ec32-43b7-87b8-262cd740300a,WELLFAR DIS 100 XCD TIMING CHAIN ,,TIMING CHAIN BAJAJ,852127186000,,0.00,165,Inclusive,0,Inclusive,0,1,,No,0,
8b1bfce4-a48a-4b3b-b5d5-ddc150e3ba5d,WELLFAR  DREAM CAM SHAFT,,CAMSHAFT ROCKER,380215628442,,0.00,730,Inclusive,0,Inclusive,0,1,,No,0,
a35c02e1-6c5f-4400-9ff5-9b1a319b51db,WELLFARE 6203 BEARING,,BEARING,779118446844,,0.00,150,Inclusive,0,Inclusive,0,7,,No,0,
2cac6ecc-5fa2-4a8e-b050-612a69c7c8c8,WELLFARE ACTIVA 110 HET VALVE,,VALVE/VALVE SEAL HH,411328635497,,0.00,298,Inclusive,0,Inclusive,0,2,,No,0,
21fc3c6e-c855-4b55-b6e4-454c46096e28,WELLFARE ACTIVA/PLEASURE BLOCK PISTON,,BLOCK PISTON,WELPLE,,0.00,2310,Inclusive,1400,Inclusive,0,1,,No,0,
3a9a28d4-56f9-4396-b891-644e6a77184b,WELLFARE SHINE TIMING CHAIN,,TIMING CHAIN HH,388165326388,,0.00,190,Inclusive,0,Inclusive,0,4,,No,0,
13202ec6-eb11-4938-bf2e-55d93983ed1b,WELLFARE SPL OIL PUMP GEAR,,ROLLER HH,270719383095,,0.00,95,Inclusive,0,Inclusive,0,9,,No,0,
f8fe6651-fb12-4466-bd1a-a27992808bde,WELLFARE SPL SMALL ROLLER,,ROLLER HH,520712595111,,0.00,65,Inclusive,0,Inclusive,0,20,,No,0,
5cf0e96c-c795-4a5f-b7d8-88109741444a,WELLFARE SPL TIMING CHAIN,,TIMING CHAIN HH,465976768010,,0.00,135,Inclusive,0,Inclusive,0,5,,No,0,
94438444-fd6a-4daa-b161-22fb2481f208,WELLFAR PASSION PRO CAM SHAFT,,CAMSHAFT ROCKER,512115837241,,0.00,695,Inclusive,0,Inclusive,0,2,,No,0,
55a49f45-01da-4169-b559-c0ca7571fa02,WELLFAR PLN 100 ES BLOCK PISTON,,BLOCK PISTON,PLN ES,,0.00,2230,Inclusive,0,Inclusive,0,2,1.0,No,0,
8210bac0-1e7f-4d66-a0c0-0ee0206b7054,WELLFAR PLN 4.S VALVE KIT ,,VALVE KIT BAJAJ,456327338882,,0.00,280,Inclusive,0,Inclusive,0,2,,No,0,
dbf695cd-d6bd-424f-bcdb-e2cabd0bd3c3,WELLFAR PLN CT100 4.S TIMING CHAIN ,,TIMING CHAIN BAJAJ,426902138266,,0.00,150,Inclusive,0,Inclusive,0,9,,No,0,
46594d15-86d4-4448-bb21-6a7b4c187824,WELLFAR  PLN ES VALVE SET,,,143063640894,,0.00,325,Inclusive,0,Inclusive,0,5,,No,0,
31c8205f-2f41-42bb-9f6e-ef8dda23a49b,WELLFAR PLN VALVE SEAL ,,VALVE KIT BAJAJ,353559548281,,0.00,70,Inclusive,0,Inclusive,0,0,,No,0,
bc36f99d-4ff3-4fe9-8ded-63498b1b3716,WELLFAR PSN X PRO/DREAM BLOCK PISTON,,BLOCK PISTON,875805915785,,0.00,2325,Inclusive,0,Inclusive,0,0,,No,0,
e56d457b-3aca-4538-a459-4766785d927d,WELLFAR SHINE/STUNNER BLOCK PISTON,,BLOCK PISTON,WELSHINE,,0.00,0,Inclusive,0,Inclusive,0,1,,No,0,
8ddc3c5d-d555-49cb-8d3b-6f94088d97c0,WELLFAR SPL BIG ROLLER ,,ROLLER HH,117981500151,,0.00,80,Inclusive,0,Inclusive,0,15,,No,0,
88796317-ed80-4026-bd48-0e88d684af62,WELLFAR SPL HALF TIMING KIT,,TIMING KIT HH,624504649376,,0.00,380,Inclusive,0,Inclusive,0,6,,No,0,
5c02de26-c72b-4910-98e9-f874288f245b,"WELLFAR SPL, PSN BLOCK PISTON",,BLOCK PISTON,"SPL,PSN",,0.00,1980,Inclusive,0,Inclusive,0,1,1.0,No,0,
caa83484-f2f4-4959-ac26-f9cce2867c05,WELLFAR SPL ROCKER SET,,CAMSHAFT ROCKER,460788487764,,0.00,330,Inclusive,0,Inclusive,0,0,,No,0,
fae43627-9f8f-462e-b4d8-c86316e7544c,WELLFAR SPL STEER CONE SET,,STEERING CONE SET,77322683379,,0.00,290,Inclusive,0,Inclusive,0,5,,No,0,
f8a6d2e5-7e08-4350-9122-c074ec96f69d, WELLFAR SPL TIMIG KIT,,TIMING KIT HH,256887834779,,0.00,460,Inclusive,0,Inclusive,0,3,,No,0,
33b95f34-157a-4601-bea2-47d8f90b9c88,WELLFAR SPL VALVE ,,VALVE/VALVE SEAL HH,133893146594,,0.00,285,Inclusive,0,Inclusive,0,9,,No,0,
e1077083-d026-4e4a-88f0-488e45eef539,WELLFAR STAR CITY BLOCK PISTON,,BLOCK PISTON,STAR KS,,0.00,2250,Inclusive,0,Inclusive,0,3,1.0,No,0,
cba42f0e-6a9b-4a5d-b16c-7da13b99fce3,WELLFAR STAR CITY VALVE SET ,,TVS ALL ENGINE SPARE,321802001893,,0.00,295,Inclusive,0,Inclusive,0,2,,No,0,
a68d0015-9343-4a19-ba15-db0801f0c1bb,WELLFAR STAR SELF BLOCK PISTON,,BLOCK PISTON,STAR,,0.00,2250,Inclusive,0,Inclusive,0,2,1.0,No,0,
ed93a3a6-4afe-4fab-97bf-638067afa5b2,WELLFAR SUPER SPL STEER CONE SET,,STEERING CONE SET,317229623186,,0.00,295,Inclusive,0,Inclusive,0,3,,No,0,
c94f8b43-9d5f-43f1-823c-cdadc9e9f5c5,WELLFAR  UNICORN BLOCK PISTON ,,BLOCK PISTON,79340413782,,0.00,3050,Inclusive,0,Inclusive,0,1,,No,0,
83c5b0f0-a665-4b63-a88c-50ecce1dac81,WELLFAR UNICORN CAM SHAFT,,CAMSHAFT ROCKER,62599276022,,0.00,850,Inclusive,0,Inclusive,0,2,,No,0,
fe1b7f2c-9831-4a35-9256-4fca52948325,WELLFAR UNIORN/SHINE ROCKER SET,,CAMSHAFT ROCKER,226402012435,,0.00,645,Inclusive,0,Inclusive,0,1,,No,0,
52993937-0259-4d5b-a826-f630a7cbab75,WELLFAR VICTOR GL BLOCK PISTON ,,BLOCK PISTON,604572463967,,0.00,2395,Inclusive,0,Inclusive,0,1,,No,0,
f375e465-e0b3-4211-8f07-d7523bb9cf3e,WELLFAR XL100 BLOCK PISTON ,,BLOCK PISTON,205565397474,,0.00,2325,Inclusive,0,Inclusive,0,1,,No,0,
5a7fb307-b8f4-4dfa-a9d8-ebcca5dafc14,WELLFAR XL SUPER BLOCK PISTON,,BLOCK PISTON,XL SUPER,,0.00,1980,Inclusive,0,Inclusive,0,1,1.0,No,0,
ac9c5663-c6c0-42a1-a985-29757670fb55,WIN ACCESS VALAE SEAL ,,VALVE/VALVE SEAL HH,238716343668,,0.00,205,Inclusive,0,Inclusive,0,1,,No,0,
2218483d-867d-4b9d-ab88-864c4694ed74,X 10 CB SHINE PVC CHAIN COVER,,CHAIN COVER PVC,X1200,,0.00,480,Inclusive,0,Inclusive,0,3,,No,0,
341527a0-396c-495a-87c4-e0cfc17cf296,X10 CT100 BLK PVC CHAIN COVER,,CHAIN COVER PVC,X1304,,0.00,400,Inclusive,0,Inclusive,0,1,,No,0,
dc81c7e3-906e-43c1-ab67-5e74900bcc61,X10 CT100 SILVER PVC CHAIN COVER,,CHAIN COVER PVC,X1305,,0.00,460,Inclusive,0,Inclusive,0,0,,No,0,
e4775e3d-33ef-4348-a345-5cadf307076a,X10 DIS CHAIN COVER PVC,,CHAIN COVER PVC,X1302,,0.00,430,Inclusive,0,Inclusive,0,4,,No,0,
116c0ef2-857e-4d27-9ffa-ff9e2acf6efb,X10 PLN BLK PVC CHAIN COVER,,CHAIN COVER PVC,X1300,,0.00,440,Inclusive,0,Inclusive,0,1,,No,0,
5dcd302d-2f49-484d-8b2d-62600f0b0d3a,X10 PLN BLK PVC CHAIN COVER,,CHAIN COVER PVC,X1301,,0.00,500,Inclusive,0,Inclusive,0,2,,No,0,
bc06c2bb-88c2-4c06-9b0d-d0976a0b5d31,X10 PLN ES BLK PVC CHAIN COVER,,CHAIN COVER PVC,X1306,,0.00,520,Inclusive,0,Inclusive,0,2,,No,0,
74fa139d-c1e2-4668-b706-1be01bfb310d,XCD C C PAK,,CLUTCH PACKING ALL,803937529392,,0.00,40,Inclusive,0,Inclusive,0,9,,No,0,
cc4c5c8e-3f82-4e04-8301-395184ac49da,XL 100 C C PAK,,CLUTCH PACKING ALL,889174392019,,0.00,35,Inclusive,0,Inclusive,0,6,,No,0,
995433d3-9a79-4e24-83c9-04a37643db0e,XL-100 COIL PLATE,,,943934684712,,0.00,960,Inclusive,0,Inclusive,0,1,,No,0,
a656bf2c-3823-4645-b10d-8059d15bf277,XL 100 FOOTRACE BAR,,FOOTRACE ALL,920083828205,,0.00,700,Inclusive,0,Inclusive,0,1,,No,0,
b958a864-2d0c-4d51-9cc1-86800e44490e,XL SUPER CHAIN SPOCKET,,CHAIN SPROCKET TVS,CSBKITF43BPS2,,0.00,733,Inclusive,0,Inclusive,0,1,,No,0,
54b6f5cf-0c22-42d5-bcc1-243dd87869d9,XL SUPER SIDE STAND ,,SIDE STAND TVS/HH/MOPED,898094462172,,0.00,130,Inclusive,0,Inclusive,0,4,,No,0,
6b4b6701-1fc6-4a4e-84cd-ad81ecee01d2,YAMAHA CRUX REAR STEEL MUD,,STEEL MUDGUARD,469686765071,,0.00,565,Inclusive,0,Inclusive,0,1,,No,0,
9b6dc33f-450b-4207-b326-2ec83feee24e,YAMAHA CRUX YBR MAG PAK,,MAGNET PACKING ALL,603770673110,,0.00,30,Inclusive,0,Inclusive,0,7,,No,0,
8ed6790f-ee31-4750-8a6f-d303d16af8f2,YAMAHA YBR S ONE WAY KIT,,STARTER ONE WAY KIT ALL,5TSE558000,,0.00,800,Inclusive,0,Inclusive,0,2,,No,0,
9a5cdcb1-e2ae-4ec4-917c-73513f8a6c5a,YAMAHA YBR STRTER RELAY ,,STRTER  RELAY  ALL,21CH195120,,0.00,105,Inclusive,0,Inclusive,0,1,,No,0,
65d74a53-788e-43b0-9b31-1a17ae4ed192,YANGO ACTIVA OLD LH,,MIRROR MOPED,9314L,,0.00,135,Inclusive,0,Inclusive,0,1,,No,0,
410b6ce2-d01c-4f27-aff9-f6c033385c3b,YANGO ACTIVA OLD RH ,,MIRROR MOPED,9314R,,0.00,135,Inclusive,0,Inclusive,0,5,,No,0,
48fee82f-a855-43c5-8461-d05535dea3d0,YANGO CT100 LH RED,,INDICATOR BAJAJ,9006EL,,0.00,107.5,Inclusive,0,Inclusive,0,5,,No,0,
f81c94d0-bd07-447a-9cc9-4daaa577ad3f,YANGO CT100 RH ,,INDICATOR BAJAJ,9006ER,,0.00,107.5,Inclusive,0,Inclusive,0,8,,No,0,
e7d8a600-f09f-4a85-b5e1-0a03b0ff4791,YANGO DIS FRONT RH,,INDICATOR BAJAJ,9006KR,,0.00,155,Inclusive,0,Inclusive,0,7,,No,0,
f45270b6-49cc-4e32-9733-fe2c2d7b689f,YANGO DIS WHITE FRONT LH,,INDICATOR BAJAJ,9006KL,,0.00,155,Inclusive,0,Inclusive,0,3,,No,0,
66274b91-fe8b-4718-8c5f-2bf1c0798133,YANGO DREAM YUGA LH,,INDICATOR HH,9040CL,,0.00,145,Inclusive,0,Inclusive,0,2,,No,0,
9bba71d1-a591-4356-a3fc-7660fffaa921,YANGO DREAM YUGA RH ,,INDICATOR HH,9040CR,,0.00,145,Inclusive,0,Inclusive,0,2,,No,0,
93180d2f-e68f-4c76-9895-76c3615e3429,YANGO FZ WHITE,,INDICATOR HH,9036GU,,0.00,115,Inclusive,0,Inclusive,0,6,,No,0,
a2c66cca-4d57-4e17-a22c-d8a32df36c68,YANGO GLAMOUR HF DLX FRONT,,INDICATOR HH,9003FWF,,0.00,127.5,Inclusive,0,Inclusive,0,13,,No,0,
688cc2b5-d60a-41d3-830d-c4b3afc06bc3,YANGO GLAMOUR REAR WHITE,,INDICATOR HH,9003FWR,,0.00,127.5,Inclusive,0,Inclusive,0,39,,No,0,
70313a5a-f353-4389-b375-ab11eb0aa616,YANGO INDICATOR SHINE,,,9040BU,,0.00,142,Inclusive,0,Inclusive,0,11,,No,0,
87415b88-e984-41c9-9ff3-7b45cb235d69,YANGO KRYSTAL WHITE INDICATOR,,INDICATOR HH,9041E,,0.00,125,Inclusive,0,Inclusive,0,2,,No,0,
7f9957bf-a842-4f7c-82aa-37255f0a1547,YANGO KTM,,INDICATOR HH,9041B,,0.00,160,Inclusive,0,Inclusive,0,6,,No,0,
d898ebcc-8442-49b1-991c-f3844d2978cc,YANGO KTM WHITE,,INDICATOR HH,9041,,0.00,232,Inclusive,0,Inclusive,0,2,,No,0,
35a86877-008e-4fa2-9718-893634dcd0a0,YANGO PLN RED IND.,,INDICATOR BAJAJ,9006G,,0.00,115,Inclusive,0,Inclusive,0,35,,No,0,
6a6257e4-07f0-412c-bf3b-e0eaadbb092d,YANGO PLN WHITE IND.,,INDICATOR BAJAJ,9006H,,0.00,115,Inclusive,0,Inclusive,0,39,,No,0,
d0183651-a22f-42a7-87f5-b3c13726e4b2,YANGO PSN PLS RED ,,INDICATOR HH,9031FU,,0.00,115,Inclusive,0,Inclusive,0,8,,No,0,
30eec582-1c2e-4f9d-a674-fc837ff2d93e,YANGO PSN PRO WHITE,,INDICATOR HH,9031FWU,,0.00,115,Inclusive,0,Inclusive,0,10,,No,0,
565d78c6-949c-44cc-b488-0d554cd9579d,YANGO  SHINE EX PRO WHITE,,INDICATOR HH,9031LL,,0.00,152.5,Inclusive,0,Inclusive,0,2,,No,0,
eb333238-b4e9-4d5b-9bd4-e960350c31d2,YANGO SHINE WHITE,,INDICATOR HH,9040B,,0.00,135,Inclusive,0,Inclusive,0,8,,No,0,
c85b277a-d53f-4fa4-a8d4-1d3db3bfd8e0,YANGO SPL BS6 LH WHITE,,INDICATOR HH,9003IL,,0.00,120,Inclusive,0,Inclusive,0,2,,No,0,
aad35e38-8656-41ff-87a6-07d98231fe8e,YANGO SPL BS6 RH,,INDICATOR HH,9003IR,,0.00,120,Inclusive,0,Inclusive,0,2,,No,0,
8416e33f-c9c3-4155-afc1-c5d64d3e309c,YANGO SPL LH ,,MIRROR HH,497695213210,,0.00,120,Inclusive,0,Inclusive,0,2,,No,0,
57733761-2c8a-43fd-816f-4ca1f8de3fd8,YANGO SPL PLS RED ,,INDICATOR HH,9003DU,,0.00,115,Inclusive,0,Inclusive,0,21,,No,0,
b30bb21c-5a92-4ee7-ab7f-e0784cf108af,YANGO SPL PRO WHITE,,INDICATOR HH,9003HU,,0.00,115,Inclusive,0,Inclusive,0,21,,No,0,
a107dbe6-7a6a-4949-8c3b-02bfb1f1eb97,YANGO SPORT REAR RED,,INDICATOR TVS,9009IR,,0.00,147,Inclusive,0,Inclusive,0,2,,No,0,
b3ec1be3-fa8f-4e85-ba32-0df9cf5c0108,YANGO STAR CITY DLX FRONT,,INDICATOR TVS,9009FF,,0.00,137.5,Inclusive,0,Inclusive,0,29,,No,0,
e9dbf258-d72c-4a2d-bd38-aef356b6a2dc,YANGO STAR CITY DLX FRONT WHITE,,INDICATOR TVS,9009FWF,,0.00,137,Inclusive,0,Inclusive,0,9,,No,0,
1af22177-5077-461f-a674-9b1e2326ad82,YANGO STAR CITY DLX REAR,,INDICATOR TVS,9009FWR,,0.00,137,Inclusive,0,Inclusive,0,8,,No,0,
dd146d84-c53d-4f93-954d-38192b6ec0df,YANGO STAR CITY DLX REAR RED,,INDICATOR TVS,9009FR,,0.00,137,Inclusive,0,Inclusive,0,9,,No,0,
093296ec-3054-4013-9b35-bf7216874b14,YANGO STAR CITY PLS FRONT ,,INDICATOR TVS,9009JF,,0.00,137,Inclusive,0,Inclusive,0,17,,No,0,
65005aa7-5684-40e0-a68b-f4c14fc42b0b,YANGO STAR CITY PLS REAR,,INDICATOR TVS,9009JR,,0.00,140,Inclusive,0,Inclusive,0,8,,No,0,
c4fbe642-aefd-47f7-8717-a7538addf3f6,YANGO STAR SPORT FR INDICATOR,,INDICATOR TVS,9009IWF,,0.00,148,Inclusive,0,Inclusive,0,10,,No,0,
8608477c-3951-4f0c-9ac1-3b045a4d3d4e,YANGO STAR SPORT  WHITE INDICATOR,,INDICATOR TVS,9009IWR,,0.00,147,Inclusive,0,Inclusive,0,13,,No,0,
ed521037-b59d-4d06-a467-83520aab5f3a,YANGO SUPER XL NEW FRONT RED,,INDICATOR TVS,9023FC,,0.00,95,Inclusive,0,Inclusive,0,6,,No,0,
ee54e740-df51-430f-bb91-cd8c3c66e572,YANGO SUPER XL N/M REAR INDICATOR,,INDICATOR TVS,9023CR,,0.00,100,Inclusive,0,Inclusive,0,6,,No,0,
d93e46a2-7f6b-42b7-a423-33ad7cf32b83,YANGO X PRO RH WHITE,,INDICATOR HH,9031LR,,0.00,152,Inclusive,0,Inclusive,0,2,,No,0,
07c2019d-251d-4814-80ec-14178e7ca6ef,ZEIDOX WEGO STEER CONE SET,,STEERING CONE SET,OCC58A,,0.00,250,Inclusive,0,Inclusive,0,3,,No,0,
e0be4689-e0c5-42ce-8822-b44179468fd5,ZEIDOX WEGO STEERIN CONE SET,,STEERING CONE SET,5055B,,0.00,208,Inclusive,0,Inclusive,0,1,,No,0,
0f1ce728-24ad-47c9-b871-d9d3520980d6,ZEUNOX DREAM YUGA CHAIN COVER,,CHAIN COVER PVC,ZR2753,,0.00,560,Inclusive,0,Inclusive,0,2,,No,0,
df53d8f4-3138-4915-a84f-38c2962d7346,ZISAI ACTIVA FRO COM RH BREAK CABLE,,BREAK CABLE MOPED,805183623082,,0.00,250,Inclusive,0,Inclusive,0,3,,No,0,
c745a68a-1f3c-467a-9743-0a0d823e3cd0,ZISAI  ACTIVA SIDE STAND,,SIDE STAND TVS/HH/MOPED,987525681887,,0.00,165,Inclusive,0,Inclusive,0,1,,No,0,
5f961085-5a9f-4fc7-bc93-0e7a3a714916,ZISAI CD DLX KICK LEVER,,KICK ALL,942911468647,,0.00,380,Inclusive,0,Inclusive,0,1,,No,0,
ca472036-b2cf-4442-a3de-bd4c4d1e29b7,ZISAI  CT 100  HANDLE BAR,,HANDLE BAR,341044105901,,0.00,490,Inclusive,0,Inclusive,0,2,,No,0,
aa1a711a-e261-485a-b116-a60709ee918e,ZISAI GEAR CHANGER PATTI,,GEAR CHANGER PATTI/OIL PUMP ROD/STATIONAR SPRING,39700912065,,0.00,75,Inclusive,0,Inclusive,0,7,,No,0,
c041450e-6921-4cc7-9d94-476a012a6017,ZISAI HH GHODA PATTI ,,GHODA PATTI HH,897973008430,,0.00,50,Inclusive,0,Inclusive,0,2,,No,0,
7778b425-a5d0-4172-a221-63b8edf3e9f6,ZISAI PSN PRO ACC CABLE,,ACC CABLE HH,14434736398,,0.00,100,Inclusive,0,Inclusive,0,0,,No,0,
d48d9511-c3ff-4242-87c2-1649c323175d,ZISAI PSN PRO S ONE WAY GEAR,,STARTER ONE WAY KIT ALL,164394180865,,0.00,450,Inclusive,0,Inclusive,0,2,,No,0,
d95ac618-bb90-4b52-9104-a68b7f200e27,ZISAI PSN PRO S WAY KIT,,STARTER ONE WAY KIT ALL,195439756537,,0.00,595,Inclusive,0,Inclusive,0,1,,No,0,
f1b9835e-a0e6-4324-8248-6ae47f5fe6c1,ZISAI SHINE CLUTCH PLATE,,CLUTCH PLATES HERO,680647214677,,0.00,646,Inclusive,0,Inclusive,0,2,,No,0,
4c796883-a3d7-4b8b-9337-97fb79ba188e,ZISAI SHINE PRESSURE PLATE,,PRESSURE PLATE HH/TVS,574381666005,,0.00,180,Inclusive,0,Inclusive,0,2,,No,0,
34a68f1a-d3a9-4052-be7d-3276653d4c2a,ZISAI SPL CAM SPROCKIT ,,TIMING CHAIN HH,300274150740,,0.00,75,Inclusive,0,Inclusive,0,4,,No,0,
34290413-7ce4-4c8a-bbc8-7e8aa4ed2fdf,ZISAI SPL GEAR LIVER,,GEAR LEVER TVS/HH,111047733902,,0.00,200,Inclusive,0,Inclusive,0,3,,No,0,
493d4534-41c7-4cd3-aae5-9e793d8c419c,ZISAI SPL METER CABLE,,METER CABLE HERO ALL,122580763767,,0.00,110,Inclusive,0,Inclusive,0,1,,No,0,
0e5e7606-20a3-4efe-90b7-66d4238aeaf5,ZISAI SPL OIL PUMP GEAR,,ROLLER HH,92519995813,,0.00,90,Inclusive,0,Inclusive,0,1,,No,0,
5dacc2fd-d4cb-4486-a7cf-e3842a0febb7,ZISAI SUP SPL STRTER RELAY ,,STRTER  RELAY  ALL,376065397176,,0.00,280,Inclusive,0,Inclusive,0,1,,No,0,
285675e8-97d3-45b1-ba3c-f9a7e4b6e3fb,ZISAL SPL VALVE SEAL,,VALVE/VALVE SEAL HH,38016510428,,0.00,80,Inclusive,0,Inclusive,0,1,,No,0,
3d8e374e-750f-4cbe-92d2-92a3d20ac030,ZODIX 4S BXR BRAKE PADEL,,BRAKE PEDAL ALL,3222B,,0.00,295,Inclusive,0,Inclusive,0,2,,No,0,
c11663ce-7d24-4986-8955-d5e24f3075c1,ZODIX CT110 N/M GEAR LEVER,,GEAR LEVER BAJAJ,3304A,,0.00,282,Inclusive,0,Inclusive,0,3,,No,0,
37859be6-d2de-4fd0-bff4-834b2f720b4a,ZODIX DIS112 FOOTRACE ,,FOOTRACE ALL,3177F,,0.00,510,Inclusive,0,Inclusive,0,0,,No,0,
c4b56184-5765-45b5-9758-a0e580222417,ZODIX PLN125/DIS 125 GEAR LEVER,,GEAR LEVER BAJAJ,3304R,,0.00,179,Inclusive,0,Inclusive,0,1,,No,0,
09d94d53-9699-4f61-b596-a6393740003c,ZODIX PLN CT100 GEAR LEVER,,GEAR LEVER BAJAJ,3304G,,0.00,148,Inclusive,0,Inclusive,0,2,,No,0,
7f29288a-7222-44b4-9372-f5213168fd60,ZODIX SHINE BS6 GEAR LIVER,,GEAR LEVER TVS/HH,HON441,,0.00,230,Inclusive,0,Inclusive,0,1,,No,0,
e79025d4-7615-49fa-b6fe-e42a2c876b36,ZODIX STAR CITY FOOTRACE BAR,,FOOTRACE ALL,2644G,,0.00,428,Inclusive,0,Inclusive,0,1,,No,0,
2d1c3cf2-f0f3-4bce-b906-8dd259999c37,ZODIX STAR CITY PLUS 110 FOOTRACE BAR,,FOOTRACE ALL,2644H,,0.00,436,Inclusive,0,Inclusive,0,2,,No,0,
f0b2f1bb-ae14-4087-99aa-528518c3ad87,ZODIX SUPER XL STEER CONE SET,,STEERING CONE SET,ZE5055A,,0.00,208,Inclusive,0,Inclusive,0,9,,No,0,
d289ad27-a109-4bc1-a6dc-666b6eb1fa95,ZODIX VICTOR BRAKE PADEL,,BRAKE PEDAL ALL,2511F,,0.00,266,Inclusive,0,Inclusive,0,2,,No,0,